1775707914954|1|commit|connection 0|url jdbc:p6spy:sqlserver://CFSFPTEST:1433;databaseName=CFSFP;encrypt=true;trustServerCertificate=true;||
1775707914985|1|statement|connection 0|url jdbc:p6spy:sqlserver://CFSFPTEST:1433;databaseName=CFSFP;encrypt=true;trustServerCertificate=true;|select next value for BATCH_JOB_SEQ|select next value for BATCH_JOB_SEQ
1775707915041|4|commit|connection 0|url jdbc:p6spy:sqlserver://CFSFPTEST:1433;databaseName=CFSFP;encrypt=true;trustServerCertificate=true;||
1775707915200|4|commit|connection 0|url jdbc:p6spy:sqlserver://CFSFPTEST:1433;databaseName=CFSFP;encrypt=true;trustServerCertificate=true;||
1775707915228|0|commit|connection 0|url jdbc:p6spy:sqlserver://CFSFPTEST:1433;databaseName=CFSFP;encrypt=true;trustServerCertificate=true;||
1775707915236|0|commit|connection 0|url jdbc:p6spy:sqlserver://CFSFPTEST:1433;databaseName=CFSFP;encrypt=true;trustServerCertificate=true;||
1775707915253|4|commit|connection 0|url jdbc:p6spy:sqlserver://CFSFPTEST:1433;databaseName=CFSFP;encrypt=true;trustServerCertificate=true;||
1775707915274|7|commit|connection 0|url jdbc:p6spy:sqlserver://CFSFPTEST:1433;databaseName=CFSFP;encrypt=true;trustServerCertificate=true;||
1775707915293|4|commit|connection 0|url jdbc:p6spy:sqlserver://CFSFPTEST:1433;databaseName=CFSFP;encrypt=true;trustServerCertificate=true;||
1775707915389|4|commit|connection 0|url jdbc:p6spy:sqlserver://CFSFPTEST:1433;databaseName=CFSFP;encrypt=true;trustServerCertificate=true;||
1775707915401|4|commit|connection 0|url jdbc:p6spy:sqlserver://CFSFPTEST:1433;databaseName=CFSFP;encrypt=true;trustServerCertificate=true;||
1775707915412|3|commit|connection 0|url jdbc:p6spy:sqlserver://CFSFPTEST:1433;databaseName=CFSFP;encrypt=true;trustServerCertificate=true;||
1775707915424|4|commit|connection 0|url jdbc:p6spy:sqlserver://CFSFPTEST:1433;databaseName=CFSFP;encrypt=true;trustServerCertificate=true;||
1775707915433|0|commit|connection 0|url jdbc:p6spy:sqlserver://CFSFPTEST:1433;databaseName=CFSFP;encrypt=true;trustServerCertificate=true;||
1775707915443|0|commit|connection 0|url jdbc:p6spy:sqlserver://CFSFPTEST:1433;databaseName=CFSFP;encrypt=true;trustServerCertificate=true;||
1775707915454|4|commit|connection 0|url jdbc:p6spy:sqlserver://CFSFPTEST:1433;databaseName=CFSFP;encrypt=true;trustServerCertificate=true;||
1775707915481|18|commit|connection 0|url jdbc:p6spy:sqlserver://CFSFPTEST:1433;databaseName=CFSFP;encrypt=true;trustServerCertificate=true;||
1775707915520|4|commit|connection 0|url jdbc:p6spy:sqlserver://CFSFPTEST:1433;databaseName=CFSFP;encrypt=true;trustServerCertificate=true;||
1775707917023|943|statement|connection 1|url jdbc:p6spy:sqlserver://CFSFPTEST:1433;databaseName=CFSFP;encrypt=true;trustServerCertificate=true;|select p1_0.act_user_id,p1_0.act_activity,p1_0.cr_cntrl_date,p1_0.cr_cntrl_nbr,p1_0.cr_refund_type,p1_0.act_activity_date,p1_0.act_timestamp,p1_0.act_xref_nbr,p1_0.act_xref_date,p1_0.act_activity_amt,p1_0.act_working_bal,p2_0.cr_cntrld_amt,p2_0.cr_check_nbr,p2_0.cr_check_amt,p2_0.cr_receipt_type,p2_0.cr_claim_type,p2_0.cr_patient_lname,p2_0.cr_patient_fname,p2_0.cr_remittor_name,p2_0.cr_mbr_id_nbr,p2_0.cr_reason_code,p2_0.cr_gl_acct_nbr,p2_0.cr_corp,p2_0.cr_receipt_bal from p09_activity p1_0,p09_cash_receipt p2_0 where p1_0.cr_cntrl_date=p2_0.cr_cntrl_date and p1_0.cr_cntrl_nbr=p2_0.cr_cntrl_nbr and p1_0.cr_refund_type=p2_0.cr_refund_type and p2_0.cr_corp=? and p1_0.act_daily_ind='Y' and p1_0.act_activity<>'EST' and (p1_0.act_user_id+p1_0.act_activity+format(p1_0.cr_cntrl_date,'yyyy-MM-dd')+p1_0.cr_cntrl_nbr+p1_0.cr_refund_type+format(p1_0.act_activity_date,'yyyy-MM-dd')+format(p1_0.act_timestamp,'yyyy-MM-dd HH:mm:ss.fff'))>? order by p1_0.act_user_id,p1_0.act_activity,p1_0.act_activity_amt,p1_0.cr_cntrl_date,p1_0.cr_cntrl_nbr,p1_0.cr_refund_type,p1_0.act_activity_date,p1_0.act_timestamp,p2_0.cr_corp offset ? rows fetch first ? rows only|select p1_0.act_user_id,p1_0.act_activity,p1_0.cr_cntrl_date,p1_0.cr_cntrl_nbr,p1_0.cr_refund_type,p1_0.act_activity_date,p1_0.act_timestamp,p1_0.act_xref_nbr,p1_0.act_xref_date,p1_0.act_activity_amt,p1_0.act_working_bal,p2_0.cr_cntrld_amt,p2_0.cr_check_nbr,p2_0.cr_check_amt,p2_0.cr_receipt_type,p2_0.cr_claim_type,p2_0.cr_patient_lname,p2_0.cr_patient_fname,p2_0.cr_remittor_name,p2_0.cr_mbr_id_nbr,p2_0.cr_reason_code,p2_0.cr_gl_acct_nbr,p2_0.cr_corp,p2_0.cr_receipt_bal from p09_activity p1_0,p09_cash_receipt p2_0 where p1_0.cr_cntrl_date=p2_0.cr_cntrl_date and p1_0.cr_cntrl_nbr=p2_0.cr_cntrl_nbr and p1_0.cr_refund_type=p2_0.cr_refund_type and p2_0.cr_corp='03' and p1_0.act_daily_ind='Y' and p1_0.act_activity<>'EST' and (p1_0.act_user_id+p1_0.act_activity+format(p1_0.cr_cntrl_date,'yyyy-MM-dd')+p1_0.cr_cntrl_nbr+p1_0.cr_refund_type+format(p1_0.act_activity_date,'yyyy-MM-dd')+format(p1_0.act_timestamp,'yyyy-MM-dd HH:mm:ss.fff'))>'' order by p1_0.act_user_id,p1_0.act_activity,p1_0.act_activity_amt,p1_0.cr_cntrl_date,p1_0.cr_cntrl_nbr,p1_0.cr_refund_type,p1_0.act_activity_date,p1_0.act_timestamp,p2_0.cr_corp offset 0 rows fetch first 100 rows only
1775707917035|1|commit|connection 1|url jdbc:p6spy:sqlserver://CFSFPTEST:1433;databaseName=CFSFP;encrypt=true;trustServerCertificate=true;||
1775707917087|4|commit|connection 0|url jdbc:p6spy:sqlserver://CFSFPTEST:1433;databaseName=CFSFP;encrypt=true;trustServerCertificate=true;||
1775707917114|4|commit|connection 0|url jdbc:p6spy:sqlserver://CFSFPTEST:1433;databaseName=CFSFP;encrypt=true;trustServerCertificate=true;||
1775707917126|4|commit|connection 0|url jdbc:p6spy:sqlserver://CFSFPTEST:1433;databaseName=CFSFP;encrypt=true;trustServerCertificate=true;||
1775707917139|4|commit|connection 1|url jdbc:p6spy:sqlserver://CFSFPTEST:1433;databaseName=CFSFP;encrypt=true;trustServerCertificate=true;||
1775707917151|5|commit|connection 1|url jdbc:p6spy:sqlserver://CFSFPTEST:1433;databaseName=CFSFP;encrypt=true;trustServerCertificate=true;||
1775715314717|1|commit|connection 0|url jdbc:p6spy:sqlserver://CFSFPTEST:1433;databaseName=CFSFP;encrypt=true;trustServerCertificate=true;||
1775715314736|3|statement|connection 0|url jdbc:p6spy:sqlserver://CFSFPTEST:1433;databaseName=CFSFP;encrypt=true;trustServerCertificate=true;|select next value for BATCH_JOB_SEQ|select next value for BATCH_JOB_SEQ
1775715314793|3|commit|connection 0|url jdbc:p6spy:sqlserver://CFSFPTEST:1433;databaseName=CFSFP;encrypt=true;trustServerCertificate=true;||
1775715314899|4|commit|connection 0|url jdbc:p6spy:sqlserver://CFSFPTEST:1433;databaseName=CFSFP;encrypt=true;trustServerCertificate=true;||
1775715314917|0|commit|connection 0|url jdbc:p6spy:sqlserver://CFSFPTEST:1433;databaseName=CFSFP;encrypt=true;trustServerCertificate=true;||
1775715314929|0|commit|connection 0|url jdbc:p6spy:sqlserver://CFSFPTEST:1433;databaseName=CFSFP;encrypt=true;trustServerCertificate=true;||
1775715314945|3|commit|connection 0|url jdbc:p6spy:sqlserver://CFSFPTEST:1433;databaseName=CFSFP;encrypt=true;trustServerCertificate=true;||
1775715314968|3|commit|connection 0|url jdbc:p6spy:sqlserver://CFSFPTEST:1433;databaseName=CFSFP;encrypt=true;trustServerCertificate=true;||
1775715314985|3|commit|connection 0|url jdbc:p6spy:sqlserver://CFSFPTEST:1433;databaseName=CFSFP;encrypt=true;trustServerCertificate=true;||
1775715315061|3|commit|connection 0|url jdbc:p6spy:sqlserver://CFSFPTEST:1433;databaseName=CFSFP;encrypt=true;trustServerCertificate=true;||
1775715315080|4|commit|connection 0|url jdbc:p6spy:sqlserver://CFSFPTEST:1433;databaseName=CFSFP;encrypt=true;trustServerCertificate=true;||
1775715315099|3|commit|connection 0|url jdbc:p6spy:sqlserver://CFSFPTEST:1433;databaseName=CFSFP;encrypt=true;trustServerCertificate=true;||
1775715315110|3|commit|connection 0|url jdbc:p6spy:sqlserver://CFSFPTEST:1433;databaseName=CFSFP;encrypt=true;trustServerCertificate=true;||
1775715315129|0|commit|connection 0|url jdbc:p6spy:sqlserver://CFSFPTEST:1433;databaseName=CFSFP;encrypt=true;trustServerCertificate=true;||
1775715315136|0|commit|connection 0|url jdbc:p6spy:sqlserver://CFSFPTEST:1433;databaseName=CFSFP;encrypt=true;trustServerCertificate=true;||
1775715315147|3|commit|connection 0|url jdbc:p6spy:sqlserver://CFSFPTEST:1433;databaseName=CFSFP;encrypt=true;trustServerCertificate=true;||
1775715315159|3|commit|connection 0|url jdbc:p6spy:sqlserver://CFSFPTEST:1433;databaseName=CFSFP;encrypt=true;trustServerCertificate=true;||
1775715315194|3|commit|connection 0|url jdbc:p6spy:sqlserver://CFSFPTEST:1433;databaseName=CFSFP;encrypt=true;trustServerCertificate=true;||
1775715315872|275|statement|connection 1|url jdbc:p6spy:sqlserver://CFSFPTEST:1433;databaseName=CFSFP;encrypt=true;trustServerCertificate=true;|select p1_0.act_user_id,p1_0.act_activity,p1_0.cr_cntrl_date,p1_0.cr_cntrl_nbr,p1_0.cr_refund_type,p1_0.act_activity_date,p1_0.act_timestamp,p1_0.act_xref_nbr,p1_0.act_xref_date,p1_0.act_activity_amt,p1_0.act_working_bal,p2_0.cr_cntrld_amt,p2_0.cr_check_nbr,p2_0.cr_check_amt,p2_0.cr_receipt_type,p2_0.cr_claim_type,p2_0.cr_patient_lname,p2_0.cr_patient_fname,p2_0.cr_remittor_name,p2_0.cr_mbr_id_nbr,p2_0.cr_reason_code,p2_0.cr_gl_acct_nbr,p2_0.cr_corp,p2_0.cr_receipt_bal from p09_activity p1_0,p09_cash_receipt p2_0 where p1_0.cr_cntrl_date=p2_0.cr_cntrl_date and p1_0.cr_cntrl_nbr=p2_0.cr_cntrl_nbr and p1_0.cr_refund_type=p2_0.cr_refund_type and p2_0.cr_corp=? and p1_0.act_daily_ind='Y' and p1_0.act_activity<>'EST' and (p1_0.act_user_id+p1_0.act_activity+format(p1_0.cr_cntrl_date,'yyyy-MM-dd')+p1_0.cr_cntrl_nbr+p1_0.cr_refund_type+format(p1_0.act_activity_date,'yyyy-MM-dd')+format(p1_0.act_timestamp,'yyyy-MM-dd HH:mm:ss.fff'))>? order by p1_0.act_user_id,p1_0.act_activity,p1_0.act_activity_amt,p1_0.cr_cntrl_date,p1_0.cr_cntrl_nbr,p1_0.cr_refund_type,p1_0.act_activity_date,p1_0.act_timestamp,p2_0.cr_corp offset ? rows fetch first ? rows only|select p1_0.act_user_id,p1_0.act_activity,p1_0.cr_cntrl_date,p1_0.cr_cntrl_nbr,p1_0.cr_refund_type,p1_0.act_activity_date,p1_0.act_timestamp,p1_0.act_xref_nbr,p1_0.act_xref_date,p1_0.act_activity_amt,p1_0.act_working_bal,p2_0.cr_cntrld_amt,p2_0.cr_check_nbr,p2_0.cr_check_amt,p2_0.cr_receipt_type,p2_0.cr_claim_type,p2_0.cr_patient_lname,p2_0.cr_patient_fname,p2_0.cr_remittor_name,p2_0.cr_mbr_id_nbr,p2_0.cr_reason_code,p2_0.cr_gl_acct_nbr,p2_0.cr_corp,p2_0.cr_receipt_bal from p09_activity p1_0,p09_cash_receipt p2_0 where p1_0.cr_cntrl_date=p2_0.cr_cntrl_date and p1_0.cr_cntrl_nbr=p2_0.cr_cntrl_nbr and p1_0.cr_refund_type=p2_0.cr_refund_type and p2_0.cr_corp='01' and p1_0.act_daily_ind='Y' and p1_0.act_activity<>'EST' and (p1_0.act_user_id+p1_0.act_activity+format(p1_0.cr_cntrl_date,'yyyy-MM-dd')+p1_0.cr_cntrl_nbr+p1_0.cr_refund_type+format(p1_0.act_activity_date,'yyyy-MM-dd')+format(p1_0.act_timestamp,'yyyy-MM-dd HH:mm:ss.fff'))>'' order by p1_0.act_user_id,p1_0.act_activity,p1_0.act_activity_amt,p1_0.cr_cntrl_date,p1_0.cr_cntrl_nbr,p1_0.cr_refund_type,p1_0.act_activity_date,p1_0.act_timestamp,p2_0.cr_corp offset 0 rows fetch first 100 rows only
1775715315915|1|commit|connection 1|url jdbc:p6spy:sqlserver://CFSFPTEST:1433;databaseName=CFSFP;encrypt=true;trustServerCertificate=true;||
1775715315979|3|commit|connection 0|url jdbc:p6spy:sqlserver://CFSFPTEST:1433;databaseName=CFSFP;encrypt=true;trustServerCertificate=true;||
1775715316007|3|commit|connection 0|url jdbc:p6spy:sqlserver://CFSFPTEST:1433;databaseName=CFSFP;encrypt=true;trustServerCertificate=true;||
1775715316018|3|commit|connection 0|url jdbc:p6spy:sqlserver://CFSFPTEST:1433;databaseName=CFSFP;encrypt=true;trustServerCertificate=true;||
1775715316026|3|commit|connection 1|url jdbc:p6spy:sqlserver://CFSFPTEST:1433;databaseName=CFSFP;encrypt=true;trustServerCertificate=true;||
1775715316044|3|commit|connection 1|url jdbc:p6spy:sqlserver://CFSFPTEST:1433;databaseName=CFSFP;encrypt=true;trustServerCertificate=true;||
1775716563414|1|commit|connection 0|url jdbc:p6spy:sqlserver://CFSFPTEST:1433;databaseName=CFSFP;encrypt=true;trustServerCertificate=true;||
1775716563439|5|statement|connection 0|url jdbc:p6spy:sqlserver://CFSFPTEST:1433;databaseName=CFSFP;encrypt=true;trustServerCertificate=true;|select next value for BATCH_JOB_SEQ|select next value for BATCH_JOB_SEQ
1775716563513|4|commit|connection 0|url jdbc:p6spy:sqlserver://CFSFPTEST:1433;databaseName=CFSFP;encrypt=true;trustServerCertificate=true;||
1775716563657|8|commit|connection 0|url jdbc:p6spy:sqlserver://CFSFPTEST:1433;databaseName=CFSFP;encrypt=true;trustServerCertificate=true;||
1775716563692|1|commit|connection 0|url jdbc:p6spy:sqlserver://CFSFPTEST:1433;databaseName=CFSFP;encrypt=true;trustServerCertificate=true;||
1775716563705|0|commit|connection 0|url jdbc:p6spy:sqlserver://CFSFPTEST:1433;databaseName=CFSFP;encrypt=true;trustServerCertificate=true;||
1775716563745|4|commit|connection 0|url jdbc:p6spy:sqlserver://CFSFPTEST:1433;databaseName=CFSFP;encrypt=true;trustServerCertificate=true;||
1775716563771|6|commit|connection 0|url jdbc:p6spy:sqlserver://CFSFPTEST:1433;databaseName=CFSFP;encrypt=true;trustServerCertificate=true;||
1775716563795|10|commit|connection 0|url jdbc:p6spy:sqlserver://CFSFPTEST:1433;databaseName=CFSFP;encrypt=true;trustServerCertificate=true;||
1775716563867|4|commit|connection 0|url jdbc:p6spy:sqlserver://CFSFPTEST:1433;databaseName=CFSFP;encrypt=true;trustServerCertificate=true;||
1775716563882|3|commit|connection 0|url jdbc:p6spy:sqlserver://CFSFPTEST:1433;databaseName=CFSFP;encrypt=true;trustServerCertificate=true;||
1775716563901|4|commit|connection 0|url jdbc:p6spy:sqlserver://CFSFPTEST:1433;databaseName=CFSFP;encrypt=true;trustServerCertificate=true;||
1775716563914|4|commit|connection 0|url jdbc:p6spy:sqlserver://CFSFPTEST:1433;databaseName=CFSFP;encrypt=true;trustServerCertificate=true;||
1775716563927|1|commit|connection 0|url jdbc:p6spy:sqlserver://CFSFPTEST:1433;databaseName=CFSFP;encrypt=true;trustServerCertificate=true;||
1775716563937|2|commit|connection 0|url jdbc:p6spy:sqlserver://CFSFPTEST:1433;databaseName=CFSFP;encrypt=true;trustServerCertificate=true;||
1775716563951|4|commit|connection 0|url jdbc:p6spy:sqlserver://CFSFPTEST:1433;databaseName=CFSFP;encrypt=true;trustServerCertificate=true;||
1775716563963|5|commit|connection 0|url jdbc:p6spy:sqlserver://CFSFPTEST:1433;databaseName=CFSFP;encrypt=true;trustServerCertificate=true;||
1775716564008|5|commit|connection 0|url jdbc:p6spy:sqlserver://CFSFPTEST:1433;databaseName=CFSFP;encrypt=true;trustServerCertificate=true;||
1775716564791|318|statement|connection 1|url jdbc:p6spy:sqlserver://CFSFPTEST:1433;databaseName=CFSFP;encrypt=true;trustServerCertificate=true;|select p1_0.act_user_id,p1_0.act_activity,p1_0.cr_cntrl_date,p1_0.cr_cntrl_nbr,p1_0.cr_refund_type,p1_0.act_activity_date,p1_0.act_timestamp,p1_0.act_xref_nbr,p1_0.act_xref_date,p1_0.act_activity_amt,p1_0.act_working_bal,p2_0.cr_cntrld_amt,p2_0.cr_check_nbr,p2_0.cr_check_amt,p2_0.cr_receipt_type,p2_0.cr_claim_type,p2_0.cr_patient_lname,p2_0.cr_patient_fname,p2_0.cr_remittor_name,p2_0.cr_mbr_id_nbr,p2_0.cr_reason_code,p2_0.cr_gl_acct_nbr,p2_0.cr_corp,p2_0.cr_receipt_bal from p09_activity p1_0,p09_cash_receipt p2_0 where p1_0.cr_cntrl_date=p2_0.cr_cntrl_date and p1_0.cr_cntrl_nbr=p2_0.cr_cntrl_nbr and p1_0.cr_refund_type=p2_0.cr_refund_type and p2_0.cr_corp=? and p1_0.act_daily_ind='Y' and p1_0.act_activity<>'EST' and (p1_0.act_user_id+p1_0.act_activity+format(p1_0.cr_cntrl_date,'yyyy-MM-dd')+p1_0.cr_cntrl_nbr+p1_0.cr_refund_type+format(p1_0.act_activity_date,'yyyy-MM-dd')+format(p1_0.act_timestamp,'yyyy-MM-dd HH:mm:ss.fff'))>? order by p1_0.act_user_id,p1_0.act_activity,p1_0.act_activity_amt,p1_0.cr_cntrl_date,p1_0.cr_cntrl_nbr,p1_0.cr_refund_type,p1_0.act_activity_date,p1_0.act_timestamp,p2_0.cr_corp offset ? rows fetch first ? rows only|select p1_0.act_user_id,p1_0.act_activity,p1_0.cr_cntrl_date,p1_0.cr_cntrl_nbr,p1_0.cr_refund_type,p1_0.act_activity_date,p1_0.act_timestamp,p1_0.act_xref_nbr,p1_0.act_xref_date,p1_0.act_activity_amt,p1_0.act_working_bal,p2_0.cr_cntrld_amt,p2_0.cr_check_nbr,p2_0.cr_check_amt,p2_0.cr_receipt_type,p2_0.cr_claim_type,p2_0.cr_patient_lname,p2_0.cr_patient_fname,p2_0.cr_remittor_name,p2_0.cr_mbr_id_nbr,p2_0.cr_reason_code,p2_0.cr_gl_acct_nbr,p2_0.cr_corp,p2_0.cr_receipt_bal from p09_activity p1_0,p09_cash_receipt p2_0 where p1_0.cr_cntrl_date=p2_0.cr_cntrl_date and p1_0.cr_cntrl_nbr=p2_0.cr_cntrl_nbr and p1_0.cr_refund_type=p2_0.cr_refund_type and p2_0.cr_corp='01' and p1_0.act_daily_ind='Y' and p1_0.act_activity<>'EST' and (p1_0.act_user_id+p1_0.act_activity+format(p1_0.cr_cntrl_date,'yyyy-MM-dd')+p1_0.cr_cntrl_nbr+p1_0.cr_refund_type+format(p1_0.act_activity_date,'yyyy-MM-dd')+format(p1_0.act_timestamp,'yyyy-MM-dd HH:mm:ss.fff'))>'' order by p1_0.act_user_id,p1_0.act_activity,p1_0.act_activity_amt,p1_0.cr_cntrl_date,p1_0.cr_cntrl_nbr,p1_0.cr_refund_type,p1_0.act_activity_date,p1_0.act_timestamp,p2_0.cr_corp offset 0 rows fetch first 100 rows only
1775716564836|1|commit|connection 1|url jdbc:p6spy:sqlserver://CFSFPTEST:1433;databaseName=CFSFP;encrypt=true;trustServerCertificate=true;||
1775716564883|1|rollback|connection 0|url jdbc:p6spy:sqlserver://CFSFPTEST:1433;databaseName=CFSFP;encrypt=true;trustServerCertificate=true;||
1775716565000|9|commit|connection 0|url jdbc:p6spy:sqlserver://CFSFPTEST:1433;databaseName=CFSFP;encrypt=true;trustServerCertificate=true;||
1775716565013|4|commit|connection 0|url jdbc:p6spy:sqlserver://CFSFPTEST:1433;databaseName=CFSFP;encrypt=true;trustServerCertificate=true;||
1775716565027|8|commit|connection 1|url jdbc:p6spy:sqlserver://CFSFPTEST:1433;databaseName=CFSFP;encrypt=true;trustServerCertificate=true;||
1775716565118|7|commit|connection 1|url jdbc:p6spy:sqlserver://CFSFPTEST:1433;databaseName=CFSFP;encrypt=true;trustServerCertificate=true;||
1775717276353|4|commit|connection 0|url jdbc:p6spy:sqlserver://CFSFPTEST:1433;databaseName=CFSFP;encrypt=true;trustServerCertificate=true;||
1775717276370|1|statement|connection 0|url jdbc:p6spy:sqlserver://CFSFPTEST:1433;databaseName=CFSFP;encrypt=true;trustServerCertificate=true;|select next value for BATCH_JOB_SEQ|select next value for BATCH_JOB_SEQ
1775717276423|7|commit|connection 0|url jdbc:p6spy:sqlserver://CFSFPTEST:1433;databaseName=CFSFP;encrypt=true;trustServerCertificate=true;||
1775717276534|6|commit|connection 0|url jdbc:p6spy:sqlserver://CFSFPTEST:1433;databaseName=CFSFP;encrypt=true;trustServerCertificate=true;||
1775717276576|1|commit|connection 0|url jdbc:p6spy:sqlserver://CFSFPTEST:1433;databaseName=CFSFP;encrypt=true;trustServerCertificate=true;||
1775717276587|0|commit|connection 0|url jdbc:p6spy:sqlserver://CFSFPTEST:1433;databaseName=CFSFP;encrypt=true;trustServerCertificate=true;||
1775717276605|4|commit|connection 0|url jdbc:p6spy:sqlserver://CFSFPTEST:1433;databaseName=CFSFP;encrypt=true;trustServerCertificate=true;||
1775717276629|5|commit|connection 0|url jdbc:p6spy:sqlserver://CFSFPTEST:1433;databaseName=CFSFP;encrypt=true;trustServerCertificate=true;||
1775717276644|4|commit|connection 0|url jdbc:p6spy:sqlserver://CFSFPTEST:1433;databaseName=CFSFP;encrypt=true;trustServerCertificate=true;||
1775717276707|4|commit|connection 0|url jdbc:p6spy:sqlserver://CFSFPTEST:1433;databaseName=CFSFP;encrypt=true;trustServerCertificate=true;||
1775717276724|6|commit|connection 0|url jdbc:p6spy:sqlserver://CFSFPTEST:1433;databaseName=CFSFP;encrypt=true;trustServerCertificate=true;||
1775717276735|4|commit|connection 0|url jdbc:p6spy:sqlserver://CFSFPTEST:1433;databaseName=CFSFP;encrypt=true;trustServerCertificate=true;||
1775717276765|4|commit|connection 0|url jdbc:p6spy:sqlserver://CFSFPTEST:1433;databaseName=CFSFP;encrypt=true;trustServerCertificate=true;||
1775717276777|0|commit|connection 0|url jdbc:p6spy:sqlserver://CFSFPTEST:1433;databaseName=CFSFP;encrypt=true;trustServerCertificate=true;||
1775717276784|0|commit|connection 0|url jdbc:p6spy:sqlserver://CFSFPTEST:1433;databaseName=CFSFP;encrypt=true;trustServerCertificate=true;||
1775717276798|4|commit|connection 0|url jdbc:p6spy:sqlserver://CFSFPTEST:1433;databaseName=CFSFP;encrypt=true;trustServerCertificate=true;||
1775717276810|3|commit|connection 0|url jdbc:p6spy:sqlserver://CFSFPTEST:1433;databaseName=CFSFP;encrypt=true;trustServerCertificate=true;||
1775717276848|4|commit|connection 0|url jdbc:p6spy:sqlserver://CFSFPTEST:1433;databaseName=CFSFP;encrypt=true;trustServerCertificate=true;||
1775717277497|280|statement|connection 1|url jdbc:p6spy:sqlserver://CFSFPTEST:1433;databaseName=CFSFP;encrypt=true;trustServerCertificate=true;|select p1_0.act_user_id,p1_0.act_activity,p1_0.cr_cntrl_date,p1_0.cr_cntrl_nbr,p1_0.cr_refund_type,p1_0.act_activity_date,p1_0.act_timestamp,p1_0.act_xref_nbr,p1_0.act_xref_date,p1_0.act_activity_amt,p1_0.act_working_bal,p2_0.cr_cntrld_amt,p2_0.cr_check_nbr,p2_0.cr_check_amt,p2_0.cr_receipt_type,p2_0.cr_claim_type,p2_0.cr_patient_lname,p2_0.cr_patient_fname,p2_0.cr_remittor_name,p2_0.cr_mbr_id_nbr,p2_0.cr_reason_code,p2_0.cr_gl_acct_nbr,p2_0.cr_corp,p2_0.cr_receipt_bal from p09_activity p1_0,p09_cash_receipt p2_0 where p1_0.cr_cntrl_date=p2_0.cr_cntrl_date and p1_0.cr_cntrl_nbr=p2_0.cr_cntrl_nbr and p1_0.cr_refund_type=p2_0.cr_refund_type and p2_0.cr_corp=? and p1_0.act_daily_ind='Y' and p1_0.act_activity<>'EST' and (p1_0.act_user_id+p1_0.act_activity+format(p1_0.cr_cntrl_date,'yyyy-MM-dd')+p1_0.cr_cntrl_nbr+p1_0.cr_refund_type+format(p1_0.act_activity_date,'yyyy-MM-dd')+format(p1_0.act_timestamp,'yyyy-MM-dd HH:mm:ss.fff'))>? order by p1_0.act_user_id,p1_0.act_activity,p1_0.act_activity_amt,p1_0.cr_cntrl_date,p1_0.cr_cntrl_nbr,p1_0.cr_refund_type,p1_0.act_activity_date,p1_0.act_timestamp,p2_0.cr_corp offset ? rows fetch first ? rows only|select p1_0.act_user_id,p1_0.act_activity,p1_0.cr_cntrl_date,p1_0.cr_cntrl_nbr,p1_0.cr_refund_type,p1_0.act_activity_date,p1_0.act_timestamp,p1_0.act_xref_nbr,p1_0.act_xref_date,p1_0.act_activity_amt,p1_0.act_working_bal,p2_0.cr_cntrld_amt,p2_0.cr_check_nbr,p2_0.cr_check_amt,p2_0.cr_receipt_type,p2_0.cr_claim_type,p2_0.cr_patient_lname,p2_0.cr_patient_fname,p2_0.cr_remittor_name,p2_0.cr_mbr_id_nbr,p2_0.cr_reason_code,p2_0.cr_gl_acct_nbr,p2_0.cr_corp,p2_0.cr_receipt_bal from p09_activity p1_0,p09_cash_receipt p2_0 where p1_0.cr_cntrl_date=p2_0.cr_cntrl_date and p1_0.cr_cntrl_nbr=p2_0.cr_cntrl_nbr and p1_0.cr_refund_type=p2_0.cr_refund_type and p2_0.cr_corp='01' and p1_0.act_daily_ind='Y' and p1_0.act_activity<>'EST' and (p1_0.act_user_id+p1_0.act_activity+format(p1_0.cr_cntrl_date,'yyyy-MM-dd')+p1_0.cr_cntrl_nbr+p1_0.cr_refund_type+format(p1_0.act_activity_date,'yyyy-MM-dd')+format(p1_0.act_timestamp,'yyyy-MM-dd HH:mm:ss.fff'))>'' order by p1_0.act_user_id,p1_0.act_activity,p1_0.act_activity_amt,p1_0.cr_cntrl_date,p1_0.cr_cntrl_nbr,p1_0.cr_refund_type,p1_0.act_activity_date,p1_0.act_timestamp,p2_0.cr_corp offset 0 rows fetch first 100 rows only
1775717277568|16|commit|connection 1|url jdbc:p6spy:sqlserver://CFSFPTEST:1433;databaseName=CFSFP;encrypt=true;trustServerCertificate=true;||
1775717277617|5|commit|connection 0|url jdbc:p6spy:sqlserver://CFSFPTEST:1433;databaseName=CFSFP;encrypt=true;trustServerCertificate=true;||
1775717277649|4|commit|connection 0|url jdbc:p6spy:sqlserver://CFSFPTEST:1433;databaseName=CFSFP;encrypt=true;trustServerCertificate=true;||
1775717277667|5|commit|connection 0|url jdbc:p6spy:sqlserver://CFSFPTEST:1433;databaseName=CFSFP;encrypt=true;trustServerCertificate=true;||
1775717277678|4|commit|connection 1|url jdbc:p6spy:sqlserver://CFSFPTEST:1433;databaseName=CFSFP;encrypt=true;trustServerCertificate=true;||
1775717277699|5|commit|connection 1|url jdbc:p6spy:sqlserver://CFSFPTEST:1433;databaseName=CFSFP;encrypt=true;trustServerCertificate=true;||
1775718400249|1|commit|connection 0|url jdbc:p6spy:sqlserver://CFSFPTEST:1433;databaseName=CFSFP;encrypt=true;trustServerCertificate=true;||
1775718400271|4|statement|connection 0|url jdbc:p6spy:sqlserver://CFSFPTEST:1433;databaseName=CFSFP;encrypt=true;trustServerCertificate=true;|select next value for BATCH_JOB_SEQ|select next value for BATCH_JOB_SEQ
1775718400352|9|commit|connection 0|url jdbc:p6spy:sqlserver://CFSFPTEST:1433;databaseName=CFSFP;encrypt=true;trustServerCertificate=true;||
1775718400494|4|commit|connection 0|url jdbc:p6spy:sqlserver://CFSFPTEST:1433;databaseName=CFSFP;encrypt=true;trustServerCertificate=true;||
1775718400518|0|commit|connection 0|url jdbc:p6spy:sqlserver://CFSFPTEST:1433;databaseName=CFSFP;encrypt=true;trustServerCertificate=true;||
1775718400530|1|commit|connection 0|url jdbc:p6spy:sqlserver://CFSFPTEST:1433;databaseName=CFSFP;encrypt=true;trustServerCertificate=true;||
1775718400552|7|commit|connection 0|url jdbc:p6spy:sqlserver://CFSFPTEST:1433;databaseName=CFSFP;encrypt=true;trustServerCertificate=true;||
1775718400580|4|commit|connection 0|url jdbc:p6spy:sqlserver://CFSFPTEST:1433;databaseName=CFSFP;encrypt=true;trustServerCertificate=true;||
1775718400599|4|commit|connection 0|url jdbc:p6spy:sqlserver://CFSFPTEST:1433;databaseName=CFSFP;encrypt=true;trustServerCertificate=true;||
1775718400676|4|commit|connection 0|url jdbc:p6spy:sqlserver://CFSFPTEST:1433;databaseName=CFSFP;encrypt=true;trustServerCertificate=true;||
1775718400698|4|commit|connection 0|url jdbc:p6spy:sqlserver://CFSFPTEST:1433;databaseName=CFSFP;encrypt=true;trustServerCertificate=true;||
1775718400724|6|commit|connection 0|url jdbc:p6spy:sqlserver://CFSFPTEST:1433;databaseName=CFSFP;encrypt=true;trustServerCertificate=true;||
1775718400741|4|commit|connection 0|url jdbc:p6spy:sqlserver://CFSFPTEST:1433;databaseName=CFSFP;encrypt=true;trustServerCertificate=true;||
1775718400755|0|commit|connection 0|url jdbc:p6spy:sqlserver://CFSFPTEST:1433;databaseName=CFSFP;encrypt=true;trustServerCertificate=true;||
1775718400765|0|commit|connection 0|url jdbc:p6spy:sqlserver://CFSFPTEST:1433;databaseName=CFSFP;encrypt=true;trustServerCertificate=true;||
1775718400779|7|commit|connection 0|url jdbc:p6spy:sqlserver://CFSFPTEST:1433;databaseName=CFSFP;encrypt=true;trustServerCertificate=true;||
1775718400789|4|commit|connection 0|url jdbc:p6spy:sqlserver://CFSFPTEST:1433;databaseName=CFSFP;encrypt=true;trustServerCertificate=true;||
1775718400829|4|commit|connection 0|url jdbc:p6spy:sqlserver://CFSFPTEST:1433;databaseName=CFSFP;encrypt=true;trustServerCertificate=true;||
1775718401795|330|statement|connection 1|url jdbc:p6spy:sqlserver://CFSFPTEST:1433;databaseName=CFSFP;encrypt=true;trustServerCertificate=true;|select p1_0.act_user_id,p1_0.act_activity,p1_0.cr_cntrl_date,p1_0.cr_cntrl_nbr,p1_0.cr_refund_type,p1_0.act_activity_date,p1_0.act_timestamp,p1_0.act_xref_nbr,p1_0.act_xref_date,p1_0.act_activity_amt,p1_0.act_working_bal,p2_0.cr_cntrld_amt,p2_0.cr_check_nbr,p2_0.cr_check_amt,p2_0.cr_receipt_type,p2_0.cr_claim_type,p2_0.cr_patient_lname,p2_0.cr_patient_fname,p2_0.cr_remittor_name,p2_0.cr_mbr_id_nbr,p2_0.cr_reason_code,p2_0.cr_gl_acct_nbr,p2_0.cr_corp,p2_0.cr_receipt_bal from p09_activity p1_0,p09_cash_receipt p2_0 where p1_0.cr_cntrl_date=p2_0.cr_cntrl_date and p1_0.cr_cntrl_nbr=p2_0.cr_cntrl_nbr and p1_0.cr_refund_type=p2_0.cr_refund_type and p2_0.cr_corp=? and p1_0.act_daily_ind='Y' and p1_0.act_activity<>'EST' and (p1_0.act_user_id+p1_0.act_activity+format(p1_0.cr_cntrl_date,'yyyy-MM-dd')+p1_0.cr_cntrl_nbr+p1_0.cr_refund_type+format(p1_0.act_activity_date,'yyyy-MM-dd')+format(p1_0.act_timestamp,'yyyy-MM-dd HH:mm:ss.fff'))>? order by p1_0.act_user_id,p1_0.act_activity,p1_0.act_activity_amt,p1_0.cr_cntrl_date,p1_0.cr_cntrl_nbr,p1_0.cr_refund_type,p1_0.act_activity_date,p1_0.act_timestamp,p2_0.cr_corp offset ? rows fetch first ? rows only|select p1_0.act_user_id,p1_0.act_activity,p1_0.cr_cntrl_date,p1_0.cr_cntrl_nbr,p1_0.cr_refund_type,p1_0.act_activity_date,p1_0.act_timestamp,p1_0.act_xref_nbr,p1_0.act_xref_date,p1_0.act_activity_amt,p1_0.act_working_bal,p2_0.cr_cntrld_amt,p2_0.cr_check_nbr,p2_0.cr_check_amt,p2_0.cr_receipt_type,p2_0.cr_claim_type,p2_0.cr_patient_lname,p2_0.cr_patient_fname,p2_0.cr_remittor_name,p2_0.cr_mbr_id_nbr,p2_0.cr_reason_code,p2_0.cr_gl_acct_nbr,p2_0.cr_corp,p2_0.cr_receipt_bal from p09_activity p1_0,p09_cash_receipt p2_0 where p1_0.cr_cntrl_date=p2_0.cr_cntrl_date and p1_0.cr_cntrl_nbr=p2_0.cr_cntrl_nbr and p1_0.cr_refund_type=p2_0.cr_refund_type and p2_0.cr_corp='01' and p1_0.act_daily_ind='Y' and p1_0.act_activity<>'EST' and (p1_0.act_user_id+p1_0.act_activity+format(p1_0.cr_cntrl_date,'yyyy-MM-dd')+p1_0.cr_cntrl_nbr+p1_0.cr_refund_type+format(p1_0.act_activity_date,'yyyy-MM-dd')+format(p1_0.act_timestamp,'yyyy-MM-dd HH:mm:ss.fff'))>'' order by p1_0.act_user_id,p1_0.act_activity,p1_0.act_activity_amt,p1_0.cr_cntrl_date,p1_0.cr_cntrl_nbr,p1_0.cr_refund_type,p1_0.act_activity_date,p1_0.act_timestamp,p2_0.cr_corp offset 0 rows fetch first 100 rows only
1775718401871|9|commit|connection 1|url jdbc:p6spy:sqlserver://CFSFPTEST:1433;databaseName=CFSFP;encrypt=true;trustServerCertificate=true;||
1775718401964|4|commit|connection 0|url jdbc:p6spy:sqlserver://CFSFPTEST:1433;databaseName=CFSFP;encrypt=true;trustServerCertificate=true;||
1775718402029|4|commit|connection 0|url jdbc:p6spy:sqlserver://CFSFPTEST:1433;databaseName=CFSFP;encrypt=true;trustServerCertificate=true;||
1775718402044|3|commit|connection 0|url jdbc:p6spy:sqlserver://CFSFPTEST:1433;databaseName=CFSFP;encrypt=true;trustServerCertificate=true;||
1775718402053|5|commit|connection 1|url jdbc:p6spy:sqlserver://CFSFPTEST:1433;databaseName=CFSFP;encrypt=true;trustServerCertificate=true;||
1775718402086|7|commit|connection 1|url jdbc:p6spy:sqlserver://CFSFPTEST:1433;databaseName=CFSFP;encrypt=true;trustServerCertificate=true;||
1775719009654|1|commit|connection 0|url jdbc:p6spy:sqlserver://CFSFPTEST:1433;databaseName=CFSFP;encrypt=true;trustServerCertificate=true;||
1775719009670|1|statement|connection 0|url jdbc:p6spy:sqlserver://CFSFPTEST:1433;databaseName=CFSFP;encrypt=true;trustServerCertificate=true;|select next value for BATCH_JOB_SEQ|select next value for BATCH_JOB_SEQ
1775719009775|5|commit|connection 0|url jdbc:p6spy:sqlserver://CFSFPTEST:1433;databaseName=CFSFP;encrypt=true;trustServerCertificate=true;||
1775719009909|4|commit|connection 0|url jdbc:p6spy:sqlserver://CFSFPTEST:1433;databaseName=CFSFP;encrypt=true;trustServerCertificate=true;||
1775719009945|1|commit|connection 0|url jdbc:p6spy:sqlserver://CFSFPTEST:1433;databaseName=CFSFP;encrypt=true;trustServerCertificate=true;||
1775719009979|14|commit|connection 0|url jdbc:p6spy:sqlserver://CFSFPTEST:1433;databaseName=CFSFP;encrypt=true;trustServerCertificate=true;||
1775719009995|4|commit|connection 0|url jdbc:p6spy:sqlserver://CFSFPTEST:1433;databaseName=CFSFP;encrypt=true;trustServerCertificate=true;||
1775719010026|4|commit|connection 0|url jdbc:p6spy:sqlserver://CFSFPTEST:1433;databaseName=CFSFP;encrypt=true;trustServerCertificate=true;||
1775719010050|4|commit|connection 0|url jdbc:p6spy:sqlserver://CFSFPTEST:1433;databaseName=CFSFP;encrypt=true;trustServerCertificate=true;||
1775719010149|16|commit|connection 0|url jdbc:p6spy:sqlserver://CFSFPTEST:1433;databaseName=CFSFP;encrypt=true;trustServerCertificate=true;||
1775719010173|6|commit|connection 0|url jdbc:p6spy:sqlserver://CFSFPTEST:1433;databaseName=CFSFP;encrypt=true;trustServerCertificate=true;||
1775719010188|4|commit|connection 0|url jdbc:p6spy:sqlserver://CFSFPTEST:1433;databaseName=CFSFP;encrypt=true;trustServerCertificate=true;||
1775719010199|4|commit|connection 0|url jdbc:p6spy:sqlserver://CFSFPTEST:1433;databaseName=CFSFP;encrypt=true;trustServerCertificate=true;||
1775719010208|0|commit|connection 0|url jdbc:p6spy:sqlserver://CFSFPTEST:1433;databaseName=CFSFP;encrypt=true;trustServerCertificate=true;||
1775719010216|0|commit|connection 0|url jdbc:p6spy:sqlserver://CFSFPTEST:1433;databaseName=CFSFP;encrypt=true;trustServerCertificate=true;||
1775719010228|4|commit|connection 0|url jdbc:p6spy:sqlserver://CFSFPTEST:1433;databaseName=CFSFP;encrypt=true;trustServerCertificate=true;||
1775719010240|5|commit|connection 0|url jdbc:p6spy:sqlserver://CFSFPTEST:1433;databaseName=CFSFP;encrypt=true;trustServerCertificate=true;||
1775719010281|4|commit|connection 0|url jdbc:p6spy:sqlserver://CFSFPTEST:1433;databaseName=CFSFP;encrypt=true;trustServerCertificate=true;||
1775719010907|277|statement|connection 1|url jdbc:p6spy:sqlserver://CFSFPTEST:1433;databaseName=CFSFP;encrypt=true;trustServerCertificate=true;|select p1_0.act_user_id,p1_0.act_activity,p1_0.cr_cntrl_date,p1_0.cr_cntrl_nbr,p1_0.cr_refund_type,p1_0.act_activity_date,p1_0.act_timestamp,p1_0.act_xref_nbr,p1_0.act_xref_date,p1_0.act_activity_amt,p1_0.act_working_bal,p2_0.cr_cntrld_amt,p2_0.cr_check_nbr,p2_0.cr_check_amt,p2_0.cr_receipt_type,p2_0.cr_claim_type,p2_0.cr_patient_lname,p2_0.cr_patient_fname,p2_0.cr_remittor_name,p2_0.cr_mbr_id_nbr,p2_0.cr_reason_code,p2_0.cr_gl_acct_nbr,p2_0.cr_corp,p2_0.cr_receipt_bal from p09_activity p1_0,p09_cash_receipt p2_0 where p1_0.cr_cntrl_date=p2_0.cr_cntrl_date and p1_0.cr_cntrl_nbr=p2_0.cr_cntrl_nbr and p1_0.cr_refund_type=p2_0.cr_refund_type and p2_0.cr_corp=? and p1_0.act_daily_ind='Y' and p1_0.act_activity<>'EST' and (p1_0.act_user_id+p1_0.act_activity+format(p1_0.cr_cntrl_date,'yyyy-MM-dd')+p1_0.cr_cntrl_nbr+p1_0.cr_refund_type+format(p1_0.act_activity_date,'yyyy-MM-dd')+format(p1_0.act_timestamp,'yyyy-MM-dd HH:mm:ss.fff'))>? order by p1_0.act_user_id,p1_0.act_activity,p1_0.act_activity_amt,p1_0.cr_cntrl_date,p1_0.cr_cntrl_nbr,p1_0.cr_refund_type,p1_0.act_activity_date,p1_0.act_timestamp,p2_0.cr_corp offset ? rows fetch first ? rows only|select p1_0.act_user_id,p1_0.act_activity,p1_0.cr_cntrl_date,p1_0.cr_cntrl_nbr,p1_0.cr_refund_type,p1_0.act_activity_date,p1_0.act_timestamp,p1_0.act_xref_nbr,p1_0.act_xref_date,p1_0.act_activity_amt,p1_0.act_working_bal,p2_0.cr_cntrld_amt,p2_0.cr_check_nbr,p2_0.cr_check_amt,p2_0.cr_receipt_type,p2_0.cr_claim_type,p2_0.cr_patient_lname,p2_0.cr_patient_fname,p2_0.cr_remittor_name,p2_0.cr_mbr_id_nbr,p2_0.cr_reason_code,p2_0.cr_gl_acct_nbr,p2_0.cr_corp,p2_0.cr_receipt_bal from p09_activity p1_0,p09_cash_receipt p2_0 where p1_0.cr_cntrl_date=p2_0.cr_cntrl_date and p1_0.cr_cntrl_nbr=p2_0.cr_cntrl_nbr and p1_0.cr_refund_type=p2_0.cr_refund_type and p2_0.cr_corp='01' and p1_0.act_daily_ind='Y' and p1_0.act_activity<>'EST' and (p1_0.act_user_id+p1_0.act_activity+format(p1_0.cr_cntrl_date,'yyyy-MM-dd')+p1_0.cr_cntrl_nbr+p1_0.cr_refund_type+format(p1_0.act_activity_date,'yyyy-MM-dd')+format(p1_0.act_timestamp,'yyyy-MM-dd HH:mm:ss.fff'))>'' order by p1_0.act_user_id,p1_0.act_activity,p1_0.act_activity_amt,p1_0.cr_cntrl_date,p1_0.cr_cntrl_nbr,p1_0.cr_refund_type,p1_0.act_activity_date,p1_0.act_timestamp,p2_0.cr_corp offset 0 rows fetch first 100 rows only
1775719010948|1|commit|connection 1|url jdbc:p6spy:sqlserver://CFSFPTEST:1433;databaseName=CFSFP;encrypt=true;trustServerCertificate=true;||
1775719010991|4|commit|connection 0|url jdbc:p6spy:sqlserver://CFSFPTEST:1433;databaseName=CFSFP;encrypt=true;trustServerCertificate=true;||
1775719011016|4|commit|connection 0|url jdbc:p6spy:sqlserver://CFSFPTEST:1433;databaseName=CFSFP;encrypt=true;trustServerCertificate=true;||
1775719011029|6|commit|connection 0|url jdbc:p6spy:sqlserver://CFSFPTEST:1433;databaseName=CFSFP;encrypt=true;trustServerCertificate=true;||
1775719011040|4|commit|connection 1|url jdbc:p6spy:sqlserver://CFSFPTEST:1433;databaseName=CFSFP;encrypt=true;trustServerCertificate=true;||
1775719011053|4|commit|connection 1|url jdbc:p6spy:sqlserver://CFSFPTEST:1433;databaseName=CFSFP;encrypt=true;trustServerCertificate=true;||
1775730594798|1|commit|connection 0|url jdbc:p6spy:sqlserver://CFSFPTEST:1433;databaseName=CFSFP;encrypt=true;trustServerCertificate=true;||
1775730594830|4|statement|connection 0|url jdbc:p6spy:sqlserver://CFSFPTEST:1433;databaseName=CFSFP;encrypt=true;trustServerCertificate=true;|select next value for BATCH_JOB_SEQ|select next value for BATCH_JOB_SEQ
1775730594955|3|commit|connection 0|url jdbc:p6spy:sqlserver://CFSFPTEST:1433;databaseName=CFSFP;encrypt=true;trustServerCertificate=true;||
1775730595146|4|commit|connection 0|url jdbc:p6spy:sqlserver://CFSFPTEST:1433;databaseName=CFSFP;encrypt=true;trustServerCertificate=true;||
1775730595223|10|commit|connection 0|url jdbc:p6spy:sqlserver://CFSFPTEST:1433;databaseName=CFSFP;encrypt=true;trustServerCertificate=true;||
1775730595242|2|commit|connection 0|url jdbc:p6spy:sqlserver://CFSFPTEST:1433;databaseName=CFSFP;encrypt=true;trustServerCertificate=true;||
1775730595268|4|commit|connection 0|url jdbc:p6spy:sqlserver://CFSFPTEST:1433;databaseName=CFSFP;encrypt=true;trustServerCertificate=true;||
1775730595305|4|commit|connection 0|url jdbc:p6spy:sqlserver://CFSFPTEST:1433;databaseName=CFSFP;encrypt=true;trustServerCertificate=true;||
1775730595322|4|commit|connection 0|url jdbc:p6spy:sqlserver://CFSFPTEST:1433;databaseName=CFSFP;encrypt=true;trustServerCertificate=true;||
1775730595410|11|commit|connection 0|url jdbc:p6spy:sqlserver://CFSFPTEST:1433;databaseName=CFSFP;encrypt=true;trustServerCertificate=true;||
1775730595422|4|commit|connection 0|url jdbc:p6spy:sqlserver://CFSFPTEST:1433;databaseName=CFSFP;encrypt=true;trustServerCertificate=true;||
1775730595441|4|commit|connection 0|url jdbc:p6spy:sqlserver://CFSFPTEST:1433;databaseName=CFSFP;encrypt=true;trustServerCertificate=true;||
1775730595456|3|commit|connection 0|url jdbc:p6spy:sqlserver://CFSFPTEST:1433;databaseName=CFSFP;encrypt=true;trustServerCertificate=true;||
1775730595464|0|commit|connection 0|url jdbc:p6spy:sqlserver://CFSFPTEST:1433;databaseName=CFSFP;encrypt=true;trustServerCertificate=true;||
1775730595471|0|commit|connection 0|url jdbc:p6spy:sqlserver://CFSFPTEST:1433;databaseName=CFSFP;encrypt=true;trustServerCertificate=true;||
1775730595485|4|commit|connection 0|url jdbc:p6spy:sqlserver://CFSFPTEST:1433;databaseName=CFSFP;encrypt=true;trustServerCertificate=true;||
1775730595500|9|commit|connection 0|url jdbc:p6spy:sqlserver://CFSFPTEST:1433;databaseName=CFSFP;encrypt=true;trustServerCertificate=true;||
1775730595536|4|commit|connection 0|url jdbc:p6spy:sqlserver://CFSFPTEST:1433;databaseName=CFSFP;encrypt=true;trustServerCertificate=true;||
1775730596236|267|statement|connection 1|url jdbc:p6spy:sqlserver://CFSFPTEST:1433;databaseName=CFSFP;encrypt=true;trustServerCertificate=true;|select p1_0.act_user_id,p1_0.act_activity,p1_0.cr_cntrl_date,p1_0.cr_cntrl_nbr,p1_0.cr_refund_type,p1_0.act_activity_date,p1_0.act_timestamp,p1_0.act_xref_nbr,p1_0.act_xref_date,p1_0.act_activity_amt,p1_0.act_working_bal,p2_0.cr_cntrld_amt,p2_0.cr_check_nbr,p2_0.cr_check_amt,p2_0.cr_receipt_type,p2_0.cr_claim_type,p2_0.cr_patient_lname,p2_0.cr_patient_fname,p2_0.cr_remittor_name,p2_0.cr_mbr_id_nbr,p2_0.cr_reason_code,p2_0.cr_gl_acct_nbr,p2_0.cr_corp,p2_0.cr_receipt_bal from p09_activity p1_0,p09_cash_receipt p2_0 where p1_0.cr_cntrl_date=p2_0.cr_cntrl_date and p1_0.cr_cntrl_nbr=p2_0.cr_cntrl_nbr and p1_0.cr_refund_type=p2_0.cr_refund_type and p2_0.cr_corp=? and p1_0.act_daily_ind='Y' and p1_0.act_activity<>'EST' and (p1_0.act_user_id+p1_0.act_activity+format(p1_0.cr_cntrl_date,'yyyy-MM-dd')+p1_0.cr_cntrl_nbr+p1_0.cr_refund_type+format(p1_0.act_activity_date,'yyyy-MM-dd')+format(p1_0.act_timestamp,'yyyy-MM-dd HH:mm:ss.fff'))>? order by p1_0.act_user_id,p1_0.act_activity,p1_0.act_activity_amt,p1_0.cr_cntrl_date,p1_0.cr_cntrl_nbr,p1_0.cr_refund_type,p1_0.act_activity_date,p1_0.act_timestamp,p2_0.cr_corp offset ? rows fetch first ? rows only|select p1_0.act_user_id,p1_0.act_activity,p1_0.cr_cntrl_date,p1_0.cr_cntrl_nbr,p1_0.cr_refund_type,p1_0.act_activity_date,p1_0.act_timestamp,p1_0.act_xref_nbr,p1_0.act_xref_date,p1_0.act_activity_amt,p1_0.act_working_bal,p2_0.cr_cntrld_amt,p2_0.cr_check_nbr,p2_0.cr_check_amt,p2_0.cr_receipt_type,p2_0.cr_claim_type,p2_0.cr_patient_lname,p2_0.cr_patient_fname,p2_0.cr_remittor_name,p2_0.cr_mbr_id_nbr,p2_0.cr_reason_code,p2_0.cr_gl_acct_nbr,p2_0.cr_corp,p2_0.cr_receipt_bal from p09_activity p1_0,p09_cash_receipt p2_0 where p1_0.cr_cntrl_date=p2_0.cr_cntrl_date and p1_0.cr_cntrl_nbr=p2_0.cr_cntrl_nbr and p1_0.cr_refund_type=p2_0.cr_refund_type and p2_0.cr_corp='01' and p1_0.act_daily_ind='Y' and p1_0.act_activity<>'EST' and (p1_0.act_user_id+p1_0.act_activity+format(p1_0.cr_cntrl_date,'yyyy-MM-dd')+p1_0.cr_cntrl_nbr+p1_0.cr_refund_type+format(p1_0.act_activity_date,'yyyy-MM-dd')+format(p1_0.act_timestamp,'yyyy-MM-dd HH:mm:ss.fff'))>'' order by p1_0.act_user_id,p1_0.act_activity,p1_0.act_activity_amt,p1_0.cr_cntrl_date,p1_0.cr_cntrl_nbr,p1_0.cr_refund_type,p1_0.act_activity_date,p1_0.act_timestamp,p2_0.cr_corp offset 0 rows fetch first 100 rows only
1775730596289|1|commit|connection 1|url jdbc:p6spy:sqlserver://CFSFPTEST:1433;databaseName=CFSFP;encrypt=true;trustServerCertificate=true;||
1775730973966|1|commit|connection 0|url jdbc:p6spy:sqlserver://CFSFPTEST:1433;databaseName=CFSFP;encrypt=true;trustServerCertificate=true;||
1775730973989|4|statement|connection 0|url jdbc:p6spy:sqlserver://CFSFPTEST:1433;databaseName=CFSFP;encrypt=true;trustServerCertificate=true;|select next value for BATCH_JOB_SEQ|select next value for BATCH_JOB_SEQ
1775730974076|4|commit|connection 0|url jdbc:p6spy:sqlserver://CFSFPTEST:1433;databaseName=CFSFP;encrypt=true;trustServerCertificate=true;||
1775730974236|4|commit|connection 0|url jdbc:p6spy:sqlserver://CFSFPTEST:1433;databaseName=CFSFP;encrypt=true;trustServerCertificate=true;||
1775730974264|0|commit|connection 0|url jdbc:p6spy:sqlserver://CFSFPTEST:1433;databaseName=CFSFP;encrypt=true;trustServerCertificate=true;||
1775730974274|0|commit|connection 0|url jdbc:p6spy:sqlserver://CFSFPTEST:1433;databaseName=CFSFP;encrypt=true;trustServerCertificate=true;||
1775730974304|14|commit|connection 0|url jdbc:p6spy:sqlserver://CFSFPTEST:1433;databaseName=CFSFP;encrypt=true;trustServerCertificate=true;||
1775730974334|3|commit|connection 0|url jdbc:p6spy:sqlserver://CFSFPTEST:1433;databaseName=CFSFP;encrypt=true;trustServerCertificate=true;||
1775730974355|4|commit|connection 0|url jdbc:p6spy:sqlserver://CFSFPTEST:1433;databaseName=CFSFP;encrypt=true;trustServerCertificate=true;||
1775730974443|18|commit|connection 0|url jdbc:p6spy:sqlserver://CFSFPTEST:1433;databaseName=CFSFP;encrypt=true;trustServerCertificate=true;||
1775730974455|3|commit|connection 0|url jdbc:p6spy:sqlserver://CFSFPTEST:1433;databaseName=CFSFP;encrypt=true;trustServerCertificate=true;||
1775730974466|4|commit|connection 0|url jdbc:p6spy:sqlserver://CFSFPTEST:1433;databaseName=CFSFP;encrypt=true;trustServerCertificate=true;||
1775730974478|4|commit|connection 0|url jdbc:p6spy:sqlserver://CFSFPTEST:1433;databaseName=CFSFP;encrypt=true;trustServerCertificate=true;||
1775730974487|0|commit|connection 0|url jdbc:p6spy:sqlserver://CFSFPTEST:1433;databaseName=CFSFP;encrypt=true;trustServerCertificate=true;||
1775730974497|0|commit|connection 0|url jdbc:p6spy:sqlserver://CFSFPTEST:1433;databaseName=CFSFP;encrypt=true;trustServerCertificate=true;||
1775730974512|4|commit|connection 0|url jdbc:p6spy:sqlserver://CFSFPTEST:1433;databaseName=CFSFP;encrypt=true;trustServerCertificate=true;||
1775730974527|3|commit|connection 0|url jdbc:p6spy:sqlserver://CFSFPTEST:1433;databaseName=CFSFP;encrypt=true;trustServerCertificate=true;||
1775730974590|4|commit|connection 0|url jdbc:p6spy:sqlserver://CFSFPTEST:1433;databaseName=CFSFP;encrypt=true;trustServerCertificate=true;||
1775730975245|263|statement|connection 1|url jdbc:p6spy:sqlserver://CFSFPTEST:1433;databaseName=CFSFP;encrypt=true;trustServerCertificate=true;|select p1_0.act_user_id,p1_0.act_activity,p1_0.cr_cntrl_date,p1_0.cr_cntrl_nbr,p1_0.cr_refund_type,p1_0.act_activity_date,p1_0.act_timestamp,p1_0.act_xref_nbr,p1_0.act_xref_date,p1_0.act_activity_amt,p1_0.act_working_bal,p2_0.cr_cntrld_amt,p2_0.cr_check_nbr,p2_0.cr_check_amt,p2_0.cr_receipt_type,p2_0.cr_claim_type,p2_0.cr_patient_lname,p2_0.cr_patient_fname,p2_0.cr_remittor_name,p2_0.cr_mbr_id_nbr,p2_0.cr_reason_code,p2_0.cr_gl_acct_nbr,p2_0.cr_corp,p2_0.cr_receipt_bal from p09_activity p1_0,p09_cash_receipt p2_0 where p1_0.cr_cntrl_date=p2_0.cr_cntrl_date and p1_0.cr_cntrl_nbr=p2_0.cr_cntrl_nbr and p1_0.cr_refund_type=p2_0.cr_refund_type and p2_0.cr_corp=? and p1_0.act_daily_ind='Y' and p1_0.act_activity<>'EST' and (p1_0.act_user_id+p1_0.act_activity+format(p1_0.cr_cntrl_date,'yyyy-MM-dd')+p1_0.cr_cntrl_nbr+p1_0.cr_refund_type+format(p1_0.act_activity_date,'yyyy-MM-dd')+format(p1_0.act_timestamp,'yyyy-MM-dd HH:mm:ss.fff'))>? order by p1_0.act_user_id,p1_0.act_activity,p1_0.act_activity_amt,p1_0.cr_cntrl_date,p1_0.cr_cntrl_nbr,p1_0.cr_refund_type,p1_0.act_activity_date,p1_0.act_timestamp,p2_0.cr_corp offset ? rows fetch first ? rows only|select p1_0.act_user_id,p1_0.act_activity,p1_0.cr_cntrl_date,p1_0.cr_cntrl_nbr,p1_0.cr_refund_type,p1_0.act_activity_date,p1_0.act_timestamp,p1_0.act_xref_nbr,p1_0.act_xref_date,p1_0.act_activity_amt,p1_0.act_working_bal,p2_0.cr_cntrld_amt,p2_0.cr_check_nbr,p2_0.cr_check_amt,p2_0.cr_receipt_type,p2_0.cr_claim_type,p2_0.cr_patient_lname,p2_0.cr_patient_fname,p2_0.cr_remittor_name,p2_0.cr_mbr_id_nbr,p2_0.cr_reason_code,p2_0.cr_gl_acct_nbr,p2_0.cr_corp,p2_0.cr_receipt_bal from p09_activity p1_0,p09_cash_receipt p2_0 where p1_0.cr_cntrl_date=p2_0.cr_cntrl_date and p1_0.cr_cntrl_nbr=p2_0.cr_cntrl_nbr and p1_0.cr_refund_type=p2_0.cr_refund_type and p2_0.cr_corp='01' and p1_0.act_daily_ind='Y' and p1_0.act_activity<>'EST' and (p1_0.act_user_id+p1_0.act_activity+format(p1_0.cr_cntrl_date,'yyyy-MM-dd')+p1_0.cr_cntrl_nbr+p1_0.cr_refund_type+format(p1_0.act_activity_date,'yyyy-MM-dd')+format(p1_0.act_timestamp,'yyyy-MM-dd HH:mm:ss.fff'))>'' order by p1_0.act_user_id,p1_0.act_activity,p1_0.act_activity_amt,p1_0.cr_cntrl_date,p1_0.cr_cntrl_nbr,p1_0.cr_refund_type,p1_0.act_activity_date,p1_0.act_timestamp,p2_0.cr_corp offset 0 rows fetch first 100 rows only
1775730975315|1|commit|connection 1|url jdbc:p6spy:sqlserver://CFSFPTEST:1433;databaseName=CFSFP;encrypt=true;trustServerCertificate=true;||
1775730975421|12|commit|connection 0|url jdbc:p6spy:sqlserver://CFSFPTEST:1433;databaseName=CFSFP;encrypt=true;trustServerCertificate=true;||
1775730975516|8|commit|connection 0|url jdbc:p6spy:sqlserver://CFSFPTEST:1433;databaseName=CFSFP;encrypt=true;trustServerCertificate=true;||
1775730975551|7|commit|connection 0|url jdbc:p6spy:sqlserver://CFSFPTEST:1433;databaseName=CFSFP;encrypt=true;trustServerCertificate=true;||
1775730975577|5|commit|connection 1|url jdbc:p6spy:sqlserver://CFSFPTEST:1433;databaseName=CFSFP;encrypt=true;trustServerCertificate=true;||
1775730975607|14|commit|connection 1|url jdbc:p6spy:sqlserver://CFSFPTEST:1433;databaseName=CFSFP;encrypt=true;trustServerCertificate=true;||
1775731326160|1|commit|connection 0|url jdbc:p6spy:sqlserver://CFSFPTEST:1433;databaseName=CFSFP;encrypt=true;trustServerCertificate=true;||
1775731326190|1|statement|connection 0|url jdbc:p6spy:sqlserver://CFSFPTEST:1433;databaseName=CFSFP;encrypt=true;trustServerCertificate=true;|select next value for BATCH_JOB_SEQ|select next value for BATCH_JOB_SEQ
1775731326251|6|commit|connection 0|url jdbc:p6spy:sqlserver://CFSFPTEST:1433;databaseName=CFSFP;encrypt=true;trustServerCertificate=true;||
1775731326379|4|commit|connection 0|url jdbc:p6spy:sqlserver://CFSFPTEST:1433;databaseName=CFSFP;encrypt=true;trustServerCertificate=true;||
1775731326398|0|commit|connection 0|url jdbc:p6spy:sqlserver://CFSFPTEST:1433;databaseName=CFSFP;encrypt=true;trustServerCertificate=true;||
1775731326409|0|commit|connection 0|url jdbc:p6spy:sqlserver://CFSFPTEST:1433;databaseName=CFSFP;encrypt=true;trustServerCertificate=true;||
1775731326426|4|commit|connection 0|url jdbc:p6spy:sqlserver://CFSFPTEST:1433;databaseName=CFSFP;encrypt=true;trustServerCertificate=true;||
1775731326451|3|commit|connection 0|url jdbc:p6spy:sqlserver://CFSFPTEST:1433;databaseName=CFSFP;encrypt=true;trustServerCertificate=true;||
1775731326472|4|commit|connection 0|url jdbc:p6spy:sqlserver://CFSFPTEST:1433;databaseName=CFSFP;encrypt=true;trustServerCertificate=true;||
1775731326529|4|commit|connection 0|url jdbc:p6spy:sqlserver://CFSFPTEST:1433;databaseName=CFSFP;encrypt=true;trustServerCertificate=true;||
1775731326540|4|commit|connection 0|url jdbc:p6spy:sqlserver://CFSFPTEST:1433;databaseName=CFSFP;encrypt=true;trustServerCertificate=true;||
1775731326556|3|commit|connection 0|url jdbc:p6spy:sqlserver://CFSFPTEST:1433;databaseName=CFSFP;encrypt=true;trustServerCertificate=true;||
1775731326565|4|commit|connection 0|url jdbc:p6spy:sqlserver://CFSFPTEST:1433;databaseName=CFSFP;encrypt=true;trustServerCertificate=true;||
1775731326577|1|commit|connection 0|url jdbc:p6spy:sqlserver://CFSFPTEST:1433;databaseName=CFSFP;encrypt=true;trustServerCertificate=true;||
1775731326583|0|commit|connection 0|url jdbc:p6spy:sqlserver://CFSFPTEST:1433;databaseName=CFSFP;encrypt=true;trustServerCertificate=true;||
1775731326596|4|commit|connection 0|url jdbc:p6spy:sqlserver://CFSFPTEST:1433;databaseName=CFSFP;encrypt=true;trustServerCertificate=true;||
1775731326608|4|commit|connection 0|url jdbc:p6spy:sqlserver://CFSFPTEST:1433;databaseName=CFSFP;encrypt=true;trustServerCertificate=true;||
1775731326641|3|commit|connection 0|url jdbc:p6spy:sqlserver://CFSFPTEST:1433;databaseName=CFSFP;encrypt=true;trustServerCertificate=true;||
1775731327406|262|statement|connection 1|url jdbc:p6spy:sqlserver://CFSFPTEST:1433;databaseName=CFSFP;encrypt=true;trustServerCertificate=true;|select p1_0.act_user_id,p1_0.act_activity,p1_0.cr_cntrl_date,p1_0.cr_cntrl_nbr,p1_0.cr_refund_type,p1_0.act_activity_date,p1_0.act_timestamp,p1_0.act_xref_nbr,p1_0.act_xref_date,p1_0.act_activity_amt,p1_0.act_working_bal,p2_0.cr_cntrld_amt,p2_0.cr_check_nbr,p2_0.cr_check_amt,p2_0.cr_receipt_type,p2_0.cr_claim_type,p2_0.cr_patient_lname,p2_0.cr_patient_fname,p2_0.cr_remittor_name,p2_0.cr_mbr_id_nbr,p2_0.cr_reason_code,p2_0.cr_gl_acct_nbr,p2_0.cr_corp,p2_0.cr_receipt_bal from p09_activity p1_0,p09_cash_receipt p2_0 where p1_0.cr_cntrl_date=p2_0.cr_cntrl_date and p1_0.cr_cntrl_nbr=p2_0.cr_cntrl_nbr and p1_0.cr_refund_type=p2_0.cr_refund_type and p2_0.cr_corp=? and p1_0.act_daily_ind='Y' and p1_0.act_activity<>'EST' and (p1_0.act_user_id+p1_0.act_activity+format(p1_0.cr_cntrl_date,'yyyy-MM-dd')+p1_0.cr_cntrl_nbr+p1_0.cr_refund_type+format(p1_0.act_activity_date,'yyyy-MM-dd')+format(p1_0.act_timestamp,'yyyy-MM-dd HH:mm:ss.fff'))>? order by p1_0.act_user_id,p1_0.act_activity,p1_0.act_activity_amt,p1_0.cr_cntrl_date,p1_0.cr_cntrl_nbr,p1_0.cr_refund_type,p1_0.act_activity_date,p1_0.act_timestamp,p2_0.cr_corp offset ? rows fetch first ? rows only|select p1_0.act_user_id,p1_0.act_activity,p1_0.cr_cntrl_date,p1_0.cr_cntrl_nbr,p1_0.cr_refund_type,p1_0.act_activity_date,p1_0.act_timestamp,p1_0.act_xref_nbr,p1_0.act_xref_date,p1_0.act_activity_amt,p1_0.act_working_bal,p2_0.cr_cntrld_amt,p2_0.cr_check_nbr,p2_0.cr_check_amt,p2_0.cr_receipt_type,p2_0.cr_claim_type,p2_0.cr_patient_lname,p2_0.cr_patient_fname,p2_0.cr_remittor_name,p2_0.cr_mbr_id_nbr,p2_0.cr_reason_code,p2_0.cr_gl_acct_nbr,p2_0.cr_corp,p2_0.cr_receipt_bal from p09_activity p1_0,p09_cash_receipt p2_0 where p1_0.cr_cntrl_date=p2_0.cr_cntrl_date and p1_0.cr_cntrl_nbr=p2_0.cr_cntrl_nbr and p1_0.cr_refund_type=p2_0.cr_refund_type and p2_0.cr_corp='01' and p1_0.act_daily_ind='Y' and p1_0.act_activity<>'EST' and (p1_0.act_user_id+p1_0.act_activity+format(p1_0.cr_cntrl_date,'yyyy-MM-dd')+p1_0.cr_cntrl_nbr+p1_0.cr_refund_type+format(p1_0.act_activity_date,'yyyy-MM-dd')+format(p1_0.act_timestamp,'yyyy-MM-dd HH:mm:ss.fff'))>'' order by p1_0.act_user_id,p1_0.act_activity,p1_0.act_activity_amt,p1_0.cr_cntrl_date,p1_0.cr_cntrl_nbr,p1_0.cr_refund_type,p1_0.act_activity_date,p1_0.act_timestamp,p2_0.cr_corp offset 0 rows fetch first 100 rows only
1775731327536|4|commit|connection 1|url jdbc:p6spy:sqlserver://CFSFPTEST:1433;databaseName=CFSFP;encrypt=true;trustServerCertificate=true;||
1775731327593|4|commit|connection 0|url jdbc:p6spy:sqlserver://CFSFPTEST:1433;databaseName=CFSFP;encrypt=true;trustServerCertificate=true;||
1775731327617|3|commit|connection 0|url jdbc:p6spy:sqlserver://CFSFPTEST:1433;databaseName=CFSFP;encrypt=true;trustServerCertificate=true;||
1775731327632|3|commit|connection 0|url jdbc:p6spy:sqlserver://CFSFPTEST:1433;databaseName=CFSFP;encrypt=true;trustServerCertificate=true;||
1775731327645|3|commit|connection 1|url jdbc:p6spy:sqlserver://CFSFPTEST:1433;databaseName=CFSFP;encrypt=true;trustServerCertificate=true;||
1775731327658|3|commit|connection 1|url jdbc:p6spy:sqlserver://CFSFPTEST:1433;databaseName=CFSFP;encrypt=true;trustServerCertificate=true;||
1775744215039|1|commit|connection 0|url jdbc:p6spy:sqlserver://CFSFPTEST:1433;databaseName=CFSFP;encrypt=true;trustServerCertificate=true;||
1775744215073|3|statement|connection 0|url jdbc:p6spy:sqlserver://CFSFPTEST:1433;databaseName=CFSFP;encrypt=true;trustServerCertificate=true;|select next value for BATCH_JOB_SEQ|select next value for BATCH_JOB_SEQ
1775744215180|4|commit|connection 0|url jdbc:p6spy:sqlserver://CFSFPTEST:1433;databaseName=CFSFP;encrypt=true;trustServerCertificate=true;||
1775744215407|4|commit|connection 0|url jdbc:p6spy:sqlserver://CFSFPTEST:1433;databaseName=CFSFP;encrypt=true;trustServerCertificate=true;||
1775744215440|1|commit|connection 0|url jdbc:p6spy:sqlserver://CFSFPTEST:1433;databaseName=CFSFP;encrypt=true;trustServerCertificate=true;||
1775744215455|0|commit|connection 0|url jdbc:p6spy:sqlserver://CFSFPTEST:1433;databaseName=CFSFP;encrypt=true;trustServerCertificate=true;||
1775744215490|4|commit|connection 0|url jdbc:p6spy:sqlserver://CFSFPTEST:1433;databaseName=CFSFP;encrypt=true;trustServerCertificate=true;||
1775744215560|4|commit|connection 0|url jdbc:p6spy:sqlserver://CFSFPTEST:1433;databaseName=CFSFP;encrypt=true;trustServerCertificate=true;||
1775744215585|3|commit|connection 0|url jdbc:p6spy:sqlserver://CFSFPTEST:1433;databaseName=CFSFP;encrypt=true;trustServerCertificate=true;||
1775744215675|4|commit|connection 0|url jdbc:p6spy:sqlserver://CFSFPTEST:1433;databaseName=CFSFP;encrypt=true;trustServerCertificate=true;||
1775744215695|3|commit|connection 0|url jdbc:p6spy:sqlserver://CFSFPTEST:1433;databaseName=CFSFP;encrypt=true;trustServerCertificate=true;||
1775744215733|6|commit|connection 0|url jdbc:p6spy:sqlserver://CFSFPTEST:1433;databaseName=CFSFP;encrypt=true;trustServerCertificate=true;||
1775744215752|3|commit|connection 0|url jdbc:p6spy:sqlserver://CFSFPTEST:1433;databaseName=CFSFP;encrypt=true;trustServerCertificate=true;||
1775744215780|1|commit|connection 0|url jdbc:p6spy:sqlserver://CFSFPTEST:1433;databaseName=CFSFP;encrypt=true;trustServerCertificate=true;||
1775744215795|4|commit|connection 0|url jdbc:p6spy:sqlserver://CFSFPTEST:1433;databaseName=CFSFP;encrypt=true;trustServerCertificate=true;||
1775744215815|7|commit|connection 0|url jdbc:p6spy:sqlserver://CFSFPTEST:1433;databaseName=CFSFP;encrypt=true;trustServerCertificate=true;||
1775744215828|3|commit|connection 0|url jdbc:p6spy:sqlserver://CFSFPTEST:1433;databaseName=CFSFP;encrypt=true;trustServerCertificate=true;||
1775744215908|6|commit|connection 0|url jdbc:p6spy:sqlserver://CFSFPTEST:1433;databaseName=CFSFP;encrypt=true;trustServerCertificate=true;||
1775744217041|274|statement|connection 1|url jdbc:p6spy:sqlserver://CFSFPTEST:1433;databaseName=CFSFP;encrypt=true;trustServerCertificate=true;|select p1_0.act_user_id,p1_0.act_activity,p1_0.cr_cntrl_date,p1_0.cr_cntrl_nbr,p1_0.cr_refund_type,p1_0.act_activity_date,p1_0.act_timestamp,p1_0.act_xref_nbr,p1_0.act_xref_date,p1_0.act_activity_amt,p1_0.act_working_bal,p2_0.cr_cntrld_amt,p2_0.cr_check_nbr,p2_0.cr_check_amt,p2_0.cr_receipt_type,p2_0.cr_claim_type,p2_0.cr_patient_lname,p2_0.cr_patient_fname,p2_0.cr_remittor_name,p2_0.cr_mbr_id_nbr,p2_0.cr_reason_code,p2_0.cr_gl_acct_nbr,p2_0.cr_corp,p2_0.cr_receipt_bal from p09_activity p1_0,p09_cash_receipt p2_0 where p1_0.cr_cntrl_date=p2_0.cr_cntrl_date and p1_0.cr_cntrl_nbr=p2_0.cr_cntrl_nbr and p1_0.cr_refund_type=p2_0.cr_refund_type and p2_0.cr_corp=? and p1_0.act_daily_ind='Y' and p1_0.act_activity<>'EST' and (p1_0.act_user_id+p1_0.act_activity+format(p1_0.cr_cntrl_date,'yyyy-MM-dd')+p1_0.cr_cntrl_nbr+p1_0.cr_refund_type+format(p1_0.act_activity_date,'yyyy-MM-dd')+format(p1_0.act_timestamp,'yyyy-MM-dd HH:mm:ss.fff'))>? order by p1_0.act_user_id,p1_0.act_activity,p1_0.act_activity_amt,p1_0.cr_cntrl_date,p1_0.cr_cntrl_nbr,p1_0.cr_refund_type,p1_0.act_activity_date,p1_0.act_timestamp,p2_0.cr_corp offset ? rows fetch first ? rows only|select p1_0.act_user_id,p1_0.act_activity,p1_0.cr_cntrl_date,p1_0.cr_cntrl_nbr,p1_0.cr_refund_type,p1_0.act_activity_date,p1_0.act_timestamp,p1_0.act_xref_nbr,p1_0.act_xref_date,p1_0.act_activity_amt,p1_0.act_working_bal,p2_0.cr_cntrld_amt,p2_0.cr_check_nbr,p2_0.cr_check_amt,p2_0.cr_receipt_type,p2_0.cr_claim_type,p2_0.cr_patient_lname,p2_0.cr_patient_fname,p2_0.cr_remittor_name,p2_0.cr_mbr_id_nbr,p2_0.cr_reason_code,p2_0.cr_gl_acct_nbr,p2_0.cr_corp,p2_0.cr_receipt_bal from p09_activity p1_0,p09_cash_receipt p2_0 where p1_0.cr_cntrl_date=p2_0.cr_cntrl_date and p1_0.cr_cntrl_nbr=p2_0.cr_cntrl_nbr and p1_0.cr_refund_type=p2_0.cr_refund_type and p2_0.cr_corp='01' and p1_0.act_daily_ind='Y' and p1_0.act_activity<>'EST' and (p1_0.act_user_id+p1_0.act_activity+format(p1_0.cr_cntrl_date,'yyyy-MM-dd')+p1_0.cr_cntrl_nbr+p1_0.cr_refund_type+format(p1_0.act_activity_date,'yyyy-MM-dd')+format(p1_0.act_timestamp,'yyyy-MM-dd HH:mm:ss.fff'))>'' order by p1_0.act_user_id,p1_0.act_activity,p1_0.act_activity_amt,p1_0.cr_cntrl_date,p1_0.cr_cntrl_nbr,p1_0.cr_refund_type,p1_0.act_activity_date,p1_0.act_timestamp,p2_0.cr_corp offset 0 rows fetch first 100 rows only
1775744217105|1|commit|connection 1|url jdbc:p6spy:sqlserver://CFSFPTEST:1433;databaseName=CFSFP;encrypt=true;trustServerCertificate=true;||
1775744217211|4|commit|connection 0|url jdbc:p6spy:sqlserver://CFSFPTEST:1433;databaseName=CFSFP;encrypt=true;trustServerCertificate=true;||
1775744217299|21|commit|connection 0|url jdbc:p6spy:sqlserver://CFSFPTEST:1433;databaseName=CFSFP;encrypt=true;trustServerCertificate=true;||
1775744217323|4|commit|connection 0|url jdbc:p6spy:sqlserver://CFSFPTEST:1433;databaseName=CFSFP;encrypt=true;trustServerCertificate=true;||
1775744217351|4|commit|connection 1|url jdbc:p6spy:sqlserver://CFSFPTEST:1433;databaseName=CFSFP;encrypt=true;trustServerCertificate=true;||
1775744217380|4|commit|connection 1|url jdbc:p6spy:sqlserver://CFSFPTEST:1433;databaseName=CFSFP;encrypt=true;trustServerCertificate=true;||
1775744460453|1|commit|connection 0|url jdbc:p6spy:sqlserver://CFSFPTEST:1433;databaseName=CFSFP;encrypt=true;trustServerCertificate=true;||
1775744460478|3|statement|connection 0|url jdbc:p6spy:sqlserver://CFSFPTEST:1433;databaseName=CFSFP;encrypt=true;trustServerCertificate=true;|select next value for BATCH_JOB_SEQ|select next value for BATCH_JOB_SEQ
1775744460573|5|commit|connection 0|url jdbc:p6spy:sqlserver://CFSFPTEST:1433;databaseName=CFSFP;encrypt=true;trustServerCertificate=true;||
1775744460723|4|commit|connection 0|url jdbc:p6spy:sqlserver://CFSFPTEST:1433;databaseName=CFSFP;encrypt=true;trustServerCertificate=true;||
1775744460749|0|commit|connection 0|url jdbc:p6spy:sqlserver://CFSFPTEST:1433;databaseName=CFSFP;encrypt=true;trustServerCertificate=true;||
1775744460764|0|commit|connection 0|url jdbc:p6spy:sqlserver://CFSFPTEST:1433;databaseName=CFSFP;encrypt=true;trustServerCertificate=true;||
1775744460784|3|commit|connection 0|url jdbc:p6spy:sqlserver://CFSFPTEST:1433;databaseName=CFSFP;encrypt=true;trustServerCertificate=true;||
1775744460809|3|commit|connection 0|url jdbc:p6spy:sqlserver://CFSFPTEST:1433;databaseName=CFSFP;encrypt=true;trustServerCertificate=true;||
1775744460840|3|commit|connection 0|url jdbc:p6spy:sqlserver://CFSFPTEST:1433;databaseName=CFSFP;encrypt=true;trustServerCertificate=true;||
1775744460954|7|commit|connection 0|url jdbc:p6spy:sqlserver://CFSFPTEST:1433;databaseName=CFSFP;encrypt=true;trustServerCertificate=true;||
1775744460964|3|commit|connection 0|url jdbc:p6spy:sqlserver://CFSFPTEST:1433;databaseName=CFSFP;encrypt=true;trustServerCertificate=true;||
1775744460979|3|commit|connection 0|url jdbc:p6spy:sqlserver://CFSFPTEST:1433;databaseName=CFSFP;encrypt=true;trustServerCertificate=true;||
1775744460989|3|commit|connection 0|url jdbc:p6spy:sqlserver://CFSFPTEST:1433;databaseName=CFSFP;encrypt=true;trustServerCertificate=true;||
1775744460999|0|commit|connection 0|url jdbc:p6spy:sqlserver://CFSFPTEST:1433;databaseName=CFSFP;encrypt=true;trustServerCertificate=true;||
1775744461004|0|commit|connection 0|url jdbc:p6spy:sqlserver://CFSFPTEST:1433;databaseName=CFSFP;encrypt=true;trustServerCertificate=true;||
1775744461019|3|commit|connection 0|url jdbc:p6spy:sqlserver://CFSFPTEST:1433;databaseName=CFSFP;encrypt=true;trustServerCertificate=true;||
1775744461029|3|commit|connection 0|url jdbc:p6spy:sqlserver://CFSFPTEST:1433;databaseName=CFSFP;encrypt=true;trustServerCertificate=true;||
1775744461109|4|commit|connection 0|url jdbc:p6spy:sqlserver://CFSFPTEST:1433;databaseName=CFSFP;encrypt=true;trustServerCertificate=true;||
1775744461822|261|statement|connection 1|url jdbc:p6spy:sqlserver://CFSFPTEST:1433;databaseName=CFSFP;encrypt=true;trustServerCertificate=true;|select p1_0.act_user_id,p1_0.act_activity,p1_0.cr_cntrl_date,p1_0.cr_cntrl_nbr,p1_0.cr_refund_type,p1_0.act_activity_date,p1_0.act_timestamp,p1_0.act_xref_nbr,p1_0.act_xref_date,p1_0.act_activity_amt,p1_0.act_working_bal,p2_0.cr_cntrld_amt,p2_0.cr_check_nbr,p2_0.cr_check_amt,p2_0.cr_receipt_type,p2_0.cr_claim_type,p2_0.cr_patient_lname,p2_0.cr_patient_fname,p2_0.cr_remittor_name,p2_0.cr_mbr_id_nbr,p2_0.cr_reason_code,p2_0.cr_gl_acct_nbr,p2_0.cr_corp,p2_0.cr_receipt_bal from p09_activity p1_0,p09_cash_receipt p2_0 where p1_0.cr_cntrl_date=p2_0.cr_cntrl_date and p1_0.cr_cntrl_nbr=p2_0.cr_cntrl_nbr and p1_0.cr_refund_type=p2_0.cr_refund_type and p2_0.cr_corp=? and p1_0.act_daily_ind='Y' and p1_0.act_activity<>'EST' and (p1_0.act_user_id+p1_0.act_activity+format(p1_0.cr_cntrl_date,'yyyy-MM-dd')+p1_0.cr_cntrl_nbr+p1_0.cr_refund_type+format(p1_0.act_activity_date,'yyyy-MM-dd')+format(p1_0.act_timestamp,'yyyy-MM-dd HH:mm:ss.fff'))>? order by p1_0.act_user_id,p1_0.act_activity,p1_0.act_activity_amt,p1_0.cr_cntrl_date,p1_0.cr_cntrl_nbr,p1_0.cr_refund_type,p1_0.act_activity_date,p1_0.act_timestamp,p2_0.cr_corp offset ? rows fetch first ? rows only|select p1_0.act_user_id,p1_0.act_activity,p1_0.cr_cntrl_date,p1_0.cr_cntrl_nbr,p1_0.cr_refund_type,p1_0.act_activity_date,p1_0.act_timestamp,p1_0.act_xref_nbr,p1_0.act_xref_date,p1_0.act_activity_amt,p1_0.act_working_bal,p2_0.cr_cntrld_amt,p2_0.cr_check_nbr,p2_0.cr_check_amt,p2_0.cr_receipt_type,p2_0.cr_claim_type,p2_0.cr_patient_lname,p2_0.cr_patient_fname,p2_0.cr_remittor_name,p2_0.cr_mbr_id_nbr,p2_0.cr_reason_code,p2_0.cr_gl_acct_nbr,p2_0.cr_corp,p2_0.cr_receipt_bal from p09_activity p1_0,p09_cash_receipt p2_0 where p1_0.cr_cntrl_date=p2_0.cr_cntrl_date and p1_0.cr_cntrl_nbr=p2_0.cr_cntrl_nbr and p1_0.cr_refund_type=p2_0.cr_refund_type and p2_0.cr_corp='01' and p1_0.act_daily_ind='Y' and p1_0.act_activity<>'EST' and (p1_0.act_user_id+p1_0.act_activity+format(p1_0.cr_cntrl_date,'yyyy-MM-dd')+p1_0.cr_cntrl_nbr+p1_0.cr_refund_type+format(p1_0.act_activity_date,'yyyy-MM-dd')+format(p1_0.act_timestamp,'yyyy-MM-dd HH:mm:ss.fff'))>'' order by p1_0.act_user_id,p1_0.act_activity,p1_0.act_activity_amt,p1_0.cr_cntrl_date,p1_0.cr_cntrl_nbr,p1_0.cr_refund_type,p1_0.act_activity_date,p1_0.act_timestamp,p2_0.cr_corp offset 0 rows fetch first 100 rows only
1775744461868|1|commit|connection 1|url jdbc:p6spy:sqlserver://CFSFPTEST:1433;databaseName=CFSFP;encrypt=true;trustServerCertificate=true;||
1775744461919|4|commit|connection 0|url jdbc:p6spy:sqlserver://CFSFPTEST:1433;databaseName=CFSFP;encrypt=true;trustServerCertificate=true;||
1775744461954|3|commit|connection 0|url jdbc:p6spy:sqlserver://CFSFPTEST:1433;databaseName=CFSFP;encrypt=true;trustServerCertificate=true;||
1775744461964|3|commit|connection 0|url jdbc:p6spy:sqlserver://CFSFPTEST:1433;databaseName=CFSFP;encrypt=true;trustServerCertificate=true;||
1775744461974|3|commit|connection 1|url jdbc:p6spy:sqlserver://CFSFPTEST:1433;databaseName=CFSFP;encrypt=true;trustServerCertificate=true;||
1775744461992|3|commit|connection 1|url jdbc:p6spy:sqlserver://CFSFPTEST:1433;databaseName=CFSFP;encrypt=true;trustServerCertificate=true;||
1775744805418|3|commit|connection 0|url jdbc:p6spy:sqlserver://CFSFPTEST:1433;databaseName=CFSFP;encrypt=true;trustServerCertificate=true;||
1775744805466|1|statement|connection 0|url jdbc:p6spy:sqlserver://CFSFPTEST:1433;databaseName=CFSFP;encrypt=true;trustServerCertificate=true;|select next value for BATCH_JOB_SEQ|select next value for BATCH_JOB_SEQ
1775744805551|11|commit|connection 0|url jdbc:p6spy:sqlserver://CFSFPTEST:1433;databaseName=CFSFP;encrypt=true;trustServerCertificate=true;||
1775744805730|5|commit|connection 0|url jdbc:p6spy:sqlserver://CFSFPTEST:1433;databaseName=CFSFP;encrypt=true;trustServerCertificate=true;||
1775744805762|1|commit|connection 0|url jdbc:p6spy:sqlserver://CFSFPTEST:1433;databaseName=CFSFP;encrypt=true;trustServerCertificate=true;||
1775744805774|0|commit|connection 0|url jdbc:p6spy:sqlserver://CFSFPTEST:1433;databaseName=CFSFP;encrypt=true;trustServerCertificate=true;||
1775744805808|3|commit|connection 0|url jdbc:p6spy:sqlserver://CFSFPTEST:1433;databaseName=CFSFP;encrypt=true;trustServerCertificate=true;||
1775744805885|6|commit|connection 0|url jdbc:p6spy:sqlserver://CFSFPTEST:1433;databaseName=CFSFP;encrypt=true;trustServerCertificate=true;||
1775744805929|15|commit|connection 0|url jdbc:p6spy:sqlserver://CFSFPTEST:1433;databaseName=CFSFP;encrypt=true;trustServerCertificate=true;||
1775744806205|19|commit|connection 0|url jdbc:p6spy:sqlserver://CFSFPTEST:1433;databaseName=CFSFP;encrypt=true;trustServerCertificate=true;||
1775744806254|19|commit|connection 0|url jdbc:p6spy:sqlserver://CFSFPTEST:1433;databaseName=CFSFP;encrypt=true;trustServerCertificate=true;||
1775744806269|5|commit|connection 0|url jdbc:p6spy:sqlserver://CFSFPTEST:1433;databaseName=CFSFP;encrypt=true;trustServerCertificate=true;||
1775744806296|4|commit|connection 0|url jdbc:p6spy:sqlserver://CFSFPTEST:1433;databaseName=CFSFP;encrypt=true;trustServerCertificate=true;||
1775744806323|1|commit|connection 0|url jdbc:p6spy:sqlserver://CFSFPTEST:1433;databaseName=CFSFP;encrypt=true;trustServerCertificate=true;||
1775744806342|0|commit|connection 0|url jdbc:p6spy:sqlserver://CFSFPTEST:1433;databaseName=CFSFP;encrypt=true;trustServerCertificate=true;||
1775744806371|4|commit|connection 0|url jdbc:p6spy:sqlserver://CFSFPTEST:1433;databaseName=CFSFP;encrypt=true;trustServerCertificate=true;||
1775744806387|8|commit|connection 0|url jdbc:p6spy:sqlserver://CFSFPTEST:1433;databaseName=CFSFP;encrypt=true;trustServerCertificate=true;||
1775744806456|8|commit|connection 0|url jdbc:p6spy:sqlserver://CFSFPTEST:1433;databaseName=CFSFP;encrypt=true;trustServerCertificate=true;||
1775744807389|259|statement|connection 1|url jdbc:p6spy:sqlserver://CFSFPTEST:1433;databaseName=CFSFP;encrypt=true;trustServerCertificate=true;|select p1_0.act_user_id,p1_0.act_activity,p1_0.cr_cntrl_date,p1_0.cr_cntrl_nbr,p1_0.cr_refund_type,p1_0.act_activity_date,p1_0.act_timestamp,p1_0.act_xref_nbr,p1_0.act_xref_date,p1_0.act_activity_amt,p1_0.act_working_bal,p2_0.cr_cntrld_amt,p2_0.cr_check_nbr,p2_0.cr_check_amt,p2_0.cr_receipt_type,p2_0.cr_claim_type,p2_0.cr_patient_lname,p2_0.cr_patient_fname,p2_0.cr_remittor_name,p2_0.cr_mbr_id_nbr,p2_0.cr_reason_code,p2_0.cr_gl_acct_nbr,p2_0.cr_corp,p2_0.cr_receipt_bal from p09_activity p1_0,p09_cash_receipt p2_0 where p1_0.cr_cntrl_date=p2_0.cr_cntrl_date and p1_0.cr_cntrl_nbr=p2_0.cr_cntrl_nbr and p1_0.cr_refund_type=p2_0.cr_refund_type and p2_0.cr_corp=? and p1_0.act_daily_ind='Y' and p1_0.act_activity<>'EST' and (p1_0.act_user_id+p1_0.act_activity+format(p1_0.cr_cntrl_date,'yyyy-MM-dd')+p1_0.cr_cntrl_nbr+p1_0.cr_refund_type+format(p1_0.act_activity_date,'yyyy-MM-dd')+format(p1_0.act_timestamp,'yyyy-MM-dd HH:mm:ss.fff'))>? order by p1_0.act_user_id,p1_0.act_activity,p1_0.act_activity_amt,p1_0.cr_cntrl_date,p1_0.cr_cntrl_nbr,p1_0.cr_refund_type,p1_0.act_activity_date,p1_0.act_timestamp,p2_0.cr_corp offset ? rows fetch first ? rows only|select p1_0.act_user_id,p1_0.act_activity,p1_0.cr_cntrl_date,p1_0.cr_cntrl_nbr,p1_0.cr_refund_type,p1_0.act_activity_date,p1_0.act_timestamp,p1_0.act_xref_nbr,p1_0.act_xref_date,p1_0.act_activity_amt,p1_0.act_working_bal,p2_0.cr_cntrld_amt,p2_0.cr_check_nbr,p2_0.cr_check_amt,p2_0.cr_receipt_type,p2_0.cr_claim_type,p2_0.cr_patient_lname,p2_0.cr_patient_fname,p2_0.cr_remittor_name,p2_0.cr_mbr_id_nbr,p2_0.cr_reason_code,p2_0.cr_gl_acct_nbr,p2_0.cr_corp,p2_0.cr_receipt_bal from p09_activity p1_0,p09_cash_receipt p2_0 where p1_0.cr_cntrl_date=p2_0.cr_cntrl_date and p1_0.cr_cntrl_nbr=p2_0.cr_cntrl_nbr and p1_0.cr_refund_type=p2_0.cr_refund_type and p2_0.cr_corp='01' and p1_0.act_daily_ind='Y' and p1_0.act_activity<>'EST' and (p1_0.act_user_id+p1_0.act_activity+format(p1_0.cr_cntrl_date,'yyyy-MM-dd')+p1_0.cr_cntrl_nbr+p1_0.cr_refund_type+format(p1_0.act_activity_date,'yyyy-MM-dd')+format(p1_0.act_timestamp,'yyyy-MM-dd HH:mm:ss.fff'))>'' order by p1_0.act_user_id,p1_0.act_activity,p1_0.act_activity_amt,p1_0.cr_cntrl_date,p1_0.cr_cntrl_nbr,p1_0.cr_refund_type,p1_0.act_activity_date,p1_0.act_timestamp,p2_0.cr_corp offset 0 rows fetch first 100 rows only
1775744807436|1|commit|connection 1|url jdbc:p6spy:sqlserver://CFSFPTEST:1433;databaseName=CFSFP;encrypt=true;trustServerCertificate=true;||
1775744807495|3|commit|connection 0|url jdbc:p6spy:sqlserver://CFSFPTEST:1433;databaseName=CFSFP;encrypt=true;trustServerCertificate=true;||
1775744807526|3|commit|connection 0|url jdbc:p6spy:sqlserver://CFSFPTEST:1433;databaseName=CFSFP;encrypt=true;trustServerCertificate=true;||
1775744807540|3|commit|connection 0|url jdbc:p6spy:sqlserver://CFSFPTEST:1433;databaseName=CFSFP;encrypt=true;trustServerCertificate=true;||
1775744807549|3|commit|connection 1|url jdbc:p6spy:sqlserver://CFSFPTEST:1433;databaseName=CFSFP;encrypt=true;trustServerCertificate=true;||
1775744807576|3|commit|connection 1|url jdbc:p6spy:sqlserver://CFSFPTEST:1433;databaseName=CFSFP;encrypt=true;trustServerCertificate=true;||
1775745194514|1|commit|connection 0|url jdbc:p6spy:sqlserver://CFSFPTEST:1433;databaseName=CFSFP;encrypt=true;trustServerCertificate=true;||
1775745194548|1|statement|connection 0|url jdbc:p6spy:sqlserver://CFSFPTEST:1433;databaseName=CFSFP;encrypt=true;trustServerCertificate=true;|select next value for BATCH_JOB_SEQ|select next value for BATCH_JOB_SEQ
1775745194623|4|commit|connection 0|url jdbc:p6spy:sqlserver://CFSFPTEST:1433;databaseName=CFSFP;encrypt=true;trustServerCertificate=true;||
1775745194851|4|commit|connection 0|url jdbc:p6spy:sqlserver://CFSFPTEST:1433;databaseName=CFSFP;encrypt=true;trustServerCertificate=true;||
1775745194880|7|commit|connection 0|url jdbc:p6spy:sqlserver://CFSFPTEST:1433;databaseName=CFSFP;encrypt=true;trustServerCertificate=true;||
1775745194897|3|commit|connection 0|url jdbc:p6spy:sqlserver://CFSFPTEST:1433;databaseName=CFSFP;encrypt=true;trustServerCertificate=true;||
1775745194919|7|commit|connection 0|url jdbc:p6spy:sqlserver://CFSFPTEST:1433;databaseName=CFSFP;encrypt=true;trustServerCertificate=true;||
1775745194951|4|commit|connection 0|url jdbc:p6spy:sqlserver://CFSFPTEST:1433;databaseName=CFSFP;encrypt=true;trustServerCertificate=true;||
1775745194980|4|commit|connection 0|url jdbc:p6spy:sqlserver://CFSFPTEST:1433;databaseName=CFSFP;encrypt=true;trustServerCertificate=true;||
1775745195077|4|commit|connection 0|url jdbc:p6spy:sqlserver://CFSFPTEST:1433;databaseName=CFSFP;encrypt=true;trustServerCertificate=true;||
1775745195109|3|commit|connection 0|url jdbc:p6spy:sqlserver://CFSFPTEST:1433;databaseName=CFSFP;encrypt=true;trustServerCertificate=true;||
1775745195136|3|commit|connection 0|url jdbc:p6spy:sqlserver://CFSFPTEST:1433;databaseName=CFSFP;encrypt=true;trustServerCertificate=true;||
1775745195165|10|commit|connection 0|url jdbc:p6spy:sqlserver://CFSFPTEST:1433;databaseName=CFSFP;encrypt=true;trustServerCertificate=true;||
1775745195180|4|commit|connection 0|url jdbc:p6spy:sqlserver://CFSFPTEST:1433;databaseName=CFSFP;encrypt=true;trustServerCertificate=true;||
1775745195195|3|commit|connection 0|url jdbc:p6spy:sqlserver://CFSFPTEST:1433;databaseName=CFSFP;encrypt=true;trustServerCertificate=true;||
1775745195211|4|commit|connection 0|url jdbc:p6spy:sqlserver://CFSFPTEST:1433;databaseName=CFSFP;encrypt=true;trustServerCertificate=true;||
1775745195227|8|commit|connection 0|url jdbc:p6spy:sqlserver://CFSFPTEST:1433;databaseName=CFSFP;encrypt=true;trustServerCertificate=true;||
1775745195288|4|commit|connection 0|url jdbc:p6spy:sqlserver://CFSFPTEST:1433;databaseName=CFSFP;encrypt=true;trustServerCertificate=true;||
1775745196288|265|statement|connection 1|url jdbc:p6spy:sqlserver://CFSFPTEST:1433;databaseName=CFSFP;encrypt=true;trustServerCertificate=true;|select p1_0.act_user_id,p1_0.act_activity,p1_0.cr_cntrl_date,p1_0.cr_cntrl_nbr,p1_0.cr_refund_type,p1_0.act_activity_date,p1_0.act_timestamp,p1_0.act_xref_nbr,p1_0.act_xref_date,p1_0.act_activity_amt,p1_0.act_working_bal,p2_0.cr_cntrld_amt,p2_0.cr_check_nbr,p2_0.cr_check_amt,p2_0.cr_receipt_type,p2_0.cr_claim_type,p2_0.cr_patient_lname,p2_0.cr_patient_fname,p2_0.cr_remittor_name,p2_0.cr_mbr_id_nbr,p2_0.cr_reason_code,p2_0.cr_gl_acct_nbr,p2_0.cr_corp,p2_0.cr_receipt_bal from p09_activity p1_0,p09_cash_receipt p2_0 where p1_0.cr_cntrl_date=p2_0.cr_cntrl_date and p1_0.cr_cntrl_nbr=p2_0.cr_cntrl_nbr and p1_0.cr_refund_type=p2_0.cr_refund_type and p2_0.cr_corp=? and p1_0.act_daily_ind='Y' and p1_0.act_activity<>'EST' and (p1_0.act_user_id+p1_0.act_activity+format(p1_0.cr_cntrl_date,'yyyy-MM-dd')+p1_0.cr_cntrl_nbr+p1_0.cr_refund_type+format(p1_0.act_activity_date,'yyyy-MM-dd')+format(p1_0.act_timestamp,'yyyy-MM-dd HH:mm:ss.fff'))>? order by p1_0.act_user_id,p1_0.act_activity,p1_0.act_activity_amt,p1_0.cr_cntrl_date,p1_0.cr_cntrl_nbr,p1_0.cr_refund_type,p1_0.act_activity_date,p1_0.act_timestamp,p2_0.cr_corp offset ? rows fetch first ? rows only|select p1_0.act_user_id,p1_0.act_activity,p1_0.cr_cntrl_date,p1_0.cr_cntrl_nbr,p1_0.cr_refund_type,p1_0.act_activity_date,p1_0.act_timestamp,p1_0.act_xref_nbr,p1_0.act_xref_date,p1_0.act_activity_amt,p1_0.act_working_bal,p2_0.cr_cntrld_amt,p2_0.cr_check_nbr,p2_0.cr_check_amt,p2_0.cr_receipt_type,p2_0.cr_claim_type,p2_0.cr_patient_lname,p2_0.cr_patient_fname,p2_0.cr_remittor_name,p2_0.cr_mbr_id_nbr,p2_0.cr_reason_code,p2_0.cr_gl_acct_nbr,p2_0.cr_corp,p2_0.cr_receipt_bal from p09_activity p1_0,p09_cash_receipt p2_0 where p1_0.cr_cntrl_date=p2_0.cr_cntrl_date and p1_0.cr_cntrl_nbr=p2_0.cr_cntrl_nbr and p1_0.cr_refund_type=p2_0.cr_refund_type and p2_0.cr_corp='01' and p1_0.act_daily_ind='Y' and p1_0.act_activity<>'EST' and (p1_0.act_user_id+p1_0.act_activity+format(p1_0.cr_cntrl_date,'yyyy-MM-dd')+p1_0.cr_cntrl_nbr+p1_0.cr_refund_type+format(p1_0.act_activity_date,'yyyy-MM-dd')+format(p1_0.act_timestamp,'yyyy-MM-dd HH:mm:ss.fff'))>'' order by p1_0.act_user_id,p1_0.act_activity,p1_0.act_activity_amt,p1_0.cr_cntrl_date,p1_0.cr_cntrl_nbr,p1_0.cr_refund_type,p1_0.act_activity_date,p1_0.act_timestamp,p2_0.cr_corp offset 0 rows fetch first 100 rows only
1775745196377|1|commit|connection 1|url jdbc:p6spy:sqlserver://CFSFPTEST:1433;databaseName=CFSFP;encrypt=true;trustServerCertificate=true;||
1775745196470|14|commit|connection 0|url jdbc:p6spy:sqlserver://CFSFPTEST:1433;databaseName=CFSFP;encrypt=true;trustServerCertificate=true;||
1775745196518|3|commit|connection 0|url jdbc:p6spy:sqlserver://CFSFPTEST:1433;databaseName=CFSFP;encrypt=true;trustServerCertificate=true;||
1775745196536|4|commit|connection 0|url jdbc:p6spy:sqlserver://CFSFPTEST:1433;databaseName=CFSFP;encrypt=true;trustServerCertificate=true;||
1775745196556|3|commit|connection 1|url jdbc:p6spy:sqlserver://CFSFPTEST:1433;databaseName=CFSFP;encrypt=true;trustServerCertificate=true;||
1775745196592|11|commit|connection 1|url jdbc:p6spy:sqlserver://CFSFPTEST:1433;databaseName=CFSFP;encrypt=true;trustServerCertificate=true;||
1775745329653|1|commit|connection 0|url jdbc:p6spy:sqlserver://CFSFPTEST:1433;databaseName=CFSFP;encrypt=true;trustServerCertificate=true;||
1775745329675|3|statement|connection 0|url jdbc:p6spy:sqlserver://CFSFPTEST:1433;databaseName=CFSFP;encrypt=true;trustServerCertificate=true;|select next value for BATCH_JOB_SEQ|select next value for BATCH_JOB_SEQ
1775745329741|11|commit|connection 0|url jdbc:p6spy:sqlserver://CFSFPTEST:1433;databaseName=CFSFP;encrypt=true;trustServerCertificate=true;||
1775745329842|3|commit|connection 0|url jdbc:p6spy:sqlserver://CFSFPTEST:1433;databaseName=CFSFP;encrypt=true;trustServerCertificate=true;||
1775745329857|0|commit|connection 0|url jdbc:p6spy:sqlserver://CFSFPTEST:1433;databaseName=CFSFP;encrypt=true;trustServerCertificate=true;||
1775745329871|4|commit|connection 0|url jdbc:p6spy:sqlserver://CFSFPTEST:1433;databaseName=CFSFP;encrypt=true;trustServerCertificate=true;||
1775745329887|4|commit|connection 0|url jdbc:p6spy:sqlserver://CFSFPTEST:1433;databaseName=CFSFP;encrypt=true;trustServerCertificate=true;||
1775745329904|4|commit|connection 0|url jdbc:p6spy:sqlserver://CFSFPTEST:1433;databaseName=CFSFP;encrypt=true;trustServerCertificate=true;||
1775745329926|3|commit|connection 0|url jdbc:p6spy:sqlserver://CFSFPTEST:1433;databaseName=CFSFP;encrypt=true;trustServerCertificate=true;||
1775745329982|4|commit|connection 0|url jdbc:p6spy:sqlserver://CFSFPTEST:1433;databaseName=CFSFP;encrypt=true;trustServerCertificate=true;||
1775745329997|6|commit|connection 0|url jdbc:p6spy:sqlserver://CFSFPTEST:1433;databaseName=CFSFP;encrypt=true;trustServerCertificate=true;||
1775745330012|8|commit|connection 0|url jdbc:p6spy:sqlserver://CFSFPTEST:1433;databaseName=CFSFP;encrypt=true;trustServerCertificate=true;||
1775745330022|4|commit|connection 0|url jdbc:p6spy:sqlserver://CFSFPTEST:1433;databaseName=CFSFP;encrypt=true;trustServerCertificate=true;||
1775745330033|0|commit|connection 0|url jdbc:p6spy:sqlserver://CFSFPTEST:1433;databaseName=CFSFP;encrypt=true;trustServerCertificate=true;||
1775745330040|0|commit|connection 0|url jdbc:p6spy:sqlserver://CFSFPTEST:1433;databaseName=CFSFP;encrypt=true;trustServerCertificate=true;||
1775745330058|4|commit|connection 0|url jdbc:p6spy:sqlserver://CFSFPTEST:1433;databaseName=CFSFP;encrypt=true;trustServerCertificate=true;||
1775745330070|4|commit|connection 0|url jdbc:p6spy:sqlserver://CFSFPTEST:1433;databaseName=CFSFP;encrypt=true;trustServerCertificate=true;||
1775745330104|5|commit|connection 0|url jdbc:p6spy:sqlserver://CFSFPTEST:1433;databaseName=CFSFP;encrypt=true;trustServerCertificate=true;||
1775745330787|270|statement|connection 1|url jdbc:p6spy:sqlserver://CFSFPTEST:1433;databaseName=CFSFP;encrypt=true;trustServerCertificate=true;|select p1_0.act_user_id,p1_0.act_activity,p1_0.cr_cntrl_date,p1_0.cr_cntrl_nbr,p1_0.cr_refund_type,p1_0.act_activity_date,p1_0.act_timestamp,p1_0.act_xref_nbr,p1_0.act_xref_date,p1_0.act_activity_amt,p1_0.act_working_bal,p2_0.cr_cntrld_amt,p2_0.cr_check_nbr,p2_0.cr_check_amt,p2_0.cr_receipt_type,p2_0.cr_claim_type,p2_0.cr_patient_lname,p2_0.cr_patient_fname,p2_0.cr_remittor_name,p2_0.cr_mbr_id_nbr,p2_0.cr_reason_code,p2_0.cr_gl_acct_nbr,p2_0.cr_corp,p2_0.cr_receipt_bal from p09_activity p1_0,p09_cash_receipt p2_0 where p1_0.cr_cntrl_date=p2_0.cr_cntrl_date and p1_0.cr_cntrl_nbr=p2_0.cr_cntrl_nbr and p1_0.cr_refund_type=p2_0.cr_refund_type and p2_0.cr_corp=? and p1_0.act_daily_ind='Y' and p1_0.act_activity<>'EST' and (p1_0.act_user_id+p1_0.act_activity+format(p1_0.cr_cntrl_date,'yyyy-MM-dd')+p1_0.cr_cntrl_nbr+p1_0.cr_refund_type+format(p1_0.act_activity_date,'yyyy-MM-dd')+format(p1_0.act_timestamp,'yyyy-MM-dd HH:mm:ss.fff'))>? order by p1_0.act_user_id,p1_0.act_activity,p1_0.act_activity_amt,p1_0.cr_cntrl_date,p1_0.cr_cntrl_nbr,p1_0.cr_refund_type,p1_0.act_activity_date,p1_0.act_timestamp,p2_0.cr_corp offset ? rows fetch first ? rows only|select p1_0.act_user_id,p1_0.act_activity,p1_0.cr_cntrl_date,p1_0.cr_cntrl_nbr,p1_0.cr_refund_type,p1_0.act_activity_date,p1_0.act_timestamp,p1_0.act_xref_nbr,p1_0.act_xref_date,p1_0.act_activity_amt,p1_0.act_working_bal,p2_0.cr_cntrld_amt,p2_0.cr_check_nbr,p2_0.cr_check_amt,p2_0.cr_receipt_type,p2_0.cr_claim_type,p2_0.cr_patient_lname,p2_0.cr_patient_fname,p2_0.cr_remittor_name,p2_0.cr_mbr_id_nbr,p2_0.cr_reason_code,p2_0.cr_gl_acct_nbr,p2_0.cr_corp,p2_0.cr_receipt_bal from p09_activity p1_0,p09_cash_receipt p2_0 where p1_0.cr_cntrl_date=p2_0.cr_cntrl_date and p1_0.cr_cntrl_nbr=p2_0.cr_cntrl_nbr and p1_0.cr_refund_type=p2_0.cr_refund_type and p2_0.cr_corp='01' and p1_0.act_daily_ind='Y' and p1_0.act_activity<>'EST' and (p1_0.act_user_id+p1_0.act_activity+format(p1_0.cr_cntrl_date,'yyyy-MM-dd')+p1_0.cr_cntrl_nbr+p1_0.cr_refund_type+format(p1_0.act_activity_date,'yyyy-MM-dd')+format(p1_0.act_timestamp,'yyyy-MM-dd HH:mm:ss.fff'))>'' order by p1_0.act_user_id,p1_0.act_activity,p1_0.act_activity_amt,p1_0.cr_cntrl_date,p1_0.cr_cntrl_nbr,p1_0.cr_refund_type,p1_0.act_activity_date,p1_0.act_timestamp,p2_0.cr_corp offset 0 rows fetch first 100 rows only
1775745330879|11|commit|connection 1|url jdbc:p6spy:sqlserver://CFSFPTEST:1433;databaseName=CFSFP;encrypt=true;trustServerCertificate=true;||
1775745330954|4|commit|connection 0|url jdbc:p6spy:sqlserver://CFSFPTEST:1433;databaseName=CFSFP;encrypt=true;trustServerCertificate=true;||
1775745330995|7|commit|connection 0|url jdbc:p6spy:sqlserver://CFSFPTEST:1433;databaseName=CFSFP;encrypt=true;trustServerCertificate=true;||
1775745331008|3|commit|connection 0|url jdbc:p6spy:sqlserver://CFSFPTEST:1433;databaseName=CFSFP;encrypt=true;trustServerCertificate=true;||
1775745331023|5|commit|connection 1|url jdbc:p6spy:sqlserver://CFSFPTEST:1433;databaseName=CFSFP;encrypt=true;trustServerCertificate=true;||
1775745331039|5|commit|connection 1|url jdbc:p6spy:sqlserver://CFSFPTEST:1433;databaseName=CFSFP;encrypt=true;trustServerCertificate=true;||
1776275801402|1|commit|connection 0|url jdbc:p6spy:sqlserver://CFSFPTEST:1433;databaseName=CFSFP;encrypt=true;trustServerCertificate=true;||
1776275801433|11|statement|connection 0|url jdbc:p6spy:sqlserver://CFSFPTEST:1433;databaseName=CFSFP;encrypt=true;trustServerCertificate=true;|select next value for BATCH_JOB_SEQ|select next value for BATCH_JOB_SEQ
1776275801555|4|commit|connection 0|url jdbc:p6spy:sqlserver://CFSFPTEST:1433;databaseName=CFSFP;encrypt=true;trustServerCertificate=true;||
1776275801721|15|commit|connection 0|url jdbc:p6spy:sqlserver://CFSFPTEST:1433;databaseName=CFSFP;encrypt=true;trustServerCertificate=true;||
1776275801775|1|commit|connection 0|url jdbc:p6spy:sqlserver://CFSFPTEST:1433;databaseName=CFSFP;encrypt=true;trustServerCertificate=true;||
1776275801801|4|commit|connection 0|url jdbc:p6spy:sqlserver://CFSFPTEST:1433;databaseName=CFSFP;encrypt=true;trustServerCertificate=true;||
1776275801842|9|commit|connection 0|url jdbc:p6spy:sqlserver://CFSFPTEST:1433;databaseName=CFSFP;encrypt=true;trustServerCertificate=true;||
1776275801878|12|commit|connection 0|url jdbc:p6spy:sqlserver://CFSFPTEST:1433;databaseName=CFSFP;encrypt=true;trustServerCertificate=true;||
1776275801912|10|commit|connection 0|url jdbc:p6spy:sqlserver://CFSFPTEST:1433;databaseName=CFSFP;encrypt=true;trustServerCertificate=true;||
1776275802576|157|statement|connection 0|url jdbc:p6spy:sqlserver://CFSFPTEST:1433;databaseName=CFSFP;encrypt=true;trustServerCertificate=true;|select p1_0.cr_location_clerk,p1_0.cr_location_nbr,p1_0.cr_cntrl_date,p1_0.cr_cntrl_nbr,p1_0.cr_refund_type,p1_0.cr_cntrld_amt,p1_0.cr_patient_lname,p1_0.cr_patient_fname,p1_0.cr_mbr_id_nbr,p1_0.cr_remittor_name,p1_0.cr_reason_code,p1_0.cr_receipt_type,p1_0.cr_check_nbr,p1_0.cr_status_text,p1_0.cr_received_date,p1_0.cr_location_date from p09_cash_receipt p1_0 where (p1_0.cr_location_nbr+p1_0.cr_location_clerk+format(p1_0.cr_received_date,'yyyy-MM-dd')+p1_0.cr_refund_type+p1_0.cr_cntrl_nbr+format(p1_0.cr_cntrl_date,'yyyy-MM-dd'))>? and p1_0.cr_status_text in ('OPEN','PENDED') order by p1_0.cr_location_nbr,p1_0.cr_location_clerk,p1_0.cr_received_date,p1_0.cr_refund_type,p1_0.cr_cntrl_nbr,p1_0.cr_cntrl_date|select p1_0.cr_location_clerk,p1_0.cr_location_nbr,p1_0.cr_cntrl_date,p1_0.cr_cntrl_nbr,p1_0.cr_refund_type,p1_0.cr_cntrld_amt,p1_0.cr_patient_lname,p1_0.cr_patient_fname,p1_0.cr_mbr_id_nbr,p1_0.cr_remittor_name,p1_0.cr_reason_code,p1_0.cr_receipt_type,p1_0.cr_check_nbr,p1_0.cr_status_text,p1_0.cr_received_date,p1_0.cr_location_date from p09_cash_receipt p1_0 where (p1_0.cr_location_nbr+p1_0.cr_location_clerk+format(p1_0.cr_received_date,'yyyy-MM-dd')+p1_0.cr_refund_type+p1_0.cr_cntrl_nbr+format(p1_0.cr_cntrl_date,'yyyy-MM-dd'))>'' and p1_0.cr_status_text in ('OPEN','PENDED') order by p1_0.cr_location_nbr,p1_0.cr_location_clerk,p1_0.cr_received_date,p1_0.cr_refund_type,p1_0.cr_cntrl_nbr,p1_0.cr_cntrl_date
1776275802929|3|statement|connection 0|url jdbc:p6spy:sqlserver://CFSFPTEST:1433;databaseName=CFSFP;encrypt=true;trustServerCertificate=true;|select p1_0.sum_location_id,p1_0.sum_clerk_id,p1_0.sum_beginning_cnt,p1_0.sum_beginning_amt,p1_0.sum_additions_cnt,p1_0.sum_additions_amt,p1_0.sum_deletions_cnt,p1_0.sum_deletions_amt,p1_0.sum_ending_cnt,p1_0.sum_ending_amt from p09_summary p1_0 where p1_0.sum_location_id=? and p1_0.sum_clerk_id=?|select p1_0.sum_location_id,p1_0.sum_clerk_id,p1_0.sum_beginning_cnt,p1_0.sum_beginning_amt,p1_0.sum_additions_cnt,p1_0.sum_additions_amt,p1_0.sum_deletions_cnt,p1_0.sum_deletions_amt,p1_0.sum_ending_cnt,p1_0.sum_ending_amt from p09_summary p1_0 where p1_0.sum_location_id=' ' and p1_0.sum_clerk_id=' '
1776276077731|4|commit|connection 0|url jdbc:p6spy:sqlserver://CFSFPTEST:1433;databaseName=CFSFP;encrypt=true;trustServerCertificate=true;||
1776276077749|1|statement|connection 0|url jdbc:p6spy:sqlserver://CFSFPTEST:1433;databaseName=CFSFP;encrypt=true;trustServerCertificate=true;|select next value for BATCH_JOB_SEQ|select next value for BATCH_JOB_SEQ
1776276077807|4|commit|connection 0|url jdbc:p6spy:sqlserver://CFSFPTEST:1433;databaseName=CFSFP;encrypt=true;trustServerCertificate=true;||
1776276077961|4|commit|connection 0|url jdbc:p6spy:sqlserver://CFSFPTEST:1433;databaseName=CFSFP;encrypt=true;trustServerCertificate=true;||
1776276077996|1|commit|connection 0|url jdbc:p6spy:sqlserver://CFSFPTEST:1433;databaseName=CFSFP;encrypt=true;trustServerCertificate=true;||
1776276078007|0|commit|connection 0|url jdbc:p6spy:sqlserver://CFSFPTEST:1433;databaseName=CFSFP;encrypt=true;trustServerCertificate=true;||
1776276078025|4|commit|connection 0|url jdbc:p6spy:sqlserver://CFSFPTEST:1433;databaseName=CFSFP;encrypt=true;trustServerCertificate=true;||
1776276078047|4|commit|connection 0|url jdbc:p6spy:sqlserver://CFSFPTEST:1433;databaseName=CFSFP;encrypt=true;trustServerCertificate=true;||
1776276078071|3|commit|connection 0|url jdbc:p6spy:sqlserver://CFSFPTEST:1433;databaseName=CFSFP;encrypt=true;trustServerCertificate=true;||
1776276078758|114|statement|connection 0|url jdbc:p6spy:sqlserver://CFSFPTEST:1433;databaseName=CFSFP;encrypt=true;trustServerCertificate=true;|select p1_0.cr_location_clerk,p1_0.cr_location_nbr,p1_0.cr_cntrl_date,p1_0.cr_cntrl_nbr,p1_0.cr_refund_type,p1_0.cr_cntrld_amt,p1_0.cr_patient_lname,p1_0.cr_patient_fname,p1_0.cr_mbr_id_nbr,p1_0.cr_remittor_name,p1_0.cr_reason_code,p1_0.cr_receipt_type,p1_0.cr_check_nbr,p1_0.cr_status_text,p1_0.cr_received_date,p1_0.cr_location_date from p09_cash_receipt p1_0 where (p1_0.cr_location_nbr+p1_0.cr_location_clerk+format(p1_0.cr_received_date,'yyyy-MM-dd')+p1_0.cr_refund_type+p1_0.cr_cntrl_nbr+format(p1_0.cr_cntrl_date,'yyyy-MM-dd'))>? and p1_0.cr_status_text in ('OPEN','PENDED') order by p1_0.cr_location_nbr,p1_0.cr_location_clerk,p1_0.cr_received_date,p1_0.cr_refund_type,p1_0.cr_cntrl_nbr,p1_0.cr_cntrl_date|select p1_0.cr_location_clerk,p1_0.cr_location_nbr,p1_0.cr_cntrl_date,p1_0.cr_cntrl_nbr,p1_0.cr_refund_type,p1_0.cr_cntrld_amt,p1_0.cr_patient_lname,p1_0.cr_patient_fname,p1_0.cr_mbr_id_nbr,p1_0.cr_remittor_name,p1_0.cr_reason_code,p1_0.cr_receipt_type,p1_0.cr_check_nbr,p1_0.cr_status_text,p1_0.cr_received_date,p1_0.cr_location_date from p09_cash_receipt p1_0 where (p1_0.cr_location_nbr+p1_0.cr_location_clerk+format(p1_0.cr_received_date,'yyyy-MM-dd')+p1_0.cr_refund_type+p1_0.cr_cntrl_nbr+format(p1_0.cr_cntrl_date,'yyyy-MM-dd'))>'' and p1_0.cr_status_text in ('OPEN','PENDED') order by p1_0.cr_location_nbr,p1_0.cr_location_clerk,p1_0.cr_received_date,p1_0.cr_refund_type,p1_0.cr_cntrl_nbr,p1_0.cr_cntrl_date
1776276078971|3|statement|connection 0|url jdbc:p6spy:sqlserver://CFSFPTEST:1433;databaseName=CFSFP;encrypt=true;trustServerCertificate=true;|select p1_0.sum_location_id,p1_0.sum_clerk_id,p1_0.sum_beginning_cnt,p1_0.sum_beginning_amt,p1_0.sum_additions_cnt,p1_0.sum_additions_amt,p1_0.sum_deletions_cnt,p1_0.sum_deletions_amt,p1_0.sum_ending_cnt,p1_0.sum_ending_amt from p09_summary p1_0 where p1_0.sum_location_id=? and p1_0.sum_clerk_id=?|select p1_0.sum_location_id,p1_0.sum_clerk_id,p1_0.sum_beginning_cnt,p1_0.sum_beginning_amt,p1_0.sum_additions_cnt,p1_0.sum_additions_amt,p1_0.sum_deletions_cnt,p1_0.sum_deletions_amt,p1_0.sum_ending_cnt,p1_0.sum_ending_amt from p09_summary p1_0 where p1_0.sum_location_id=' ' and p1_0.sum_clerk_id=' '
1776276078996|1|statement|connection 0|url jdbc:p6spy:sqlserver://CFSFPTEST:1433;databaseName=CFSFP;encrypt=true;trustServerCertificate=true;|select p1_0.sum_location_id,p1_0.sum_clerk_id,p1_0.sum_beginning_cnt,p1_0.sum_beginning_amt,p1_0.sum_additions_cnt,p1_0.sum_additions_amt,p1_0.sum_deletions_cnt,p1_0.sum_deletions_amt,p1_0.sum_ending_cnt,p1_0.sum_ending_amt from p09_summary p1_0 where p1_0.sum_location_id=? and p1_0.sum_clerk_id=?|select p1_0.sum_location_id,p1_0.sum_clerk_id,p1_0.sum_beginning_cnt,p1_0.sum_beginning_amt,p1_0.sum_additions_cnt,p1_0.sum_additions_amt,p1_0.sum_deletions_cnt,p1_0.sum_deletions_amt,p1_0.sum_ending_cnt,p1_0.sum_ending_amt from p09_summary p1_0 where p1_0.sum_location_id='130' and p1_0.sum_clerk_id='0000'
1776276079006|2|statement|connection 0|url jdbc:p6spy:sqlserver://CFSFPTEST:1433;databaseName=CFSFP;encrypt=true;trustServerCertificate=true;|select p1_0.sum_location_id,p1_0.sum_clerk_id,p1_0.sum_beginning_cnt,p1_0.sum_beginning_amt,p1_0.sum_additions_cnt,p1_0.sum_additions_amt,p1_0.sum_deletions_cnt,p1_0.sum_deletions_amt,p1_0.sum_ending_cnt,p1_0.sum_ending_amt from p09_summary p1_0 where p1_0.sum_location_id=? and p1_0.sum_clerk_id=?|select p1_0.sum_location_id,p1_0.sum_clerk_id,p1_0.sum_beginning_cnt,p1_0.sum_beginning_amt,p1_0.sum_additions_cnt,p1_0.sum_additions_amt,p1_0.sum_deletions_cnt,p1_0.sum_deletions_amt,p1_0.sum_ending_cnt,p1_0.sum_ending_amt from p09_summary p1_0 where p1_0.sum_location_id='130' and p1_0.sum_clerk_id='0001'
1776276079038|3|statement|connection 0|url jdbc:p6spy:sqlserver://CFSFPTEST:1433;databaseName=CFSFP;encrypt=true;trustServerCertificate=true;|select p1_0.sum_location_id,p1_0.sum_clerk_id,p1_0.sum_beginning_cnt,p1_0.sum_beginning_amt,p1_0.sum_additions_cnt,p1_0.sum_additions_amt,p1_0.sum_deletions_cnt,p1_0.sum_deletions_amt,p1_0.sum_ending_cnt,p1_0.sum_ending_amt from p09_summary p1_0 where p1_0.sum_location_id=? and p1_0.sum_clerk_id=?|select p1_0.sum_location_id,p1_0.sum_clerk_id,p1_0.sum_beginning_cnt,p1_0.sum_beginning_amt,p1_0.sum_additions_cnt,p1_0.sum_additions_amt,p1_0.sum_deletions_cnt,p1_0.sum_deletions_amt,p1_0.sum_ending_cnt,p1_0.sum_ending_amt from p09_summary p1_0 where p1_0.sum_location_id='135' and p1_0.sum_clerk_id='0000'
1776276079046|1|statement|connection 0|url jdbc:p6spy:sqlserver://CFSFPTEST:1433;databaseName=CFSFP;encrypt=true;trustServerCertificate=true;|select p1_0.sum_location_id,p1_0.sum_clerk_id,p1_0.sum_beginning_cnt,p1_0.sum_beginning_amt,p1_0.sum_additions_cnt,p1_0.sum_additions_amt,p1_0.sum_deletions_cnt,p1_0.sum_deletions_amt,p1_0.sum_ending_cnt,p1_0.sum_ending_amt from p09_summary p1_0 where p1_0.sum_location_id=? and p1_0.sum_clerk_id=?|select p1_0.sum_location_id,p1_0.sum_clerk_id,p1_0.sum_beginning_cnt,p1_0.sum_beginning_amt,p1_0.sum_additions_cnt,p1_0.sum_additions_amt,p1_0.sum_deletions_cnt,p1_0.sum_deletions_amt,p1_0.sum_ending_cnt,p1_0.sum_ending_amt from p09_summary p1_0 where p1_0.sum_location_id='135' and p1_0.sum_clerk_id='0001'
1776276079150|4|statement|connection 0|url jdbc:p6spy:sqlserver://CFSFPTEST:1433;databaseName=CFSFP;encrypt=true;trustServerCertificate=true;|select p1_0.sum_location_id,p1_0.sum_clerk_id,p1_0.sum_beginning_cnt,p1_0.sum_beginning_amt,p1_0.sum_additions_cnt,p1_0.sum_additions_amt,p1_0.sum_deletions_cnt,p1_0.sum_deletions_amt,p1_0.sum_ending_cnt,p1_0.sum_ending_amt from p09_summary p1_0 where p1_0.sum_location_id=? and p1_0.sum_clerk_id=?|select p1_0.sum_location_id,p1_0.sum_clerk_id,p1_0.sum_beginning_cnt,p1_0.sum_beginning_amt,p1_0.sum_additions_cnt,p1_0.sum_additions_amt,p1_0.sum_deletions_cnt,p1_0.sum_deletions_amt,p1_0.sum_ending_cnt,p1_0.sum_ending_amt from p09_summary p1_0 where p1_0.sum_location_id='135' and p1_0.sum_clerk_id='3488'
1776276079165|10|statement|connection 0|url jdbc:p6spy:sqlserver://CFSFPTEST:1433;databaseName=CFSFP;encrypt=true;trustServerCertificate=true;|select p1_0.sum_location_id,p1_0.sum_clerk_id,p1_0.sum_beginning_cnt,p1_0.sum_beginning_amt,p1_0.sum_additions_cnt,p1_0.sum_additions_amt,p1_0.sum_deletions_cnt,p1_0.sum_deletions_amt,p1_0.sum_ending_cnt,p1_0.sum_ending_amt from p09_summary p1_0 where p1_0.sum_location_id=? and p1_0.sum_clerk_id=?|select p1_0.sum_location_id,p1_0.sum_clerk_id,p1_0.sum_beginning_cnt,p1_0.sum_beginning_amt,p1_0.sum_additions_cnt,p1_0.sum_additions_amt,p1_0.sum_deletions_cnt,p1_0.sum_deletions_amt,p1_0.sum_ending_cnt,p1_0.sum_ending_amt from p09_summary p1_0 where p1_0.sum_location_id='136' and p1_0.sum_clerk_id='0001'
1776276079213|2|statement|connection 0|url jdbc:p6spy:sqlserver://CFSFPTEST:1433;databaseName=CFSFP;encrypt=true;trustServerCertificate=true;|select p1_0.sum_location_id,p1_0.sum_clerk_id,p1_0.sum_beginning_cnt,p1_0.sum_beginning_amt,p1_0.sum_additions_cnt,p1_0.sum_additions_amt,p1_0.sum_deletions_cnt,p1_0.sum_deletions_amt,p1_0.sum_ending_cnt,p1_0.sum_ending_amt from p09_summary p1_0 where p1_0.sum_location_id=? and p1_0.sum_clerk_id=?|select p1_0.sum_location_id,p1_0.sum_clerk_id,p1_0.sum_beginning_cnt,p1_0.sum_beginning_amt,p1_0.sum_additions_cnt,p1_0.sum_additions_amt,p1_0.sum_deletions_cnt,p1_0.sum_deletions_amt,p1_0.sum_ending_cnt,p1_0.sum_ending_amt from p09_summary p1_0 where p1_0.sum_location_id='137' and p1_0.sum_clerk_id='0001'
1776276079245|1|statement|connection 0|url jdbc:p6spy:sqlserver://CFSFPTEST:1433;databaseName=CFSFP;encrypt=true;trustServerCertificate=true;|select p1_0.sum_location_id,p1_0.sum_clerk_id,p1_0.sum_beginning_cnt,p1_0.sum_beginning_amt,p1_0.sum_additions_cnt,p1_0.sum_additions_amt,p1_0.sum_deletions_cnt,p1_0.sum_deletions_amt,p1_0.sum_ending_cnt,p1_0.sum_ending_amt from p09_summary p1_0 where p1_0.sum_location_id=? and p1_0.sum_clerk_id=?|select p1_0.sum_location_id,p1_0.sum_clerk_id,p1_0.sum_beginning_cnt,p1_0.sum_beginning_amt,p1_0.sum_additions_cnt,p1_0.sum_additions_amt,p1_0.sum_deletions_cnt,p1_0.sum_deletions_amt,p1_0.sum_ending_cnt,p1_0.sum_ending_amt from p09_summary p1_0 where p1_0.sum_location_id='138' and p1_0.sum_clerk_id='0001'
1776276079291|5|statement|connection 0|url jdbc:p6spy:sqlserver://CFSFPTEST:1433;databaseName=CFSFP;encrypt=true;trustServerCertificate=true;|select p1_0.sum_location_id,p1_0.sum_clerk_id,p1_0.sum_beginning_cnt,p1_0.sum_beginning_amt,p1_0.sum_additions_cnt,p1_0.sum_additions_amt,p1_0.sum_deletions_cnt,p1_0.sum_deletions_amt,p1_0.sum_ending_cnt,p1_0.sum_ending_amt from p09_summary p1_0 where p1_0.sum_location_id=? and p1_0.sum_clerk_id=?|select p1_0.sum_location_id,p1_0.sum_clerk_id,p1_0.sum_beginning_cnt,p1_0.sum_beginning_amt,p1_0.sum_additions_cnt,p1_0.sum_additions_amt,p1_0.sum_deletions_cnt,p1_0.sum_deletions_amt,p1_0.sum_ending_cnt,p1_0.sum_ending_amt from p09_summary p1_0 where p1_0.sum_location_id='139' and p1_0.sum_clerk_id='0001'
1776276079302|4|statement|connection 0|url jdbc:p6spy:sqlserver://CFSFPTEST:1433;databaseName=CFSFP;encrypt=true;trustServerCertificate=true;|select p1_0.sum_location_id,p1_0.sum_clerk_id,p1_0.sum_beginning_cnt,p1_0.sum_beginning_amt,p1_0.sum_additions_cnt,p1_0.sum_additions_amt,p1_0.sum_deletions_cnt,p1_0.sum_deletions_amt,p1_0.sum_ending_cnt,p1_0.sum_ending_amt from p09_summary p1_0 where p1_0.sum_location_id=? and p1_0.sum_clerk_id=?|select p1_0.sum_location_id,p1_0.sum_clerk_id,p1_0.sum_beginning_cnt,p1_0.sum_beginning_amt,p1_0.sum_additions_cnt,p1_0.sum_additions_amt,p1_0.sum_deletions_cnt,p1_0.sum_deletions_amt,p1_0.sum_ending_cnt,p1_0.sum_ending_amt from p09_summary p1_0 where p1_0.sum_location_id='190' and p1_0.sum_clerk_id='0001'
1776276079434|6|statement|connection 0|url jdbc:p6spy:sqlserver://CFSFPTEST:1433;databaseName=CFSFP;encrypt=true;trustServerCertificate=true;|select p1_0.sum_location_id,p1_0.sum_clerk_id,p1_0.sum_beginning_cnt,p1_0.sum_beginning_amt,p1_0.sum_additions_cnt,p1_0.sum_additions_amt,p1_0.sum_deletions_cnt,p1_0.sum_deletions_amt,p1_0.sum_ending_cnt,p1_0.sum_ending_amt from p09_summary p1_0 where p1_0.sum_location_id=? and p1_0.sum_clerk_id=?|select p1_0.sum_location_id,p1_0.sum_clerk_id,p1_0.sum_beginning_cnt,p1_0.sum_beginning_amt,p1_0.sum_additions_cnt,p1_0.sum_additions_amt,p1_0.sum_deletions_cnt,p1_0.sum_deletions_amt,p1_0.sum_ending_cnt,p1_0.sum_ending_amt from p09_summary p1_0 where p1_0.sum_location_id='190' and p1_0.sum_clerk_id='6636'
1776276079507|9|statement|connection 0|url jdbc:p6spy:sqlserver://CFSFPTEST:1433;databaseName=CFSFP;encrypt=true;trustServerCertificate=true;|select p1_0.sum_location_id,p1_0.sum_clerk_id,p1_0.sum_beginning_cnt,p1_0.sum_beginning_amt,p1_0.sum_additions_cnt,p1_0.sum_additions_amt,p1_0.sum_deletions_cnt,p1_0.sum_deletions_amt,p1_0.sum_ending_cnt,p1_0.sum_ending_amt from p09_summary p1_0 where p1_0.sum_location_id=? and p1_0.sum_clerk_id=?|select p1_0.sum_location_id,p1_0.sum_clerk_id,p1_0.sum_beginning_cnt,p1_0.sum_beginning_amt,p1_0.sum_additions_cnt,p1_0.sum_additions_amt,p1_0.sum_deletions_cnt,p1_0.sum_deletions_amt,p1_0.sum_ending_cnt,p1_0.sum_ending_amt from p09_summary p1_0 where p1_0.sum_location_id='200' and p1_0.sum_clerk_id='0001'
1776276079517|1|statement|connection 0|url jdbc:p6spy:sqlserver://CFSFPTEST:1433;databaseName=CFSFP;encrypt=true;trustServerCertificate=true;|select p1_0.sum_location_id,p1_0.sum_clerk_id,p1_0.sum_beginning_cnt,p1_0.sum_beginning_amt,p1_0.sum_additions_cnt,p1_0.sum_additions_amt,p1_0.sum_deletions_cnt,p1_0.sum_deletions_amt,p1_0.sum_ending_cnt,p1_0.sum_ending_amt from p09_summary p1_0 where p1_0.sum_location_id=? and p1_0.sum_clerk_id=?|select p1_0.sum_location_id,p1_0.sum_clerk_id,p1_0.sum_beginning_cnt,p1_0.sum_beginning_amt,p1_0.sum_additions_cnt,p1_0.sum_additions_amt,p1_0.sum_deletions_cnt,p1_0.sum_deletions_amt,p1_0.sum_ending_cnt,p1_0.sum_ending_amt from p09_summary p1_0 where p1_0.sum_location_id='210' and p1_0.sum_clerk_id='0001'
1776276079539|1|statement|connection 0|url jdbc:p6spy:sqlserver://CFSFPTEST:1433;databaseName=CFSFP;encrypt=true;trustServerCertificate=true;|select p1_0.sum_location_id,p1_0.sum_clerk_id,p1_0.sum_beginning_cnt,p1_0.sum_beginning_amt,p1_0.sum_additions_cnt,p1_0.sum_additions_amt,p1_0.sum_deletions_cnt,p1_0.sum_deletions_amt,p1_0.sum_ending_cnt,p1_0.sum_ending_amt from p09_summary p1_0 where p1_0.sum_location_id=? and p1_0.sum_clerk_id=?|select p1_0.sum_location_id,p1_0.sum_clerk_id,p1_0.sum_beginning_cnt,p1_0.sum_beginning_amt,p1_0.sum_additions_cnt,p1_0.sum_additions_amt,p1_0.sum_deletions_cnt,p1_0.sum_deletions_amt,p1_0.sum_ending_cnt,p1_0.sum_ending_amt from p09_summary p1_0 where p1_0.sum_location_id='995' and p1_0.sum_clerk_id='0001'
1776276079544|1|statement|connection 0|url jdbc:p6spy:sqlserver://CFSFPTEST:1433;databaseName=CFSFP;encrypt=true;trustServerCertificate=true;|select p1_0.sum_location_id,p1_0.sum_clerk_id,p1_0.sum_beginning_cnt,p1_0.sum_beginning_amt,p1_0.sum_additions_cnt,p1_0.sum_additions_amt,p1_0.sum_deletions_cnt,p1_0.sum_deletions_amt,p1_0.sum_ending_cnt,p1_0.sum_ending_amt from p09_summary p1_0 where p1_0.sum_location_id=? and p1_0.sum_clerk_id=?|select p1_0.sum_location_id,p1_0.sum_clerk_id,p1_0.sum_beginning_cnt,p1_0.sum_beginning_amt,p1_0.sum_additions_cnt,p1_0.sum_additions_amt,p1_0.sum_deletions_cnt,p1_0.sum_deletions_amt,p1_0.sum_ending_cnt,p1_0.sum_ending_amt from p09_summary p1_0 where p1_0.sum_location_id='999' and p1_0.sum_clerk_id='999'
1776276079549|1|statement|connection 0|url jdbc:p6spy:sqlserver://CFSFPTEST:1433;databaseName=CFSFP;encrypt=true;trustServerCertificate=true;|select p1_0.sum_location_id,p1_0.sum_clerk_id,p1_0.sum_beginning_cnt,p1_0.sum_beginning_amt,p1_0.sum_additions_cnt,p1_0.sum_additions_amt,p1_0.sum_deletions_cnt,p1_0.sum_deletions_amt,p1_0.sum_ending_cnt,p1_0.sum_ending_amt from p09_summary p1_0 where p1_0.sum_location_id=? and p1_0.sum_clerk_id=?|select p1_0.sum_location_id,p1_0.sum_clerk_id,p1_0.sum_beginning_cnt,p1_0.sum_beginning_amt,p1_0.sum_additions_cnt,p1_0.sum_additions_amt,p1_0.sum_deletions_cnt,p1_0.sum_deletions_amt,p1_0.sum_ending_cnt,p1_0.sum_ending_amt from p09_summary p1_0 where p1_0.sum_location_id='999' and p1_0.sum_clerk_id='9999'
1776276079595|9|statement|connection 0|url jdbc:p6spy:sqlserver://CFSFPTEST:1433;databaseName=CFSFP;encrypt=true;trustServerCertificate=true;|select p1_0.sum_location_id,sum(p1_0.sum_beginning_cnt),sum(p1_0.sum_beginning_amt),sum(p1_0.sum_additions_cnt),sum(p1_0.sum_additions_amt),sum(p1_0.sum_deletions_cnt),sum(p1_0.sum_deletions_amt),sum(p1_0.sum_ending_cnt),sum(p1_0.sum_ending_amt) from p09_summary p1_0 group by p1_0.sum_location_id|select p1_0.sum_location_id,sum(p1_0.sum_beginning_cnt),sum(p1_0.sum_beginning_amt),sum(p1_0.sum_additions_cnt),sum(p1_0.sum_additions_amt),sum(p1_0.sum_deletions_cnt),sum(p1_0.sum_deletions_amt),sum(p1_0.sum_ending_cnt),sum(p1_0.sum_ending_amt) from p09_summary p1_0 group by p1_0.sum_location_id
1776276079681|5|statement|connection 0|url jdbc:p6spy:sqlserver://CFSFPTEST:1433;databaseName=CFSFP;encrypt=true;trustServerCertificate=true;|update p09_summary set sum_processed_date=convert(date,getdate()),sum_beginning_cnt=sum_ending_cnt,sum_beginning_amt=sum_ending_amt,sum_additions_cnt=0,sum_additions_amt=0,sum_deletions_cnt=0,sum_deletions_amt=0|update p09_summary set sum_processed_date=convert(date,getdate()),sum_beginning_cnt=sum_ending_cnt,sum_beginning_amt=sum_ending_amt,sum_additions_cnt=0,sum_additions_amt=0,sum_deletions_cnt=0,sum_deletions_amt=0
1776276079732|4|commit|connection 0|url jdbc:p6spy:sqlserver://CFSFPTEST:1433;databaseName=CFSFP;encrypt=true;trustServerCertificate=true;||
1776276079757|5|commit|connection 0|url jdbc:p6spy:sqlserver://CFSFPTEST:1433;databaseName=CFSFP;encrypt=true;trustServerCertificate=true;||
1776276079784|4|commit|connection 0|url jdbc:p6spy:sqlserver://CFSFPTEST:1433;databaseName=CFSFP;encrypt=true;trustServerCertificate=true;||
1776276079797|3|commit|connection 0|url jdbc:p6spy:sqlserver://CFSFPTEST:1433;databaseName=CFSFP;encrypt=true;trustServerCertificate=true;||
1776276079813|3|commit|connection 0|url jdbc:p6spy:sqlserver://CFSFPTEST:1433;databaseName=CFSFP;encrypt=true;trustServerCertificate=true;||
1776276629168|1|commit|connection 0|url jdbc:p6spy:sqlserver://CFSFPTEST:1433;databaseName=CFSFP;encrypt=true;trustServerCertificate=true;||
1776276629214|3|statement|connection 0|url jdbc:p6spy:sqlserver://CFSFPTEST:1433;databaseName=CFSFP;encrypt=true;trustServerCertificate=true;|select next value for BATCH_JOB_SEQ|select next value for BATCH_JOB_SEQ
1776276629299|4|commit|connection 0|url jdbc:p6spy:sqlserver://CFSFPTEST:1433;databaseName=CFSFP;encrypt=true;trustServerCertificate=true;||
1776276629504|5|commit|connection 0|url jdbc:p6spy:sqlserver://CFSFPTEST:1433;databaseName=CFSFP;encrypt=true;trustServerCertificate=true;||
1776276629530|1|commit|connection 0|url jdbc:p6spy:sqlserver://CFSFPTEST:1433;databaseName=CFSFP;encrypt=true;trustServerCertificate=true;||
1776276629548|1|commit|connection 0|url jdbc:p6spy:sqlserver://CFSFPTEST:1433;databaseName=CFSFP;encrypt=true;trustServerCertificate=true;||
1776276629577|8|commit|connection 0|url jdbc:p6spy:sqlserver://CFSFPTEST:1433;databaseName=CFSFP;encrypt=true;trustServerCertificate=true;||
1776276629615|7|commit|connection 0|url jdbc:p6spy:sqlserver://CFSFPTEST:1433;databaseName=CFSFP;encrypt=true;trustServerCertificate=true;||
1776276629645|4|commit|connection 0|url jdbc:p6spy:sqlserver://CFSFPTEST:1433;databaseName=CFSFP;encrypt=true;trustServerCertificate=true;||
1776276630522|144|statement|connection 0|url jdbc:p6spy:sqlserver://CFSFPTEST:1433;databaseName=CFSFP;encrypt=true;trustServerCertificate=true;|select p1_0.cr_location_clerk,p1_0.cr_location_nbr,p1_0.cr_cntrl_date,p1_0.cr_cntrl_nbr,p1_0.cr_refund_type,p1_0.cr_cntrld_amt,p1_0.cr_patient_lname,p1_0.cr_patient_fname,p1_0.cr_mbr_id_nbr,p1_0.cr_remittor_name,p1_0.cr_reason_code,p1_0.cr_receipt_type,p1_0.cr_check_nbr,p1_0.cr_status_text,p1_0.cr_received_date,p1_0.cr_location_date from p09_cash_receipt p1_0 where (p1_0.cr_location_nbr+p1_0.cr_location_clerk+format(p1_0.cr_received_date,'yyyy-MM-dd')+p1_0.cr_refund_type+p1_0.cr_cntrl_nbr+format(p1_0.cr_cntrl_date,'yyyy-MM-dd'))>? and p1_0.cr_status_text in ('OPEN','PENDED') order by p1_0.cr_location_nbr,p1_0.cr_location_clerk,p1_0.cr_received_date,p1_0.cr_refund_type,p1_0.cr_cntrl_nbr,p1_0.cr_cntrl_date|select p1_0.cr_location_clerk,p1_0.cr_location_nbr,p1_0.cr_cntrl_date,p1_0.cr_cntrl_nbr,p1_0.cr_refund_type,p1_0.cr_cntrld_amt,p1_0.cr_patient_lname,p1_0.cr_patient_fname,p1_0.cr_mbr_id_nbr,p1_0.cr_remittor_name,p1_0.cr_reason_code,p1_0.cr_receipt_type,p1_0.cr_check_nbr,p1_0.cr_status_text,p1_0.cr_received_date,p1_0.cr_location_date from p09_cash_receipt p1_0 where (p1_0.cr_location_nbr+p1_0.cr_location_clerk+format(p1_0.cr_received_date,'yyyy-MM-dd')+p1_0.cr_refund_type+p1_0.cr_cntrl_nbr+format(p1_0.cr_cntrl_date,'yyyy-MM-dd'))>'' and p1_0.cr_status_text in ('OPEN','PENDED') order by p1_0.cr_location_nbr,p1_0.cr_location_clerk,p1_0.cr_received_date,p1_0.cr_refund_type,p1_0.cr_cntrl_nbr,p1_0.cr_cntrl_date
1776276630838|4|statement|connection 0|url jdbc:p6spy:sqlserver://CFSFPTEST:1433;databaseName=CFSFP;encrypt=true;trustServerCertificate=true;|select p1_0.sum_location_id,p1_0.sum_clerk_id,p1_0.sum_beginning_cnt,p1_0.sum_beginning_amt,p1_0.sum_additions_cnt,p1_0.sum_additions_amt,p1_0.sum_deletions_cnt,p1_0.sum_deletions_amt,p1_0.sum_ending_cnt,p1_0.sum_ending_amt from p09_summary p1_0 where p1_0.sum_location_id=? and p1_0.sum_clerk_id=?|select p1_0.sum_location_id,p1_0.sum_clerk_id,p1_0.sum_beginning_cnt,p1_0.sum_beginning_amt,p1_0.sum_additions_cnt,p1_0.sum_additions_amt,p1_0.sum_deletions_cnt,p1_0.sum_deletions_amt,p1_0.sum_ending_cnt,p1_0.sum_ending_amt from p09_summary p1_0 where p1_0.sum_location_id=' ' and p1_0.sum_clerk_id=' '
1776276630875|4|statement|connection 0|url jdbc:p6spy:sqlserver://CFSFPTEST:1433;databaseName=CFSFP;encrypt=true;trustServerCertificate=true;|select p1_0.sum_location_id,p1_0.sum_clerk_id,p1_0.sum_beginning_cnt,p1_0.sum_beginning_amt,p1_0.sum_additions_cnt,p1_0.sum_additions_amt,p1_0.sum_deletions_cnt,p1_0.sum_deletions_amt,p1_0.sum_ending_cnt,p1_0.sum_ending_amt from p09_summary p1_0 where p1_0.sum_location_id=? and p1_0.sum_clerk_id=?|select p1_0.sum_location_id,p1_0.sum_clerk_id,p1_0.sum_beginning_cnt,p1_0.sum_beginning_amt,p1_0.sum_additions_cnt,p1_0.sum_additions_amt,p1_0.sum_deletions_cnt,p1_0.sum_deletions_amt,p1_0.sum_ending_cnt,p1_0.sum_ending_amt from p09_summary p1_0 where p1_0.sum_location_id='130' and p1_0.sum_clerk_id='0000'
1776276630883|1|statement|connection 0|url jdbc:p6spy:sqlserver://CFSFPTEST:1433;databaseName=CFSFP;encrypt=true;trustServerCertificate=true;|select p1_0.sum_location_id,p1_0.sum_clerk_id,p1_0.sum_beginning_cnt,p1_0.sum_beginning_amt,p1_0.sum_additions_cnt,p1_0.sum_additions_amt,p1_0.sum_deletions_cnt,p1_0.sum_deletions_amt,p1_0.sum_ending_cnt,p1_0.sum_ending_amt from p09_summary p1_0 where p1_0.sum_location_id=? and p1_0.sum_clerk_id=?|select p1_0.sum_location_id,p1_0.sum_clerk_id,p1_0.sum_beginning_cnt,p1_0.sum_beginning_amt,p1_0.sum_additions_cnt,p1_0.sum_additions_amt,p1_0.sum_deletions_cnt,p1_0.sum_deletions_amt,p1_0.sum_ending_cnt,p1_0.sum_ending_amt from p09_summary p1_0 where p1_0.sum_location_id='130' and p1_0.sum_clerk_id='0001'
1776276630921|1|statement|connection 0|url jdbc:p6spy:sqlserver://CFSFPTEST:1433;databaseName=CFSFP;encrypt=true;trustServerCertificate=true;|select p1_0.sum_location_id,p1_0.sum_clerk_id,p1_0.sum_beginning_cnt,p1_0.sum_beginning_amt,p1_0.sum_additions_cnt,p1_0.sum_additions_amt,p1_0.sum_deletions_cnt,p1_0.sum_deletions_amt,p1_0.sum_ending_cnt,p1_0.sum_ending_amt from p09_summary p1_0 where p1_0.sum_location_id=? and p1_0.sum_clerk_id=?|select p1_0.sum_location_id,p1_0.sum_clerk_id,p1_0.sum_beginning_cnt,p1_0.sum_beginning_amt,p1_0.sum_additions_cnt,p1_0.sum_additions_amt,p1_0.sum_deletions_cnt,p1_0.sum_deletions_amt,p1_0.sum_ending_cnt,p1_0.sum_ending_amt from p09_summary p1_0 where p1_0.sum_location_id='135' and p1_0.sum_clerk_id='0000'
1776276630930|1|statement|connection 0|url jdbc:p6spy:sqlserver://CFSFPTEST:1433;databaseName=CFSFP;encrypt=true;trustServerCertificate=true;|select p1_0.sum_location_id,p1_0.sum_clerk_id,p1_0.sum_beginning_cnt,p1_0.sum_beginning_amt,p1_0.sum_additions_cnt,p1_0.sum_additions_amt,p1_0.sum_deletions_cnt,p1_0.sum_deletions_amt,p1_0.sum_ending_cnt,p1_0.sum_ending_amt from p09_summary p1_0 where p1_0.sum_location_id=? and p1_0.sum_clerk_id=?|select p1_0.sum_location_id,p1_0.sum_clerk_id,p1_0.sum_beginning_cnt,p1_0.sum_beginning_amt,p1_0.sum_additions_cnt,p1_0.sum_additions_amt,p1_0.sum_deletions_cnt,p1_0.sum_deletions_amt,p1_0.sum_ending_cnt,p1_0.sum_ending_amt from p09_summary p1_0 where p1_0.sum_location_id='135' and p1_0.sum_clerk_id='0001'
1776276631092|5|statement|connection 0|url jdbc:p6spy:sqlserver://CFSFPTEST:1433;databaseName=CFSFP;encrypt=true;trustServerCertificate=true;|select p1_0.sum_location_id,p1_0.sum_clerk_id,p1_0.sum_beginning_cnt,p1_0.sum_beginning_amt,p1_0.sum_additions_cnt,p1_0.sum_additions_amt,p1_0.sum_deletions_cnt,p1_0.sum_deletions_amt,p1_0.sum_ending_cnt,p1_0.sum_ending_amt from p09_summary p1_0 where p1_0.sum_location_id=? and p1_0.sum_clerk_id=?|select p1_0.sum_location_id,p1_0.sum_clerk_id,p1_0.sum_beginning_cnt,p1_0.sum_beginning_amt,p1_0.sum_additions_cnt,p1_0.sum_additions_amt,p1_0.sum_deletions_cnt,p1_0.sum_deletions_amt,p1_0.sum_ending_cnt,p1_0.sum_ending_amt from p09_summary p1_0 where p1_0.sum_location_id='135' and p1_0.sum_clerk_id='3488'
1776276631101|2|statement|connection 0|url jdbc:p6spy:sqlserver://CFSFPTEST:1433;databaseName=CFSFP;encrypt=true;trustServerCertificate=true;|select p1_0.sum_location_id,p1_0.sum_clerk_id,p1_0.sum_beginning_cnt,p1_0.sum_beginning_amt,p1_0.sum_additions_cnt,p1_0.sum_additions_amt,p1_0.sum_deletions_cnt,p1_0.sum_deletions_amt,p1_0.sum_ending_cnt,p1_0.sum_ending_amt from p09_summary p1_0 where p1_0.sum_location_id=? and p1_0.sum_clerk_id=?|select p1_0.sum_location_id,p1_0.sum_clerk_id,p1_0.sum_beginning_cnt,p1_0.sum_beginning_amt,p1_0.sum_additions_cnt,p1_0.sum_additions_amt,p1_0.sum_deletions_cnt,p1_0.sum_deletions_amt,p1_0.sum_ending_cnt,p1_0.sum_ending_amt from p09_summary p1_0 where p1_0.sum_location_id='136' and p1_0.sum_clerk_id='0001'
1776276631184|8|statement|connection 0|url jdbc:p6spy:sqlserver://CFSFPTEST:1433;databaseName=CFSFP;encrypt=true;trustServerCertificate=true;|select p1_0.sum_location_id,p1_0.sum_clerk_id,p1_0.sum_beginning_cnt,p1_0.sum_beginning_amt,p1_0.sum_additions_cnt,p1_0.sum_additions_amt,p1_0.sum_deletions_cnt,p1_0.sum_deletions_amt,p1_0.sum_ending_cnt,p1_0.sum_ending_amt from p09_summary p1_0 where p1_0.sum_location_id=? and p1_0.sum_clerk_id=?|select p1_0.sum_location_id,p1_0.sum_clerk_id,p1_0.sum_beginning_cnt,p1_0.sum_beginning_amt,p1_0.sum_additions_cnt,p1_0.sum_additions_amt,p1_0.sum_deletions_cnt,p1_0.sum_deletions_amt,p1_0.sum_ending_cnt,p1_0.sum_ending_amt from p09_summary p1_0 where p1_0.sum_location_id='137' and p1_0.sum_clerk_id='0001'
1776276631223|2|statement|connection 0|url jdbc:p6spy:sqlserver://CFSFPTEST:1433;databaseName=CFSFP;encrypt=true;trustServerCertificate=true;|select p1_0.sum_location_id,p1_0.sum_clerk_id,p1_0.sum_beginning_cnt,p1_0.sum_beginning_amt,p1_0.sum_additions_cnt,p1_0.sum_additions_amt,p1_0.sum_deletions_cnt,p1_0.sum_deletions_amt,p1_0.sum_ending_cnt,p1_0.sum_ending_amt from p09_summary p1_0 where p1_0.sum_location_id=? and p1_0.sum_clerk_id=?|select p1_0.sum_location_id,p1_0.sum_clerk_id,p1_0.sum_beginning_cnt,p1_0.sum_beginning_amt,p1_0.sum_additions_cnt,p1_0.sum_additions_amt,p1_0.sum_deletions_cnt,p1_0.sum_deletions_amt,p1_0.sum_ending_cnt,p1_0.sum_ending_amt from p09_summary p1_0 where p1_0.sum_location_id='138' and p1_0.sum_clerk_id='0001'
1776276631273|3|statement|connection 0|url jdbc:p6spy:sqlserver://CFSFPTEST:1433;databaseName=CFSFP;encrypt=true;trustServerCertificate=true;|select p1_0.sum_location_id,p1_0.sum_clerk_id,p1_0.sum_beginning_cnt,p1_0.sum_beginning_amt,p1_0.sum_additions_cnt,p1_0.sum_additions_amt,p1_0.sum_deletions_cnt,p1_0.sum_deletions_amt,p1_0.sum_ending_cnt,p1_0.sum_ending_amt from p09_summary p1_0 where p1_0.sum_location_id=? and p1_0.sum_clerk_id=?|select p1_0.sum_location_id,p1_0.sum_clerk_id,p1_0.sum_beginning_cnt,p1_0.sum_beginning_amt,p1_0.sum_additions_cnt,p1_0.sum_additions_amt,p1_0.sum_deletions_cnt,p1_0.sum_deletions_amt,p1_0.sum_ending_cnt,p1_0.sum_ending_amt from p09_summary p1_0 where p1_0.sum_location_id='139' and p1_0.sum_clerk_id='0001'
1776276631295|2|statement|connection 0|url jdbc:p6spy:sqlserver://CFSFPTEST:1433;databaseName=CFSFP;encrypt=true;trustServerCertificate=true;|select p1_0.sum_location_id,p1_0.sum_clerk_id,p1_0.sum_beginning_cnt,p1_0.sum_beginning_amt,p1_0.sum_additions_cnt,p1_0.sum_additions_amt,p1_0.sum_deletions_cnt,p1_0.sum_deletions_amt,p1_0.sum_ending_cnt,p1_0.sum_ending_amt from p09_summary p1_0 where p1_0.sum_location_id=? and p1_0.sum_clerk_id=?|select p1_0.sum_location_id,p1_0.sum_clerk_id,p1_0.sum_beginning_cnt,p1_0.sum_beginning_amt,p1_0.sum_additions_cnt,p1_0.sum_additions_amt,p1_0.sum_deletions_cnt,p1_0.sum_deletions_amt,p1_0.sum_ending_cnt,p1_0.sum_ending_amt from p09_summary p1_0 where p1_0.sum_location_id='190' and p1_0.sum_clerk_id='0001'
1776276631491|3|statement|connection 0|url jdbc:p6spy:sqlserver://CFSFPTEST:1433;databaseName=CFSFP;encrypt=true;trustServerCertificate=true;|select p1_0.sum_location_id,p1_0.sum_clerk_id,p1_0.sum_beginning_cnt,p1_0.sum_beginning_amt,p1_0.sum_additions_cnt,p1_0.sum_additions_amt,p1_0.sum_deletions_cnt,p1_0.sum_deletions_amt,p1_0.sum_ending_cnt,p1_0.sum_ending_amt from p09_summary p1_0 where p1_0.sum_location_id=? and p1_0.sum_clerk_id=?|select p1_0.sum_location_id,p1_0.sum_clerk_id,p1_0.sum_beginning_cnt,p1_0.sum_beginning_amt,p1_0.sum_additions_cnt,p1_0.sum_additions_amt,p1_0.sum_deletions_cnt,p1_0.sum_deletions_amt,p1_0.sum_ending_cnt,p1_0.sum_ending_amt from p09_summary p1_0 where p1_0.sum_location_id='190' and p1_0.sum_clerk_id='6636'
1776276631567|2|statement|connection 0|url jdbc:p6spy:sqlserver://CFSFPTEST:1433;databaseName=CFSFP;encrypt=true;trustServerCertificate=true;|select p1_0.sum_location_id,p1_0.sum_clerk_id,p1_0.sum_beginning_cnt,p1_0.sum_beginning_amt,p1_0.sum_additions_cnt,p1_0.sum_additions_amt,p1_0.sum_deletions_cnt,p1_0.sum_deletions_amt,p1_0.sum_ending_cnt,p1_0.sum_ending_amt from p09_summary p1_0 where p1_0.sum_location_id=? and p1_0.sum_clerk_id=?|select p1_0.sum_location_id,p1_0.sum_clerk_id,p1_0.sum_beginning_cnt,p1_0.sum_beginning_amt,p1_0.sum_additions_cnt,p1_0.sum_additions_amt,p1_0.sum_deletions_cnt,p1_0.sum_deletions_amt,p1_0.sum_ending_cnt,p1_0.sum_ending_amt from p09_summary p1_0 where p1_0.sum_location_id='200' and p1_0.sum_clerk_id='0001'
1776276631585|1|statement|connection 0|url jdbc:p6spy:sqlserver://CFSFPTEST:1433;databaseName=CFSFP;encrypt=true;trustServerCertificate=true;|select p1_0.sum_location_id,p1_0.sum_clerk_id,p1_0.sum_beginning_cnt,p1_0.sum_beginning_amt,p1_0.sum_additions_cnt,p1_0.sum_additions_amt,p1_0.sum_deletions_cnt,p1_0.sum_deletions_amt,p1_0.sum_ending_cnt,p1_0.sum_ending_amt from p09_summary p1_0 where p1_0.sum_location_id=? and p1_0.sum_clerk_id=?|select p1_0.sum_location_id,p1_0.sum_clerk_id,p1_0.sum_beginning_cnt,p1_0.sum_beginning_amt,p1_0.sum_additions_cnt,p1_0.sum_additions_amt,p1_0.sum_deletions_cnt,p1_0.sum_deletions_amt,p1_0.sum_ending_cnt,p1_0.sum_ending_amt from p09_summary p1_0 where p1_0.sum_location_id='210' and p1_0.sum_clerk_id='0001'
1776276631610|4|statement|connection 0|url jdbc:p6spy:sqlserver://CFSFPTEST:1433;databaseName=CFSFP;encrypt=true;trustServerCertificate=true;|select p1_0.sum_location_id,p1_0.sum_clerk_id,p1_0.sum_beginning_cnt,p1_0.sum_beginning_amt,p1_0.sum_additions_cnt,p1_0.sum_additions_amt,p1_0.sum_deletions_cnt,p1_0.sum_deletions_amt,p1_0.sum_ending_cnt,p1_0.sum_ending_amt from p09_summary p1_0 where p1_0.sum_location_id=? and p1_0.sum_clerk_id=?|select p1_0.sum_location_id,p1_0.sum_clerk_id,p1_0.sum_beginning_cnt,p1_0.sum_beginning_amt,p1_0.sum_additions_cnt,p1_0.sum_additions_amt,p1_0.sum_deletions_cnt,p1_0.sum_deletions_amt,p1_0.sum_ending_cnt,p1_0.sum_ending_amt from p09_summary p1_0 where p1_0.sum_location_id='995' and p1_0.sum_clerk_id='0001'
1776276631616|2|statement|connection 0|url jdbc:p6spy:sqlserver://CFSFPTEST:1433;databaseName=CFSFP;encrypt=true;trustServerCertificate=true;|select p1_0.sum_location_id,p1_0.sum_clerk_id,p1_0.sum_beginning_cnt,p1_0.sum_beginning_amt,p1_0.sum_additions_cnt,p1_0.sum_additions_amt,p1_0.sum_deletions_cnt,p1_0.sum_deletions_amt,p1_0.sum_ending_cnt,p1_0.sum_ending_amt from p09_summary p1_0 where p1_0.sum_location_id=? and p1_0.sum_clerk_id=?|select p1_0.sum_location_id,p1_0.sum_clerk_id,p1_0.sum_beginning_cnt,p1_0.sum_beginning_amt,p1_0.sum_additions_cnt,p1_0.sum_additions_amt,p1_0.sum_deletions_cnt,p1_0.sum_deletions_amt,p1_0.sum_ending_cnt,p1_0.sum_ending_amt from p09_summary p1_0 where p1_0.sum_location_id='999' and p1_0.sum_clerk_id='999'
1776276631628|4|statement|connection 0|url jdbc:p6spy:sqlserver://CFSFPTEST:1433;databaseName=CFSFP;encrypt=true;trustServerCertificate=true;|select p1_0.sum_location_id,p1_0.sum_clerk_id,p1_0.sum_beginning_cnt,p1_0.sum_beginning_amt,p1_0.sum_additions_cnt,p1_0.sum_additions_amt,p1_0.sum_deletions_cnt,p1_0.sum_deletions_amt,p1_0.sum_ending_cnt,p1_0.sum_ending_amt from p09_summary p1_0 where p1_0.sum_location_id=? and p1_0.sum_clerk_id=?|select p1_0.sum_location_id,p1_0.sum_clerk_id,p1_0.sum_beginning_cnt,p1_0.sum_beginning_amt,p1_0.sum_additions_cnt,p1_0.sum_additions_amt,p1_0.sum_deletions_cnt,p1_0.sum_deletions_amt,p1_0.sum_ending_cnt,p1_0.sum_ending_amt from p09_summary p1_0 where p1_0.sum_location_id='999' and p1_0.sum_clerk_id='9999'
1776276631678|5|statement|connection 0|url jdbc:p6spy:sqlserver://CFSFPTEST:1433;databaseName=CFSFP;encrypt=true;trustServerCertificate=true;|select p1_0.sum_location_id,sum(p1_0.sum_beginning_cnt),sum(p1_0.sum_beginning_amt),sum(p1_0.sum_additions_cnt),sum(p1_0.sum_additions_amt),sum(p1_0.sum_deletions_cnt),sum(p1_0.sum_deletions_amt),sum(p1_0.sum_ending_cnt),sum(p1_0.sum_ending_amt) from p09_summary p1_0 group by p1_0.sum_location_id|select p1_0.sum_location_id,sum(p1_0.sum_beginning_cnt),sum(p1_0.sum_beginning_amt),sum(p1_0.sum_additions_cnt),sum(p1_0.sum_additions_amt),sum(p1_0.sum_deletions_cnt),sum(p1_0.sum_deletions_amt),sum(p1_0.sum_ending_cnt),sum(p1_0.sum_ending_amt) from p09_summary p1_0 group by p1_0.sum_location_id
1776276631818|6|statement|connection 0|url jdbc:p6spy:sqlserver://CFSFPTEST:1433;databaseName=CFSFP;encrypt=true;trustServerCertificate=true;|update p09_summary set sum_processed_date=convert(date,getdate()),sum_beginning_cnt=sum_ending_cnt,sum_beginning_amt=sum_ending_amt,sum_additions_cnt=0,sum_additions_amt=0,sum_deletions_cnt=0,sum_deletions_amt=0|update p09_summary set sum_processed_date=convert(date,getdate()),sum_beginning_cnt=sum_ending_cnt,sum_beginning_amt=sum_ending_amt,sum_additions_cnt=0,sum_additions_amt=0,sum_deletions_cnt=0,sum_deletions_amt=0
1776276631856|6|commit|connection 0|url jdbc:p6spy:sqlserver://CFSFPTEST:1433;databaseName=CFSFP;encrypt=true;trustServerCertificate=true;||
1776276631886|6|commit|connection 0|url jdbc:p6spy:sqlserver://CFSFPTEST:1433;databaseName=CFSFP;encrypt=true;trustServerCertificate=true;||
1776276631915|3|commit|connection 0|url jdbc:p6spy:sqlserver://CFSFPTEST:1433;databaseName=CFSFP;encrypt=true;trustServerCertificate=true;||
1776276631926|5|commit|connection 0|url jdbc:p6spy:sqlserver://CFSFPTEST:1433;databaseName=CFSFP;encrypt=true;trustServerCertificate=true;||
1776276631942|3|commit|connection 0|url jdbc:p6spy:sqlserver://CFSFPTEST:1433;databaseName=CFSFP;encrypt=true;trustServerCertificate=true;||
1776276769089|1|commit|connection 0|url jdbc:p6spy:sqlserver://CFSFPTEST:1433;databaseName=CFSFP;encrypt=true;trustServerCertificate=true;||
1776276769122|3|statement|connection 0|url jdbc:p6spy:sqlserver://CFSFPTEST:1433;databaseName=CFSFP;encrypt=true;trustServerCertificate=true;|select next value for BATCH_JOB_SEQ|select next value for BATCH_JOB_SEQ
1776276769263|4|commit|connection 0|url jdbc:p6spy:sqlserver://CFSFPTEST:1433;databaseName=CFSFP;encrypt=true;trustServerCertificate=true;||
1776276769466|10|commit|connection 0|url jdbc:p6spy:sqlserver://CFSFPTEST:1433;databaseName=CFSFP;encrypt=true;trustServerCertificate=true;||
1776276769495|1|commit|connection 0|url jdbc:p6spy:sqlserver://CFSFPTEST:1433;databaseName=CFSFP;encrypt=true;trustServerCertificate=true;||
1776276769510|0|commit|connection 0|url jdbc:p6spy:sqlserver://CFSFPTEST:1433;databaseName=CFSFP;encrypt=true;trustServerCertificate=true;||
1776276769524|3|commit|connection 0|url jdbc:p6spy:sqlserver://CFSFPTEST:1433;databaseName=CFSFP;encrypt=true;trustServerCertificate=true;||
1776276769544|3|commit|connection 0|url jdbc:p6spy:sqlserver://CFSFPTEST:1433;databaseName=CFSFP;encrypt=true;trustServerCertificate=true;||
1776276769566|7|commit|connection 0|url jdbc:p6spy:sqlserver://CFSFPTEST:1433;databaseName=CFSFP;encrypt=true;trustServerCertificate=true;||
1776276770315|122|statement|connection 0|url jdbc:p6spy:sqlserver://CFSFPTEST:1433;databaseName=CFSFP;encrypt=true;trustServerCertificate=true;|select p1_0.cr_location_clerk,p1_0.cr_location_nbr,p1_0.cr_cntrl_date,p1_0.cr_cntrl_nbr,p1_0.cr_refund_type,p1_0.cr_cntrld_amt,p1_0.cr_patient_lname,p1_0.cr_patient_fname,p1_0.cr_mbr_id_nbr,p1_0.cr_remittor_name,p1_0.cr_reason_code,p1_0.cr_receipt_type,p1_0.cr_check_nbr,p1_0.cr_status_text,p1_0.cr_received_date,p1_0.cr_location_date from p09_cash_receipt p1_0 where (p1_0.cr_location_nbr+p1_0.cr_location_clerk+format(p1_0.cr_received_date,'yyyy-MM-dd')+p1_0.cr_refund_type+p1_0.cr_cntrl_nbr+format(p1_0.cr_cntrl_date,'yyyy-MM-dd'))>? and p1_0.cr_status_text in ('OPEN','PENDED') order by p1_0.cr_location_nbr,p1_0.cr_location_clerk,p1_0.cr_received_date,p1_0.cr_refund_type,p1_0.cr_cntrl_nbr,p1_0.cr_cntrl_date|select p1_0.cr_location_clerk,p1_0.cr_location_nbr,p1_0.cr_cntrl_date,p1_0.cr_cntrl_nbr,p1_0.cr_refund_type,p1_0.cr_cntrld_amt,p1_0.cr_patient_lname,p1_0.cr_patient_fname,p1_0.cr_mbr_id_nbr,p1_0.cr_remittor_name,p1_0.cr_reason_code,p1_0.cr_receipt_type,p1_0.cr_check_nbr,p1_0.cr_status_text,p1_0.cr_received_date,p1_0.cr_location_date from p09_cash_receipt p1_0 where (p1_0.cr_location_nbr+p1_0.cr_location_clerk+format(p1_0.cr_received_date,'yyyy-MM-dd')+p1_0.cr_refund_type+p1_0.cr_cntrl_nbr+format(p1_0.cr_cntrl_date,'yyyy-MM-dd'))>'' and p1_0.cr_status_text in ('OPEN','PENDED') order by p1_0.cr_location_nbr,p1_0.cr_location_clerk,p1_0.cr_received_date,p1_0.cr_refund_type,p1_0.cr_cntrl_nbr,p1_0.cr_cntrl_date
1776276770688|2|statement|connection 0|url jdbc:p6spy:sqlserver://CFSFPTEST:1433;databaseName=CFSFP;encrypt=true;trustServerCertificate=true;|select p1_0.sum_location_id,p1_0.sum_clerk_id,p1_0.sum_beginning_cnt,p1_0.sum_beginning_amt,p1_0.sum_additions_cnt,p1_0.sum_additions_amt,p1_0.sum_deletions_cnt,p1_0.sum_deletions_amt,p1_0.sum_ending_cnt,p1_0.sum_ending_amt from p09_summary p1_0 where p1_0.sum_location_id=? and p1_0.sum_clerk_id=?|select p1_0.sum_location_id,p1_0.sum_clerk_id,p1_0.sum_beginning_cnt,p1_0.sum_beginning_amt,p1_0.sum_additions_cnt,p1_0.sum_additions_amt,p1_0.sum_deletions_cnt,p1_0.sum_deletions_amt,p1_0.sum_ending_cnt,p1_0.sum_ending_amt from p09_summary p1_0 where p1_0.sum_location_id=' ' and p1_0.sum_clerk_id=' '
1776276770703|1|statement|connection 0|url jdbc:p6spy:sqlserver://CFSFPTEST:1433;databaseName=CFSFP;encrypt=true;trustServerCertificate=true;|select p1_0.sum_location_id,p1_0.sum_clerk_id,p1_0.sum_beginning_cnt,p1_0.sum_beginning_amt,p1_0.sum_additions_cnt,p1_0.sum_additions_amt,p1_0.sum_deletions_cnt,p1_0.sum_deletions_amt,p1_0.sum_ending_cnt,p1_0.sum_ending_amt from p09_summary p1_0 where p1_0.sum_location_id=? and p1_0.sum_clerk_id=?|select p1_0.sum_location_id,p1_0.sum_clerk_id,p1_0.sum_beginning_cnt,p1_0.sum_beginning_amt,p1_0.sum_additions_cnt,p1_0.sum_additions_amt,p1_0.sum_deletions_cnt,p1_0.sum_deletions_amt,p1_0.sum_ending_cnt,p1_0.sum_ending_amt from p09_summary p1_0 where p1_0.sum_location_id='130' and p1_0.sum_clerk_id='0000'
1776276770718|1|statement|connection 0|url jdbc:p6spy:sqlserver://CFSFPTEST:1433;databaseName=CFSFP;encrypt=true;trustServerCertificate=true;|select p1_0.sum_location_id,p1_0.sum_clerk_id,p1_0.sum_beginning_cnt,p1_0.sum_beginning_amt,p1_0.sum_additions_cnt,p1_0.sum_additions_amt,p1_0.sum_deletions_cnt,p1_0.sum_deletions_amt,p1_0.sum_ending_cnt,p1_0.sum_ending_amt from p09_summary p1_0 where p1_0.sum_location_id=? and p1_0.sum_clerk_id=?|select p1_0.sum_location_id,p1_0.sum_clerk_id,p1_0.sum_beginning_cnt,p1_0.sum_beginning_amt,p1_0.sum_additions_cnt,p1_0.sum_additions_amt,p1_0.sum_deletions_cnt,p1_0.sum_deletions_amt,p1_0.sum_ending_cnt,p1_0.sum_ending_amt from p09_summary p1_0 where p1_0.sum_location_id='130' and p1_0.sum_clerk_id='0001'
1776276770759|3|statement|connection 0|url jdbc:p6spy:sqlserver://CFSFPTEST:1433;databaseName=CFSFP;encrypt=true;trustServerCertificate=true;|select p1_0.sum_location_id,p1_0.sum_clerk_id,p1_0.sum_beginning_cnt,p1_0.sum_beginning_amt,p1_0.sum_additions_cnt,p1_0.sum_additions_amt,p1_0.sum_deletions_cnt,p1_0.sum_deletions_amt,p1_0.sum_ending_cnt,p1_0.sum_ending_amt from p09_summary p1_0 where p1_0.sum_location_id=? and p1_0.sum_clerk_id=?|select p1_0.sum_location_id,p1_0.sum_clerk_id,p1_0.sum_beginning_cnt,p1_0.sum_beginning_amt,p1_0.sum_additions_cnt,p1_0.sum_additions_amt,p1_0.sum_deletions_cnt,p1_0.sum_deletions_amt,p1_0.sum_ending_cnt,p1_0.sum_ending_amt from p09_summary p1_0 where p1_0.sum_location_id='135' and p1_0.sum_clerk_id='0000'
1776276770780|6|statement|connection 0|url jdbc:p6spy:sqlserver://CFSFPTEST:1433;databaseName=CFSFP;encrypt=true;trustServerCertificate=true;|select p1_0.sum_location_id,p1_0.sum_clerk_id,p1_0.sum_beginning_cnt,p1_0.sum_beginning_amt,p1_0.sum_additions_cnt,p1_0.sum_additions_amt,p1_0.sum_deletions_cnt,p1_0.sum_deletions_amt,p1_0.sum_ending_cnt,p1_0.sum_ending_amt from p09_summary p1_0 where p1_0.sum_location_id=? and p1_0.sum_clerk_id=?|select p1_0.sum_location_id,p1_0.sum_clerk_id,p1_0.sum_beginning_cnt,p1_0.sum_beginning_amt,p1_0.sum_additions_cnt,p1_0.sum_additions_amt,p1_0.sum_deletions_cnt,p1_0.sum_deletions_amt,p1_0.sum_ending_cnt,p1_0.sum_ending_amt from p09_summary p1_0 where p1_0.sum_location_id='135' and p1_0.sum_clerk_id='0001'
1776276770946|9|statement|connection 0|url jdbc:p6spy:sqlserver://CFSFPTEST:1433;databaseName=CFSFP;encrypt=true;trustServerCertificate=true;|select p1_0.sum_location_id,p1_0.sum_clerk_id,p1_0.sum_beginning_cnt,p1_0.sum_beginning_amt,p1_0.sum_additions_cnt,p1_0.sum_additions_amt,p1_0.sum_deletions_cnt,p1_0.sum_deletions_amt,p1_0.sum_ending_cnt,p1_0.sum_ending_amt from p09_summary p1_0 where p1_0.sum_location_id=? and p1_0.sum_clerk_id=?|select p1_0.sum_location_id,p1_0.sum_clerk_id,p1_0.sum_beginning_cnt,p1_0.sum_beginning_amt,p1_0.sum_additions_cnt,p1_0.sum_additions_amt,p1_0.sum_deletions_cnt,p1_0.sum_deletions_amt,p1_0.sum_ending_cnt,p1_0.sum_ending_amt from p09_summary p1_0 where p1_0.sum_location_id='135' and p1_0.sum_clerk_id='3488'
1776276770959|2|statement|connection 0|url jdbc:p6spy:sqlserver://CFSFPTEST:1433;databaseName=CFSFP;encrypt=true;trustServerCertificate=true;|select p1_0.sum_location_id,p1_0.sum_clerk_id,p1_0.sum_beginning_cnt,p1_0.sum_beginning_amt,p1_0.sum_additions_cnt,p1_0.sum_additions_amt,p1_0.sum_deletions_cnt,p1_0.sum_deletions_amt,p1_0.sum_ending_cnt,p1_0.sum_ending_amt from p09_summary p1_0 where p1_0.sum_location_id=? and p1_0.sum_clerk_id=?|select p1_0.sum_location_id,p1_0.sum_clerk_id,p1_0.sum_beginning_cnt,p1_0.sum_beginning_amt,p1_0.sum_additions_cnt,p1_0.sum_additions_amt,p1_0.sum_deletions_cnt,p1_0.sum_deletions_amt,p1_0.sum_ending_cnt,p1_0.sum_ending_amt from p09_summary p1_0 where p1_0.sum_location_id='136' and p1_0.sum_clerk_id='0001'
1776276771031|9|statement|connection 0|url jdbc:p6spy:sqlserver://CFSFPTEST:1433;databaseName=CFSFP;encrypt=true;trustServerCertificate=true;|select p1_0.sum_location_id,p1_0.sum_clerk_id,p1_0.sum_beginning_cnt,p1_0.sum_beginning_amt,p1_0.sum_additions_cnt,p1_0.sum_additions_amt,p1_0.sum_deletions_cnt,p1_0.sum_deletions_amt,p1_0.sum_ending_cnt,p1_0.sum_ending_amt from p09_summary p1_0 where p1_0.sum_location_id=? and p1_0.sum_clerk_id=?|select p1_0.sum_location_id,p1_0.sum_clerk_id,p1_0.sum_beginning_cnt,p1_0.sum_beginning_amt,p1_0.sum_additions_cnt,p1_0.sum_additions_amt,p1_0.sum_deletions_cnt,p1_0.sum_deletions_amt,p1_0.sum_ending_cnt,p1_0.sum_ending_amt from p09_summary p1_0 where p1_0.sum_location_id='137' and p1_0.sum_clerk_id='0001'
1776276771060|3|statement|connection 0|url jdbc:p6spy:sqlserver://CFSFPTEST:1433;databaseName=CFSFP;encrypt=true;trustServerCertificate=true;|select p1_0.sum_location_id,p1_0.sum_clerk_id,p1_0.sum_beginning_cnt,p1_0.sum_beginning_amt,p1_0.sum_additions_cnt,p1_0.sum_additions_amt,p1_0.sum_deletions_cnt,p1_0.sum_deletions_amt,p1_0.sum_ending_cnt,p1_0.sum_ending_amt from p09_summary p1_0 where p1_0.sum_location_id=? and p1_0.sum_clerk_id=?|select p1_0.sum_location_id,p1_0.sum_clerk_id,p1_0.sum_beginning_cnt,p1_0.sum_beginning_amt,p1_0.sum_additions_cnt,p1_0.sum_additions_amt,p1_0.sum_deletions_cnt,p1_0.sum_deletions_amt,p1_0.sum_ending_cnt,p1_0.sum_ending_amt from p09_summary p1_0 where p1_0.sum_location_id='138' and p1_0.sum_clerk_id='0001'
1776276771110|9|statement|connection 0|url jdbc:p6spy:sqlserver://CFSFPTEST:1433;databaseName=CFSFP;encrypt=true;trustServerCertificate=true;|select p1_0.sum_location_id,p1_0.sum_clerk_id,p1_0.sum_beginning_cnt,p1_0.sum_beginning_amt,p1_0.sum_additions_cnt,p1_0.sum_additions_amt,p1_0.sum_deletions_cnt,p1_0.sum_deletions_amt,p1_0.sum_ending_cnt,p1_0.sum_ending_amt from p09_summary p1_0 where p1_0.sum_location_id=? and p1_0.sum_clerk_id=?|select p1_0.sum_location_id,p1_0.sum_clerk_id,p1_0.sum_beginning_cnt,p1_0.sum_beginning_amt,p1_0.sum_additions_cnt,p1_0.sum_additions_amt,p1_0.sum_deletions_cnt,p1_0.sum_deletions_amt,p1_0.sum_ending_cnt,p1_0.sum_ending_amt from p09_summary p1_0 where p1_0.sum_location_id='139' and p1_0.sum_clerk_id='0001'
1776276771124|9|statement|connection 0|url jdbc:p6spy:sqlserver://CFSFPTEST:1433;databaseName=CFSFP;encrypt=true;trustServerCertificate=true;|select p1_0.sum_location_id,p1_0.sum_clerk_id,p1_0.sum_beginning_cnt,p1_0.sum_beginning_amt,p1_0.sum_additions_cnt,p1_0.sum_additions_amt,p1_0.sum_deletions_cnt,p1_0.sum_deletions_amt,p1_0.sum_ending_cnt,p1_0.sum_ending_amt from p09_summary p1_0 where p1_0.sum_location_id=? and p1_0.sum_clerk_id=?|select p1_0.sum_location_id,p1_0.sum_clerk_id,p1_0.sum_beginning_cnt,p1_0.sum_beginning_amt,p1_0.sum_additions_cnt,p1_0.sum_additions_amt,p1_0.sum_deletions_cnt,p1_0.sum_deletions_amt,p1_0.sum_ending_cnt,p1_0.sum_ending_amt from p09_summary p1_0 where p1_0.sum_location_id='190' and p1_0.sum_clerk_id='0001'
1776276771385|1|statement|connection 0|url jdbc:p6spy:sqlserver://CFSFPTEST:1433;databaseName=CFSFP;encrypt=true;trustServerCertificate=true;|select p1_0.sum_location_id,p1_0.sum_clerk_id,p1_0.sum_beginning_cnt,p1_0.sum_beginning_amt,p1_0.sum_additions_cnt,p1_0.sum_additions_amt,p1_0.sum_deletions_cnt,p1_0.sum_deletions_amt,p1_0.sum_ending_cnt,p1_0.sum_ending_amt from p09_summary p1_0 where p1_0.sum_location_id=? and p1_0.sum_clerk_id=?|select p1_0.sum_location_id,p1_0.sum_clerk_id,p1_0.sum_beginning_cnt,p1_0.sum_beginning_amt,p1_0.sum_additions_cnt,p1_0.sum_additions_amt,p1_0.sum_deletions_cnt,p1_0.sum_deletions_amt,p1_0.sum_ending_cnt,p1_0.sum_ending_amt from p09_summary p1_0 where p1_0.sum_location_id='190' and p1_0.sum_clerk_id='6636'
1776276771513|5|statement|connection 0|url jdbc:p6spy:sqlserver://CFSFPTEST:1433;databaseName=CFSFP;encrypt=true;trustServerCertificate=true;|select p1_0.sum_location_id,p1_0.sum_clerk_id,p1_0.sum_beginning_cnt,p1_0.sum_beginning_amt,p1_0.sum_additions_cnt,p1_0.sum_additions_amt,p1_0.sum_deletions_cnt,p1_0.sum_deletions_amt,p1_0.sum_ending_cnt,p1_0.sum_ending_amt from p09_summary p1_0 where p1_0.sum_location_id=? and p1_0.sum_clerk_id=?|select p1_0.sum_location_id,p1_0.sum_clerk_id,p1_0.sum_beginning_cnt,p1_0.sum_beginning_amt,p1_0.sum_additions_cnt,p1_0.sum_additions_amt,p1_0.sum_deletions_cnt,p1_0.sum_deletions_amt,p1_0.sum_ending_cnt,p1_0.sum_ending_amt from p09_summary p1_0 where p1_0.sum_location_id='200' and p1_0.sum_clerk_id='0001'
1776276771535|12|statement|connection 0|url jdbc:p6spy:sqlserver://CFSFPTEST:1433;databaseName=CFSFP;encrypt=true;trustServerCertificate=true;|select p1_0.sum_location_id,p1_0.sum_clerk_id,p1_0.sum_beginning_cnt,p1_0.sum_beginning_amt,p1_0.sum_additions_cnt,p1_0.sum_additions_amt,p1_0.sum_deletions_cnt,p1_0.sum_deletions_amt,p1_0.sum_ending_cnt,p1_0.sum_ending_amt from p09_summary p1_0 where p1_0.sum_location_id=? and p1_0.sum_clerk_id=?|select p1_0.sum_location_id,p1_0.sum_clerk_id,p1_0.sum_beginning_cnt,p1_0.sum_beginning_amt,p1_0.sum_additions_cnt,p1_0.sum_additions_amt,p1_0.sum_deletions_cnt,p1_0.sum_deletions_amt,p1_0.sum_ending_cnt,p1_0.sum_ending_amt from p09_summary p1_0 where p1_0.sum_location_id='210' and p1_0.sum_clerk_id='0001'
1776276771563|6|statement|connection 0|url jdbc:p6spy:sqlserver://CFSFPTEST:1433;databaseName=CFSFP;encrypt=true;trustServerCertificate=true;|select p1_0.sum_location_id,p1_0.sum_clerk_id,p1_0.sum_beginning_cnt,p1_0.sum_beginning_amt,p1_0.sum_additions_cnt,p1_0.sum_additions_amt,p1_0.sum_deletions_cnt,p1_0.sum_deletions_amt,p1_0.sum_ending_cnt,p1_0.sum_ending_amt from p09_summary p1_0 where p1_0.sum_location_id=? and p1_0.sum_clerk_id=?|select p1_0.sum_location_id,p1_0.sum_clerk_id,p1_0.sum_beginning_cnt,p1_0.sum_beginning_amt,p1_0.sum_additions_cnt,p1_0.sum_additions_amt,p1_0.sum_deletions_cnt,p1_0.sum_deletions_amt,p1_0.sum_ending_cnt,p1_0.sum_ending_amt from p09_summary p1_0 where p1_0.sum_location_id='995' and p1_0.sum_clerk_id='0001'
1776276771577|7|statement|connection 0|url jdbc:p6spy:sqlserver://CFSFPTEST:1433;databaseName=CFSFP;encrypt=true;trustServerCertificate=true;|select p1_0.sum_location_id,p1_0.sum_clerk_id,p1_0.sum_beginning_cnt,p1_0.sum_beginning_amt,p1_0.sum_additions_cnt,p1_0.sum_additions_amt,p1_0.sum_deletions_cnt,p1_0.sum_deletions_amt,p1_0.sum_ending_cnt,p1_0.sum_ending_amt from p09_summary p1_0 where p1_0.sum_location_id=? and p1_0.sum_clerk_id=?|select p1_0.sum_location_id,p1_0.sum_clerk_id,p1_0.sum_beginning_cnt,p1_0.sum_beginning_amt,p1_0.sum_additions_cnt,p1_0.sum_additions_amt,p1_0.sum_deletions_cnt,p1_0.sum_deletions_amt,p1_0.sum_ending_cnt,p1_0.sum_ending_amt from p09_summary p1_0 where p1_0.sum_location_id='999' and p1_0.sum_clerk_id='999'
1776276771587|4|statement|connection 0|url jdbc:p6spy:sqlserver://CFSFPTEST:1433;databaseName=CFSFP;encrypt=true;trustServerCertificate=true;|select p1_0.sum_location_id,p1_0.sum_clerk_id,p1_0.sum_beginning_cnt,p1_0.sum_beginning_amt,p1_0.sum_additions_cnt,p1_0.sum_additions_amt,p1_0.sum_deletions_cnt,p1_0.sum_deletions_amt,p1_0.sum_ending_cnt,p1_0.sum_ending_amt from p09_summary p1_0 where p1_0.sum_location_id=? and p1_0.sum_clerk_id=?|select p1_0.sum_location_id,p1_0.sum_clerk_id,p1_0.sum_beginning_cnt,p1_0.sum_beginning_amt,p1_0.sum_additions_cnt,p1_0.sum_additions_amt,p1_0.sum_deletions_cnt,p1_0.sum_deletions_amt,p1_0.sum_ending_cnt,p1_0.sum_ending_amt from p09_summary p1_0 where p1_0.sum_location_id='999' and p1_0.sum_clerk_id='9999'
1776276771647|14|statement|connection 0|url jdbc:p6spy:sqlserver://CFSFPTEST:1433;databaseName=CFSFP;encrypt=true;trustServerCertificate=true;|select p1_0.sum_location_id,sum(p1_0.sum_beginning_cnt),sum(p1_0.sum_beginning_amt),sum(p1_0.sum_additions_cnt),sum(p1_0.sum_additions_amt),sum(p1_0.sum_deletions_cnt),sum(p1_0.sum_deletions_amt),sum(p1_0.sum_ending_cnt),sum(p1_0.sum_ending_amt) from p09_summary p1_0 group by p1_0.sum_location_id|select p1_0.sum_location_id,sum(p1_0.sum_beginning_cnt),sum(p1_0.sum_beginning_amt),sum(p1_0.sum_additions_cnt),sum(p1_0.sum_additions_amt),sum(p1_0.sum_deletions_cnt),sum(p1_0.sum_deletions_amt),sum(p1_0.sum_ending_cnt),sum(p1_0.sum_ending_amt) from p09_summary p1_0 group by p1_0.sum_location_id
1776276771716|3|statement|connection 0|url jdbc:p6spy:sqlserver://CFSFPTEST:1433;databaseName=CFSFP;encrypt=true;trustServerCertificate=true;|update p09_summary set sum_processed_date=convert(date,getdate()),sum_beginning_cnt=sum_ending_cnt,sum_beginning_amt=sum_ending_amt,sum_additions_cnt=0,sum_additions_amt=0,sum_deletions_cnt=0,sum_deletions_amt=0|update p09_summary set sum_processed_date=convert(date,getdate()),sum_beginning_cnt=sum_ending_cnt,sum_beginning_amt=sum_ending_amt,sum_additions_cnt=0,sum_additions_amt=0,sum_deletions_cnt=0,sum_deletions_amt=0
1776276771746|4|commit|connection 0|url jdbc:p6spy:sqlserver://CFSFPTEST:1433;databaseName=CFSFP;encrypt=true;trustServerCertificate=true;||
1776276771764|3|commit|connection 0|url jdbc:p6spy:sqlserver://CFSFPTEST:1433;databaseName=CFSFP;encrypt=true;trustServerCertificate=true;||
1776276771788|3|commit|connection 0|url jdbc:p6spy:sqlserver://CFSFPTEST:1433;databaseName=CFSFP;encrypt=true;trustServerCertificate=true;||
1776276771806|6|commit|connection 0|url jdbc:p6spy:sqlserver://CFSFPTEST:1433;databaseName=CFSFP;encrypt=true;trustServerCertificate=true;||
1776276771852|8|commit|connection 0|url jdbc:p6spy:sqlserver://CFSFPTEST:1433;databaseName=CFSFP;encrypt=true;trustServerCertificate=true;||
1776277761997|2|commit|connection 0|url jdbc:p6spy:sqlserver://CFSFPTEST:1433;databaseName=CFSFP;encrypt=true;trustServerCertificate=true;||
1776277762058|13|statement|connection 0|url jdbc:p6spy:sqlserver://CFSFPTEST:1433;databaseName=CFSFP;encrypt=true;trustServerCertificate=true;|select next value for BATCH_JOB_SEQ|select next value for BATCH_JOB_SEQ
1776277762120|4|commit|connection 0|url jdbc:p6spy:sqlserver://CFSFPTEST:1433;databaseName=CFSFP;encrypt=true;trustServerCertificate=true;||
1776277762434|4|commit|connection 0|url jdbc:p6spy:sqlserver://CFSFPTEST:1433;databaseName=CFSFP;encrypt=true;trustServerCertificate=true;||
1776277762472|1|commit|connection 0|url jdbc:p6spy:sqlserver://CFSFPTEST:1433;databaseName=CFSFP;encrypt=true;trustServerCertificate=true;||
1776277762483|0|commit|connection 0|url jdbc:p6spy:sqlserver://CFSFPTEST:1433;databaseName=CFSFP;encrypt=true;trustServerCertificate=true;||
1776277762511|4|commit|connection 0|url jdbc:p6spy:sqlserver://CFSFPTEST:1433;databaseName=CFSFP;encrypt=true;trustServerCertificate=true;||
1776277762558|9|commit|connection 0|url jdbc:p6spy:sqlserver://CFSFPTEST:1433;databaseName=CFSFP;encrypt=true;trustServerCertificate=true;||
1776277762613|4|commit|connection 0|url jdbc:p6spy:sqlserver://CFSFPTEST:1433;databaseName=CFSFP;encrypt=true;trustServerCertificate=true;||
1776277763787|112|statement|connection 0|url jdbc:p6spy:sqlserver://CFSFPTEST:1433;databaseName=CFSFP;encrypt=true;trustServerCertificate=true;|select p1_0.cr_location_clerk,p1_0.cr_location_nbr,p1_0.cr_cntrl_date,p1_0.cr_cntrl_nbr,p1_0.cr_refund_type,p1_0.cr_cntrld_amt,p1_0.cr_patient_lname,p1_0.cr_patient_fname,p1_0.cr_mbr_id_nbr,p1_0.cr_remittor_name,p1_0.cr_reason_code,p1_0.cr_receipt_type,p1_0.cr_check_nbr,p1_0.cr_status_text,p1_0.cr_received_date,p1_0.cr_location_date from p09_cash_receipt p1_0 where (p1_0.cr_location_nbr+p1_0.cr_location_clerk+format(p1_0.cr_received_date,'yyyy-MM-dd')+p1_0.cr_refund_type+p1_0.cr_cntrl_nbr+format(p1_0.cr_cntrl_date,'yyyy-MM-dd'))>? and p1_0.cr_status_text in ('OPEN','PENDED') order by p1_0.cr_location_nbr,p1_0.cr_location_clerk,p1_0.cr_received_date,p1_0.cr_refund_type,p1_0.cr_cntrl_nbr,p1_0.cr_cntrl_date|select p1_0.cr_location_clerk,p1_0.cr_location_nbr,p1_0.cr_cntrl_date,p1_0.cr_cntrl_nbr,p1_0.cr_refund_type,p1_0.cr_cntrld_amt,p1_0.cr_patient_lname,p1_0.cr_patient_fname,p1_0.cr_mbr_id_nbr,p1_0.cr_remittor_name,p1_0.cr_reason_code,p1_0.cr_receipt_type,p1_0.cr_check_nbr,p1_0.cr_status_text,p1_0.cr_received_date,p1_0.cr_location_date from p09_cash_receipt p1_0 where (p1_0.cr_location_nbr+p1_0.cr_location_clerk+format(p1_0.cr_received_date,'yyyy-MM-dd')+p1_0.cr_refund_type+p1_0.cr_cntrl_nbr+format(p1_0.cr_cntrl_date,'yyyy-MM-dd'))>'' and p1_0.cr_status_text in ('OPEN','PENDED') order by p1_0.cr_location_nbr,p1_0.cr_location_clerk,p1_0.cr_received_date,p1_0.cr_refund_type,p1_0.cr_cntrl_nbr,p1_0.cr_cntrl_date
1776277764095|4|statement|connection 0|url jdbc:p6spy:sqlserver://CFSFPTEST:1433;databaseName=CFSFP;encrypt=true;trustServerCertificate=true;|select p1_0.sum_location_id,p1_0.sum_clerk_id,p1_0.sum_beginning_cnt,p1_0.sum_beginning_amt,p1_0.sum_additions_cnt,p1_0.sum_additions_amt,p1_0.sum_deletions_cnt,p1_0.sum_deletions_amt,p1_0.sum_ending_cnt,p1_0.sum_ending_amt from p09_summary p1_0 where p1_0.sum_location_id=? and p1_0.sum_clerk_id=?|select p1_0.sum_location_id,p1_0.sum_clerk_id,p1_0.sum_beginning_cnt,p1_0.sum_beginning_amt,p1_0.sum_additions_cnt,p1_0.sum_additions_amt,p1_0.sum_deletions_cnt,p1_0.sum_deletions_amt,p1_0.sum_ending_cnt,p1_0.sum_ending_amt from p09_summary p1_0 where p1_0.sum_location_id=' ' and p1_0.sum_clerk_id=' '
1776277764128|3|statement|connection 0|url jdbc:p6spy:sqlserver://CFSFPTEST:1433;databaseName=CFSFP;encrypt=true;trustServerCertificate=true;|select p1_0.sum_location_id,p1_0.sum_clerk_id,p1_0.sum_beginning_cnt,p1_0.sum_beginning_amt,p1_0.sum_additions_cnt,p1_0.sum_additions_amt,p1_0.sum_deletions_cnt,p1_0.sum_deletions_amt,p1_0.sum_ending_cnt,p1_0.sum_ending_amt from p09_summary p1_0 where p1_0.sum_location_id=? and p1_0.sum_clerk_id=?|select p1_0.sum_location_id,p1_0.sum_clerk_id,p1_0.sum_beginning_cnt,p1_0.sum_beginning_amt,p1_0.sum_additions_cnt,p1_0.sum_additions_amt,p1_0.sum_deletions_cnt,p1_0.sum_deletions_amt,p1_0.sum_ending_cnt,p1_0.sum_ending_amt from p09_summary p1_0 where p1_0.sum_location_id='130' and p1_0.sum_clerk_id='0000'
1776277764143|2|statement|connection 0|url jdbc:p6spy:sqlserver://CFSFPTEST:1433;databaseName=CFSFP;encrypt=true;trustServerCertificate=true;|select p1_0.sum_location_id,p1_0.sum_clerk_id,p1_0.sum_beginning_cnt,p1_0.sum_beginning_amt,p1_0.sum_additions_cnt,p1_0.sum_additions_amt,p1_0.sum_deletions_cnt,p1_0.sum_deletions_amt,p1_0.sum_ending_cnt,p1_0.sum_ending_amt from p09_summary p1_0 where p1_0.sum_location_id=? and p1_0.sum_clerk_id=?|select p1_0.sum_location_id,p1_0.sum_clerk_id,p1_0.sum_beginning_cnt,p1_0.sum_beginning_amt,p1_0.sum_additions_cnt,p1_0.sum_additions_amt,p1_0.sum_deletions_cnt,p1_0.sum_deletions_amt,p1_0.sum_ending_cnt,p1_0.sum_ending_amt from p09_summary p1_0 where p1_0.sum_location_id='130' and p1_0.sum_clerk_id='0001'
1776277764172|7|statement|connection 0|url jdbc:p6spy:sqlserver://CFSFPTEST:1433;databaseName=CFSFP;encrypt=true;trustServerCertificate=true;|select p1_0.sum_location_id,p1_0.sum_clerk_id,p1_0.sum_beginning_cnt,p1_0.sum_beginning_amt,p1_0.sum_additions_cnt,p1_0.sum_additions_amt,p1_0.sum_deletions_cnt,p1_0.sum_deletions_amt,p1_0.sum_ending_cnt,p1_0.sum_ending_amt from p09_summary p1_0 where p1_0.sum_location_id=? and p1_0.sum_clerk_id=?|select p1_0.sum_location_id,p1_0.sum_clerk_id,p1_0.sum_beginning_cnt,p1_0.sum_beginning_amt,p1_0.sum_additions_cnt,p1_0.sum_additions_amt,p1_0.sum_deletions_cnt,p1_0.sum_deletions_amt,p1_0.sum_ending_cnt,p1_0.sum_ending_amt from p09_summary p1_0 where p1_0.sum_location_id='135' and p1_0.sum_clerk_id='0000'
1776277764189|5|statement|connection 0|url jdbc:p6spy:sqlserver://CFSFPTEST:1433;databaseName=CFSFP;encrypt=true;trustServerCertificate=true;|select p1_0.sum_location_id,p1_0.sum_clerk_id,p1_0.sum_beginning_cnt,p1_0.sum_beginning_amt,p1_0.sum_additions_cnt,p1_0.sum_additions_amt,p1_0.sum_deletions_cnt,p1_0.sum_deletions_amt,p1_0.sum_ending_cnt,p1_0.sum_ending_amt from p09_summary p1_0 where p1_0.sum_location_id=? and p1_0.sum_clerk_id=?|select p1_0.sum_location_id,p1_0.sum_clerk_id,p1_0.sum_beginning_cnt,p1_0.sum_beginning_amt,p1_0.sum_additions_cnt,p1_0.sum_additions_amt,p1_0.sum_deletions_cnt,p1_0.sum_deletions_amt,p1_0.sum_ending_cnt,p1_0.sum_ending_amt from p09_summary p1_0 where p1_0.sum_location_id='135' and p1_0.sum_clerk_id='0001'
1776277764360|5|statement|connection 0|url jdbc:p6spy:sqlserver://CFSFPTEST:1433;databaseName=CFSFP;encrypt=true;trustServerCertificate=true;|select p1_0.sum_location_id,p1_0.sum_clerk_id,p1_0.sum_beginning_cnt,p1_0.sum_beginning_amt,p1_0.sum_additions_cnt,p1_0.sum_additions_amt,p1_0.sum_deletions_cnt,p1_0.sum_deletions_amt,p1_0.sum_ending_cnt,p1_0.sum_ending_amt from p09_summary p1_0 where p1_0.sum_location_id=? and p1_0.sum_clerk_id=?|select p1_0.sum_location_id,p1_0.sum_clerk_id,p1_0.sum_beginning_cnt,p1_0.sum_beginning_amt,p1_0.sum_additions_cnt,p1_0.sum_additions_amt,p1_0.sum_deletions_cnt,p1_0.sum_deletions_amt,p1_0.sum_ending_cnt,p1_0.sum_ending_amt from p09_summary p1_0 where p1_0.sum_location_id='135' and p1_0.sum_clerk_id='3488'
1776277764375|7|statement|connection 0|url jdbc:p6spy:sqlserver://CFSFPTEST:1433;databaseName=CFSFP;encrypt=true;trustServerCertificate=true;|select p1_0.sum_location_id,p1_0.sum_clerk_id,p1_0.sum_beginning_cnt,p1_0.sum_beginning_amt,p1_0.sum_additions_cnt,p1_0.sum_additions_amt,p1_0.sum_deletions_cnt,p1_0.sum_deletions_amt,p1_0.sum_ending_cnt,p1_0.sum_ending_amt from p09_summary p1_0 where p1_0.sum_location_id=? and p1_0.sum_clerk_id=?|select p1_0.sum_location_id,p1_0.sum_clerk_id,p1_0.sum_beginning_cnt,p1_0.sum_beginning_amt,p1_0.sum_additions_cnt,p1_0.sum_additions_amt,p1_0.sum_deletions_cnt,p1_0.sum_deletions_amt,p1_0.sum_ending_cnt,p1_0.sum_ending_amt from p09_summary p1_0 where p1_0.sum_location_id='136' and p1_0.sum_clerk_id='0001'
1776277764482|16|statement|connection 0|url jdbc:p6spy:sqlserver://CFSFPTEST:1433;databaseName=CFSFP;encrypt=true;trustServerCertificate=true;|select p1_0.sum_location_id,p1_0.sum_clerk_id,p1_0.sum_beginning_cnt,p1_0.sum_beginning_amt,p1_0.sum_additions_cnt,p1_0.sum_additions_amt,p1_0.sum_deletions_cnt,p1_0.sum_deletions_amt,p1_0.sum_ending_cnt,p1_0.sum_ending_amt from p09_summary p1_0 where p1_0.sum_location_id=? and p1_0.sum_clerk_id=?|select p1_0.sum_location_id,p1_0.sum_clerk_id,p1_0.sum_beginning_cnt,p1_0.sum_beginning_amt,p1_0.sum_additions_cnt,p1_0.sum_additions_amt,p1_0.sum_deletions_cnt,p1_0.sum_deletions_amt,p1_0.sum_ending_cnt,p1_0.sum_ending_amt from p09_summary p1_0 where p1_0.sum_location_id='137' and p1_0.sum_clerk_id='0001'
1776277764547|5|statement|connection 0|url jdbc:p6spy:sqlserver://CFSFPTEST:1433;databaseName=CFSFP;encrypt=true;trustServerCertificate=true;|select p1_0.sum_location_id,p1_0.sum_clerk_id,p1_0.sum_beginning_cnt,p1_0.sum_beginning_amt,p1_0.sum_additions_cnt,p1_0.sum_additions_amt,p1_0.sum_deletions_cnt,p1_0.sum_deletions_amt,p1_0.sum_ending_cnt,p1_0.sum_ending_amt from p09_summary p1_0 where p1_0.sum_location_id=? and p1_0.sum_clerk_id=?|select p1_0.sum_location_id,p1_0.sum_clerk_id,p1_0.sum_beginning_cnt,p1_0.sum_beginning_amt,p1_0.sum_additions_cnt,p1_0.sum_additions_amt,p1_0.sum_deletions_cnt,p1_0.sum_deletions_amt,p1_0.sum_ending_cnt,p1_0.sum_ending_amt from p09_summary p1_0 where p1_0.sum_location_id='138' and p1_0.sum_clerk_id='0001'
1776277764595|5|statement|connection 0|url jdbc:p6spy:sqlserver://CFSFPTEST:1433;databaseName=CFSFP;encrypt=true;trustServerCertificate=true;|select p1_0.sum_location_id,p1_0.sum_clerk_id,p1_0.sum_beginning_cnt,p1_0.sum_beginning_amt,p1_0.sum_additions_cnt,p1_0.sum_additions_amt,p1_0.sum_deletions_cnt,p1_0.sum_deletions_amt,p1_0.sum_ending_cnt,p1_0.sum_ending_amt from p09_summary p1_0 where p1_0.sum_location_id=? and p1_0.sum_clerk_id=?|select p1_0.sum_location_id,p1_0.sum_clerk_id,p1_0.sum_beginning_cnt,p1_0.sum_beginning_amt,p1_0.sum_additions_cnt,p1_0.sum_additions_amt,p1_0.sum_deletions_cnt,p1_0.sum_deletions_amt,p1_0.sum_ending_cnt,p1_0.sum_ending_amt from p09_summary p1_0 where p1_0.sum_location_id='139' and p1_0.sum_clerk_id='0001'
1776277764609|2|statement|connection 0|url jdbc:p6spy:sqlserver://CFSFPTEST:1433;databaseName=CFSFP;encrypt=true;trustServerCertificate=true;|select p1_0.sum_location_id,p1_0.sum_clerk_id,p1_0.sum_beginning_cnt,p1_0.sum_beginning_amt,p1_0.sum_additions_cnt,p1_0.sum_additions_amt,p1_0.sum_deletions_cnt,p1_0.sum_deletions_amt,p1_0.sum_ending_cnt,p1_0.sum_ending_amt from p09_summary p1_0 where p1_0.sum_location_id=? and p1_0.sum_clerk_id=?|select p1_0.sum_location_id,p1_0.sum_clerk_id,p1_0.sum_beginning_cnt,p1_0.sum_beginning_amt,p1_0.sum_additions_cnt,p1_0.sum_additions_amt,p1_0.sum_deletions_cnt,p1_0.sum_deletions_amt,p1_0.sum_ending_cnt,p1_0.sum_ending_amt from p09_summary p1_0 where p1_0.sum_location_id='190' and p1_0.sum_clerk_id='0001'
1776277764856|6|statement|connection 0|url jdbc:p6spy:sqlserver://CFSFPTEST:1433;databaseName=CFSFP;encrypt=true;trustServerCertificate=true;|select p1_0.sum_location_id,p1_0.sum_clerk_id,p1_0.sum_beginning_cnt,p1_0.sum_beginning_amt,p1_0.sum_additions_cnt,p1_0.sum_additions_amt,p1_0.sum_deletions_cnt,p1_0.sum_deletions_amt,p1_0.sum_ending_cnt,p1_0.sum_ending_amt from p09_summary p1_0 where p1_0.sum_location_id=? and p1_0.sum_clerk_id=?|select p1_0.sum_location_id,p1_0.sum_clerk_id,p1_0.sum_beginning_cnt,p1_0.sum_beginning_amt,p1_0.sum_additions_cnt,p1_0.sum_additions_amt,p1_0.sum_deletions_cnt,p1_0.sum_deletions_amt,p1_0.sum_ending_cnt,p1_0.sum_ending_amt from p09_summary p1_0 where p1_0.sum_location_id='190' and p1_0.sum_clerk_id='6636'
1776277764939|4|statement|connection 0|url jdbc:p6spy:sqlserver://CFSFPTEST:1433;databaseName=CFSFP;encrypt=true;trustServerCertificate=true;|select p1_0.sum_location_id,p1_0.sum_clerk_id,p1_0.sum_beginning_cnt,p1_0.sum_beginning_amt,p1_0.sum_additions_cnt,p1_0.sum_additions_amt,p1_0.sum_deletions_cnt,p1_0.sum_deletions_amt,p1_0.sum_ending_cnt,p1_0.sum_ending_amt from p09_summary p1_0 where p1_0.sum_location_id=? and p1_0.sum_clerk_id=?|select p1_0.sum_location_id,p1_0.sum_clerk_id,p1_0.sum_beginning_cnt,p1_0.sum_beginning_amt,p1_0.sum_additions_cnt,p1_0.sum_additions_amt,p1_0.sum_deletions_cnt,p1_0.sum_deletions_amt,p1_0.sum_ending_cnt,p1_0.sum_ending_amt from p09_summary p1_0 where p1_0.sum_location_id='200' and p1_0.sum_clerk_id='0001'
1776277764946|2|statement|connection 0|url jdbc:p6spy:sqlserver://CFSFPTEST:1433;databaseName=CFSFP;encrypt=true;trustServerCertificate=true;|select p1_0.sum_location_id,p1_0.sum_clerk_id,p1_0.sum_beginning_cnt,p1_0.sum_beginning_amt,p1_0.sum_additions_cnt,p1_0.sum_additions_amt,p1_0.sum_deletions_cnt,p1_0.sum_deletions_amt,p1_0.sum_ending_cnt,p1_0.sum_ending_amt from p09_summary p1_0 where p1_0.sum_location_id=? and p1_0.sum_clerk_id=?|select p1_0.sum_location_id,p1_0.sum_clerk_id,p1_0.sum_beginning_cnt,p1_0.sum_beginning_amt,p1_0.sum_additions_cnt,p1_0.sum_additions_amt,p1_0.sum_deletions_cnt,p1_0.sum_deletions_amt,p1_0.sum_ending_cnt,p1_0.sum_ending_amt from p09_summary p1_0 where p1_0.sum_location_id='210' and p1_0.sum_clerk_id='0001'
1776277764970|4|statement|connection 0|url jdbc:p6spy:sqlserver://CFSFPTEST:1433;databaseName=CFSFP;encrypt=true;trustServerCertificate=true;|select p1_0.sum_location_id,p1_0.sum_clerk_id,p1_0.sum_beginning_cnt,p1_0.sum_beginning_amt,p1_0.sum_additions_cnt,p1_0.sum_additions_amt,p1_0.sum_deletions_cnt,p1_0.sum_deletions_amt,p1_0.sum_ending_cnt,p1_0.sum_ending_amt from p09_summary p1_0 where p1_0.sum_location_id=? and p1_0.sum_clerk_id=?|select p1_0.sum_location_id,p1_0.sum_clerk_id,p1_0.sum_beginning_cnt,p1_0.sum_beginning_amt,p1_0.sum_additions_cnt,p1_0.sum_additions_amt,p1_0.sum_deletions_cnt,p1_0.sum_deletions_amt,p1_0.sum_ending_cnt,p1_0.sum_ending_amt from p09_summary p1_0 where p1_0.sum_location_id='995' and p1_0.sum_clerk_id='0001'
1776277764980|7|statement|connection 0|url jdbc:p6spy:sqlserver://CFSFPTEST:1433;databaseName=CFSFP;encrypt=true;trustServerCertificate=true;|select p1_0.sum_location_id,p1_0.sum_clerk_id,p1_0.sum_beginning_cnt,p1_0.sum_beginning_amt,p1_0.sum_additions_cnt,p1_0.sum_additions_amt,p1_0.sum_deletions_cnt,p1_0.sum_deletions_amt,p1_0.sum_ending_cnt,p1_0.sum_ending_amt from p09_summary p1_0 where p1_0.sum_location_id=? and p1_0.sum_clerk_id=?|select p1_0.sum_location_id,p1_0.sum_clerk_id,p1_0.sum_beginning_cnt,p1_0.sum_beginning_amt,p1_0.sum_additions_cnt,p1_0.sum_additions_amt,p1_0.sum_deletions_cnt,p1_0.sum_deletions_amt,p1_0.sum_ending_cnt,p1_0.sum_ending_amt from p09_summary p1_0 where p1_0.sum_location_id='999' and p1_0.sum_clerk_id='999'
1776277764991|2|statement|connection 0|url jdbc:p6spy:sqlserver://CFSFPTEST:1433;databaseName=CFSFP;encrypt=true;trustServerCertificate=true;|select p1_0.sum_location_id,p1_0.sum_clerk_id,p1_0.sum_beginning_cnt,p1_0.sum_beginning_amt,p1_0.sum_additions_cnt,p1_0.sum_additions_amt,p1_0.sum_deletions_cnt,p1_0.sum_deletions_amt,p1_0.sum_ending_cnt,p1_0.sum_ending_amt from p09_summary p1_0 where p1_0.sum_location_id=? and p1_0.sum_clerk_id=?|select p1_0.sum_location_id,p1_0.sum_clerk_id,p1_0.sum_beginning_cnt,p1_0.sum_beginning_amt,p1_0.sum_additions_cnt,p1_0.sum_additions_amt,p1_0.sum_deletions_cnt,p1_0.sum_deletions_amt,p1_0.sum_ending_cnt,p1_0.sum_ending_amt from p09_summary p1_0 where p1_0.sum_location_id='999' and p1_0.sum_clerk_id='9999'
1776277765028|3|statement|connection 0|url jdbc:p6spy:sqlserver://CFSFPTEST:1433;databaseName=CFSFP;encrypt=true;trustServerCertificate=true;|select p1_0.sum_location_id,sum(p1_0.sum_beginning_cnt),sum(p1_0.sum_beginning_amt),sum(p1_0.sum_additions_cnt),sum(p1_0.sum_additions_amt),sum(p1_0.sum_deletions_cnt),sum(p1_0.sum_deletions_amt),sum(p1_0.sum_ending_cnt),sum(p1_0.sum_ending_amt) from p09_summary p1_0 group by p1_0.sum_location_id|select p1_0.sum_location_id,sum(p1_0.sum_beginning_cnt),sum(p1_0.sum_beginning_amt),sum(p1_0.sum_additions_cnt),sum(p1_0.sum_additions_amt),sum(p1_0.sum_deletions_cnt),sum(p1_0.sum_deletions_amt),sum(p1_0.sum_ending_cnt),sum(p1_0.sum_ending_amt) from p09_summary p1_0 group by p1_0.sum_location_id
1776277765102|3|statement|connection 0|url jdbc:p6spy:sqlserver://CFSFPTEST:1433;databaseName=CFSFP;encrypt=true;trustServerCertificate=true;|update p09_summary set sum_processed_date=convert(date,getdate()),sum_beginning_cnt=sum_ending_cnt,sum_beginning_amt=sum_ending_amt,sum_additions_cnt=0,sum_additions_amt=0,sum_deletions_cnt=0,sum_deletions_amt=0|update p09_summary set sum_processed_date=convert(date,getdate()),sum_beginning_cnt=sum_ending_cnt,sum_beginning_amt=sum_ending_amt,sum_additions_cnt=0,sum_additions_amt=0,sum_deletions_cnt=0,sum_deletions_amt=0
1776277765152|7|commit|connection 0|url jdbc:p6spy:sqlserver://CFSFPTEST:1433;databaseName=CFSFP;encrypt=true;trustServerCertificate=true;||
1776277765173|3|commit|connection 0|url jdbc:p6spy:sqlserver://CFSFPTEST:1433;databaseName=CFSFP;encrypt=true;trustServerCertificate=true;||
1776277765195|4|commit|connection 0|url jdbc:p6spy:sqlserver://CFSFPTEST:1433;databaseName=CFSFP;encrypt=true;trustServerCertificate=true;||
1776277765211|4|commit|connection 0|url jdbc:p6spy:sqlserver://CFSFPTEST:1433;databaseName=CFSFP;encrypt=true;trustServerCertificate=true;||
1776277765227|3|commit|connection 0|url jdbc:p6spy:sqlserver://CFSFPTEST:1433;databaseName=CFSFP;encrypt=true;trustServerCertificate=true;||
1776279111967|1|commit|connection 0|url jdbc:p6spy:sqlserver://CFSFPTEST:1433;databaseName=CFSFP;encrypt=true;trustServerCertificate=true;||
1776279112028|3|statement|connection 0|url jdbc:p6spy:sqlserver://CFSFPTEST:1433;databaseName=CFSFP;encrypt=true;trustServerCertificate=true;|select next value for BATCH_JOB_SEQ|select next value for BATCH_JOB_SEQ
1776279112095|4|commit|connection 0|url jdbc:p6spy:sqlserver://CFSFPTEST:1433;databaseName=CFSFP;encrypt=true;trustServerCertificate=true;||
1776279112479|10|commit|connection 0|url jdbc:p6spy:sqlserver://CFSFPTEST:1433;databaseName=CFSFP;encrypt=true;trustServerCertificate=true;||
1776279112538|2|commit|connection 0|url jdbc:p6spy:sqlserver://CFSFPTEST:1433;databaseName=CFSFP;encrypt=true;trustServerCertificate=true;||
1776279112553|1|commit|connection 0|url jdbc:p6spy:sqlserver://CFSFPTEST:1433;databaseName=CFSFP;encrypt=true;trustServerCertificate=true;||
1776279112588|8|commit|connection 0|url jdbc:p6spy:sqlserver://CFSFPTEST:1433;databaseName=CFSFP;encrypt=true;trustServerCertificate=true;||
1776279112624|4|commit|connection 0|url jdbc:p6spy:sqlserver://CFSFPTEST:1433;databaseName=CFSFP;encrypt=true;trustServerCertificate=true;||
1776279112659|6|commit|connection 0|url jdbc:p6spy:sqlserver://CFSFPTEST:1433;databaseName=CFSFP;encrypt=true;trustServerCertificate=true;||
1776279113763|125|statement|connection 0|url jdbc:p6spy:sqlserver://CFSFPTEST:1433;databaseName=CFSFP;encrypt=true;trustServerCertificate=true;|select p1_0.cr_location_clerk,p1_0.cr_location_nbr,p1_0.cr_cntrl_date,p1_0.cr_cntrl_nbr,p1_0.cr_refund_type,p1_0.cr_cntrld_amt,p1_0.cr_patient_lname,p1_0.cr_patient_fname,p1_0.cr_mbr_id_nbr,p1_0.cr_remittor_name,p1_0.cr_reason_code,p1_0.cr_receipt_type,p1_0.cr_check_nbr,p1_0.cr_status_text,p1_0.cr_received_date,p1_0.cr_location_date from p09_cash_receipt p1_0 where (p1_0.cr_location_nbr+p1_0.cr_location_clerk+format(p1_0.cr_received_date,'yyyy-MM-dd')+p1_0.cr_refund_type+p1_0.cr_cntrl_nbr+format(p1_0.cr_cntrl_date,'yyyy-MM-dd'))>? and p1_0.cr_status_text in ('OPEN','PENDED') order by p1_0.cr_location_nbr,p1_0.cr_location_clerk,p1_0.cr_received_date,p1_0.cr_refund_type,p1_0.cr_cntrl_nbr,p1_0.cr_cntrl_date|select p1_0.cr_location_clerk,p1_0.cr_location_nbr,p1_0.cr_cntrl_date,p1_0.cr_cntrl_nbr,p1_0.cr_refund_type,p1_0.cr_cntrld_amt,p1_0.cr_patient_lname,p1_0.cr_patient_fname,p1_0.cr_mbr_id_nbr,p1_0.cr_remittor_name,p1_0.cr_reason_code,p1_0.cr_receipt_type,p1_0.cr_check_nbr,p1_0.cr_status_text,p1_0.cr_received_date,p1_0.cr_location_date from p09_cash_receipt p1_0 where (p1_0.cr_location_nbr+p1_0.cr_location_clerk+format(p1_0.cr_received_date,'yyyy-MM-dd')+p1_0.cr_refund_type+p1_0.cr_cntrl_nbr+format(p1_0.cr_cntrl_date,'yyyy-MM-dd'))>'' and p1_0.cr_status_text in ('OPEN','PENDED') order by p1_0.cr_location_nbr,p1_0.cr_location_clerk,p1_0.cr_received_date,p1_0.cr_refund_type,p1_0.cr_cntrl_nbr,p1_0.cr_cntrl_date
1776279114134|3|statement|connection 0|url jdbc:p6spy:sqlserver://CFSFPTEST:1433;databaseName=CFSFP;encrypt=true;trustServerCertificate=true;|select p1_0.sum_location_id,p1_0.sum_clerk_id,p1_0.sum_beginning_cnt,p1_0.sum_beginning_amt,p1_0.sum_additions_cnt,p1_0.sum_additions_amt,p1_0.sum_deletions_cnt,p1_0.sum_deletions_amt,p1_0.sum_ending_cnt,p1_0.sum_ending_amt from p09_summary p1_0 where p1_0.sum_location_id=? and p1_0.sum_clerk_id=?|select p1_0.sum_location_id,p1_0.sum_clerk_id,p1_0.sum_beginning_cnt,p1_0.sum_beginning_amt,p1_0.sum_additions_cnt,p1_0.sum_additions_amt,p1_0.sum_deletions_cnt,p1_0.sum_deletions_amt,p1_0.sum_ending_cnt,p1_0.sum_ending_amt from p09_summary p1_0 where p1_0.sum_location_id=' ' and p1_0.sum_clerk_id=' '
1776279345243|1|commit|connection 0|url jdbc:p6spy:sqlserver://CFSFPTEST:1433;databaseName=CFSFP;encrypt=true;trustServerCertificate=true;||
1776279345314|13|statement|connection 0|url jdbc:p6spy:sqlserver://CFSFPTEST:1433;databaseName=CFSFP;encrypt=true;trustServerCertificate=true;|select next value for BATCH_JOB_SEQ|select next value for BATCH_JOB_SEQ
1776279345511|14|commit|connection 0|url jdbc:p6spy:sqlserver://CFSFPTEST:1433;databaseName=CFSFP;encrypt=true;trustServerCertificate=true;||
1776279345879|4|commit|connection 0|url jdbc:p6spy:sqlserver://CFSFPTEST:1433;databaseName=CFSFP;encrypt=true;trustServerCertificate=true;||
1776279345897|0|commit|connection 0|url jdbc:p6spy:sqlserver://CFSFPTEST:1433;databaseName=CFSFP;encrypt=true;trustServerCertificate=true;||
1776279345909|0|commit|connection 0|url jdbc:p6spy:sqlserver://CFSFPTEST:1433;databaseName=CFSFP;encrypt=true;trustServerCertificate=true;||
1776279345954|14|commit|connection 0|url jdbc:p6spy:sqlserver://CFSFPTEST:1433;databaseName=CFSFP;encrypt=true;trustServerCertificate=true;||
1776279346008|4|commit|connection 0|url jdbc:p6spy:sqlserver://CFSFPTEST:1433;databaseName=CFSFP;encrypt=true;trustServerCertificate=true;||
1776279346030|3|commit|connection 0|url jdbc:p6spy:sqlserver://CFSFPTEST:1433;databaseName=CFSFP;encrypt=true;trustServerCertificate=true;||
1776279347070|134|statement|connection 0|url jdbc:p6spy:sqlserver://CFSFPTEST:1433;databaseName=CFSFP;encrypt=true;trustServerCertificate=true;|select p1_0.cr_location_clerk,p1_0.cr_location_nbr,p1_0.cr_cntrl_date,p1_0.cr_cntrl_nbr,p1_0.cr_refund_type,p1_0.cr_cntrld_amt,p1_0.cr_patient_lname,p1_0.cr_patient_fname,p1_0.cr_mbr_id_nbr,p1_0.cr_remittor_name,p1_0.cr_reason_code,p1_0.cr_receipt_type,p1_0.cr_check_nbr,p1_0.cr_status_text,p1_0.cr_received_date,p1_0.cr_location_date from p09_cash_receipt p1_0 where (p1_0.cr_location_nbr+p1_0.cr_location_clerk+format(p1_0.cr_received_date,'yyyy-MM-dd')+p1_0.cr_refund_type+p1_0.cr_cntrl_nbr+format(p1_0.cr_cntrl_date,'yyyy-MM-dd'))>? and p1_0.cr_status_text in ('OPEN','PENDED') order by p1_0.cr_location_nbr,p1_0.cr_location_clerk,p1_0.cr_received_date,p1_0.cr_refund_type,p1_0.cr_cntrl_nbr,p1_0.cr_cntrl_date|select p1_0.cr_location_clerk,p1_0.cr_location_nbr,p1_0.cr_cntrl_date,p1_0.cr_cntrl_nbr,p1_0.cr_refund_type,p1_0.cr_cntrld_amt,p1_0.cr_patient_lname,p1_0.cr_patient_fname,p1_0.cr_mbr_id_nbr,p1_0.cr_remittor_name,p1_0.cr_reason_code,p1_0.cr_receipt_type,p1_0.cr_check_nbr,p1_0.cr_status_text,p1_0.cr_received_date,p1_0.cr_location_date from p09_cash_receipt p1_0 where (p1_0.cr_location_nbr+p1_0.cr_location_clerk+format(p1_0.cr_received_date,'yyyy-MM-dd')+p1_0.cr_refund_type+p1_0.cr_cntrl_nbr+format(p1_0.cr_cntrl_date,'yyyy-MM-dd'))>'' and p1_0.cr_status_text in ('OPEN','PENDED') order by p1_0.cr_location_nbr,p1_0.cr_location_clerk,p1_0.cr_received_date,p1_0.cr_refund_type,p1_0.cr_cntrl_nbr,p1_0.cr_cntrl_date
1776279347353|4|statement|connection 0|url jdbc:p6spy:sqlserver://CFSFPTEST:1433;databaseName=CFSFP;encrypt=true;trustServerCertificate=true;|select p1_0.sum_location_id,p1_0.sum_clerk_id,p1_0.sum_beginning_cnt,p1_0.sum_beginning_amt,p1_0.sum_additions_cnt,p1_0.sum_additions_amt,p1_0.sum_deletions_cnt,p1_0.sum_deletions_amt,p1_0.sum_ending_cnt,p1_0.sum_ending_amt from p09_summary p1_0 where p1_0.sum_location_id=? and p1_0.sum_clerk_id=?|select p1_0.sum_location_id,p1_0.sum_clerk_id,p1_0.sum_beginning_cnt,p1_0.sum_beginning_amt,p1_0.sum_additions_cnt,p1_0.sum_additions_amt,p1_0.sum_deletions_cnt,p1_0.sum_deletions_amt,p1_0.sum_ending_cnt,p1_0.sum_ending_amt from p09_summary p1_0 where p1_0.sum_location_id=' ' and p1_0.sum_clerk_id=' '
1776279379426|23|statement|connection 0|url jdbc:p6spy:sqlserver://CFSFPTEST:1433;databaseName=CFSFP;encrypt=true;trustServerCertificate=true;|select p1_0.sum_location_id,p1_0.sum_clerk_id,p1_0.sum_beginning_cnt,p1_0.sum_beginning_amt,p1_0.sum_additions_cnt,p1_0.sum_additions_amt,p1_0.sum_deletions_cnt,p1_0.sum_deletions_amt,p1_0.sum_ending_cnt,p1_0.sum_ending_amt from p09_summary p1_0 where p1_0.sum_location_id=? and p1_0.sum_clerk_id=?|select p1_0.sum_location_id,p1_0.sum_clerk_id,p1_0.sum_beginning_cnt,p1_0.sum_beginning_amt,p1_0.sum_additions_cnt,p1_0.sum_additions_amt,p1_0.sum_deletions_cnt,p1_0.sum_deletions_amt,p1_0.sum_ending_cnt,p1_0.sum_ending_amt from p09_summary p1_0 where p1_0.sum_location_id='130' and p1_0.sum_clerk_id='0000'
1776279379449|10|statement|connection 0|url jdbc:p6spy:sqlserver://CFSFPTEST:1433;databaseName=CFSFP;encrypt=true;trustServerCertificate=true;|select p1_0.sum_location_id,p1_0.sum_clerk_id,p1_0.sum_beginning_cnt,p1_0.sum_beginning_amt,p1_0.sum_additions_cnt,p1_0.sum_additions_amt,p1_0.sum_deletions_cnt,p1_0.sum_deletions_amt,p1_0.sum_ending_cnt,p1_0.sum_ending_amt from p09_summary p1_0 where p1_0.sum_location_id=? and p1_0.sum_clerk_id=?|select p1_0.sum_location_id,p1_0.sum_clerk_id,p1_0.sum_beginning_cnt,p1_0.sum_beginning_amt,p1_0.sum_additions_cnt,p1_0.sum_additions_amt,p1_0.sum_deletions_cnt,p1_0.sum_deletions_amt,p1_0.sum_ending_cnt,p1_0.sum_ending_amt from p09_summary p1_0 where p1_0.sum_location_id='130' and p1_0.sum_clerk_id='0001'
1776279379504|6|statement|connection 0|url jdbc:p6spy:sqlserver://CFSFPTEST:1433;databaseName=CFSFP;encrypt=true;trustServerCertificate=true;|select p1_0.sum_location_id,p1_0.sum_clerk_id,p1_0.sum_beginning_cnt,p1_0.sum_beginning_amt,p1_0.sum_additions_cnt,p1_0.sum_additions_amt,p1_0.sum_deletions_cnt,p1_0.sum_deletions_amt,p1_0.sum_ending_cnt,p1_0.sum_ending_amt from p09_summary p1_0 where p1_0.sum_location_id=? and p1_0.sum_clerk_id=?|select p1_0.sum_location_id,p1_0.sum_clerk_id,p1_0.sum_beginning_cnt,p1_0.sum_beginning_amt,p1_0.sum_additions_cnt,p1_0.sum_additions_amt,p1_0.sum_deletions_cnt,p1_0.sum_deletions_amt,p1_0.sum_ending_cnt,p1_0.sum_ending_amt from p09_summary p1_0 where p1_0.sum_location_id='135' and p1_0.sum_clerk_id='0000'
1776279379513|1|statement|connection 0|url jdbc:p6spy:sqlserver://CFSFPTEST:1433;databaseName=CFSFP;encrypt=true;trustServerCertificate=true;|select p1_0.sum_location_id,p1_0.sum_clerk_id,p1_0.sum_beginning_cnt,p1_0.sum_beginning_amt,p1_0.sum_additions_cnt,p1_0.sum_additions_amt,p1_0.sum_deletions_cnt,p1_0.sum_deletions_amt,p1_0.sum_ending_cnt,p1_0.sum_ending_amt from p09_summary p1_0 where p1_0.sum_location_id=? and p1_0.sum_clerk_id=?|select p1_0.sum_location_id,p1_0.sum_clerk_id,p1_0.sum_beginning_cnt,p1_0.sum_beginning_amt,p1_0.sum_additions_cnt,p1_0.sum_additions_amt,p1_0.sum_deletions_cnt,p1_0.sum_deletions_amt,p1_0.sum_ending_cnt,p1_0.sum_ending_amt from p09_summary p1_0 where p1_0.sum_location_id='135' and p1_0.sum_clerk_id='0001'
1776279379798|3|statement|connection 0|url jdbc:p6spy:sqlserver://CFSFPTEST:1433;databaseName=CFSFP;encrypt=true;trustServerCertificate=true;|select p1_0.sum_location_id,p1_0.sum_clerk_id,p1_0.sum_beginning_cnt,p1_0.sum_beginning_amt,p1_0.sum_additions_cnt,p1_0.sum_additions_amt,p1_0.sum_deletions_cnt,p1_0.sum_deletions_amt,p1_0.sum_ending_cnt,p1_0.sum_ending_amt from p09_summary p1_0 where p1_0.sum_location_id=? and p1_0.sum_clerk_id=?|select p1_0.sum_location_id,p1_0.sum_clerk_id,p1_0.sum_beginning_cnt,p1_0.sum_beginning_amt,p1_0.sum_additions_cnt,p1_0.sum_additions_amt,p1_0.sum_deletions_cnt,p1_0.sum_deletions_amt,p1_0.sum_ending_cnt,p1_0.sum_ending_amt from p09_summary p1_0 where p1_0.sum_location_id='135' and p1_0.sum_clerk_id='3488'
1776279379821|6|statement|connection 0|url jdbc:p6spy:sqlserver://CFSFPTEST:1433;databaseName=CFSFP;encrypt=true;trustServerCertificate=true;|select p1_0.sum_location_id,p1_0.sum_clerk_id,p1_0.sum_beginning_cnt,p1_0.sum_beginning_amt,p1_0.sum_additions_cnt,p1_0.sum_additions_amt,p1_0.sum_deletions_cnt,p1_0.sum_deletions_amt,p1_0.sum_ending_cnt,p1_0.sum_ending_amt from p09_summary p1_0 where p1_0.sum_location_id=? and p1_0.sum_clerk_id=?|select p1_0.sum_location_id,p1_0.sum_clerk_id,p1_0.sum_beginning_cnt,p1_0.sum_beginning_amt,p1_0.sum_additions_cnt,p1_0.sum_additions_amt,p1_0.sum_deletions_cnt,p1_0.sum_deletions_amt,p1_0.sum_ending_cnt,p1_0.sum_ending_amt from p09_summary p1_0 where p1_0.sum_location_id='136' and p1_0.sum_clerk_id='0001'
1776279379918|2|statement|connection 0|url jdbc:p6spy:sqlserver://CFSFPTEST:1433;databaseName=CFSFP;encrypt=true;trustServerCertificate=true;|select p1_0.sum_location_id,p1_0.sum_clerk_id,p1_0.sum_beginning_cnt,p1_0.sum_beginning_amt,p1_0.sum_additions_cnt,p1_0.sum_additions_amt,p1_0.sum_deletions_cnt,p1_0.sum_deletions_amt,p1_0.sum_ending_cnt,p1_0.sum_ending_amt from p09_summary p1_0 where p1_0.sum_location_id=? and p1_0.sum_clerk_id=?|select p1_0.sum_location_id,p1_0.sum_clerk_id,p1_0.sum_beginning_cnt,p1_0.sum_beginning_amt,p1_0.sum_additions_cnt,p1_0.sum_additions_amt,p1_0.sum_deletions_cnt,p1_0.sum_deletions_amt,p1_0.sum_ending_cnt,p1_0.sum_ending_amt from p09_summary p1_0 where p1_0.sum_location_id='137' and p1_0.sum_clerk_id='0001'
1776279379973|2|statement|connection 0|url jdbc:p6spy:sqlserver://CFSFPTEST:1433;databaseName=CFSFP;encrypt=true;trustServerCertificate=true;|select p1_0.sum_location_id,p1_0.sum_clerk_id,p1_0.sum_beginning_cnt,p1_0.sum_beginning_amt,p1_0.sum_additions_cnt,p1_0.sum_additions_amt,p1_0.sum_deletions_cnt,p1_0.sum_deletions_amt,p1_0.sum_ending_cnt,p1_0.sum_ending_amt from p09_summary p1_0 where p1_0.sum_location_id=? and p1_0.sum_clerk_id=?|select p1_0.sum_location_id,p1_0.sum_clerk_id,p1_0.sum_beginning_cnt,p1_0.sum_beginning_amt,p1_0.sum_additions_cnt,p1_0.sum_additions_amt,p1_0.sum_deletions_cnt,p1_0.sum_deletions_amt,p1_0.sum_ending_cnt,p1_0.sum_ending_amt from p09_summary p1_0 where p1_0.sum_location_id='138' and p1_0.sum_clerk_id='0001'
1776279380004|2|statement|connection 0|url jdbc:p6spy:sqlserver://CFSFPTEST:1433;databaseName=CFSFP;encrypt=true;trustServerCertificate=true;|select p1_0.sum_location_id,p1_0.sum_clerk_id,p1_0.sum_beginning_cnt,p1_0.sum_beginning_amt,p1_0.sum_additions_cnt,p1_0.sum_additions_amt,p1_0.sum_deletions_cnt,p1_0.sum_deletions_amt,p1_0.sum_ending_cnt,p1_0.sum_ending_amt from p09_summary p1_0 where p1_0.sum_location_id=? and p1_0.sum_clerk_id=?|select p1_0.sum_location_id,p1_0.sum_clerk_id,p1_0.sum_beginning_cnt,p1_0.sum_beginning_amt,p1_0.sum_additions_cnt,p1_0.sum_additions_amt,p1_0.sum_deletions_cnt,p1_0.sum_deletions_amt,p1_0.sum_ending_cnt,p1_0.sum_ending_amt from p09_summary p1_0 where p1_0.sum_location_id='139' and p1_0.sum_clerk_id='0001'
1776279380014|4|statement|connection 0|url jdbc:p6spy:sqlserver://CFSFPTEST:1433;databaseName=CFSFP;encrypt=true;trustServerCertificate=true;|select p1_0.sum_location_id,p1_0.sum_clerk_id,p1_0.sum_beginning_cnt,p1_0.sum_beginning_amt,p1_0.sum_additions_cnt,p1_0.sum_additions_amt,p1_0.sum_deletions_cnt,p1_0.sum_deletions_amt,p1_0.sum_ending_cnt,p1_0.sum_ending_amt from p09_summary p1_0 where p1_0.sum_location_id=? and p1_0.sum_clerk_id=?|select p1_0.sum_location_id,p1_0.sum_clerk_id,p1_0.sum_beginning_cnt,p1_0.sum_beginning_amt,p1_0.sum_additions_cnt,p1_0.sum_additions_amt,p1_0.sum_deletions_cnt,p1_0.sum_deletions_amt,p1_0.sum_ending_cnt,p1_0.sum_ending_amt from p09_summary p1_0 where p1_0.sum_location_id='190' and p1_0.sum_clerk_id='0001'
1776279380198|2|statement|connection 0|url jdbc:p6spy:sqlserver://CFSFPTEST:1433;databaseName=CFSFP;encrypt=true;trustServerCertificate=true;|select p1_0.sum_location_id,p1_0.sum_clerk_id,p1_0.sum_beginning_cnt,p1_0.sum_beginning_amt,p1_0.sum_additions_cnt,p1_0.sum_additions_amt,p1_0.sum_deletions_cnt,p1_0.sum_deletions_amt,p1_0.sum_ending_cnt,p1_0.sum_ending_amt from p09_summary p1_0 where p1_0.sum_location_id=? and p1_0.sum_clerk_id=?|select p1_0.sum_location_id,p1_0.sum_clerk_id,p1_0.sum_beginning_cnt,p1_0.sum_beginning_amt,p1_0.sum_additions_cnt,p1_0.sum_additions_amt,p1_0.sum_deletions_cnt,p1_0.sum_deletions_amt,p1_0.sum_ending_cnt,p1_0.sum_ending_amt from p09_summary p1_0 where p1_0.sum_location_id='190' and p1_0.sum_clerk_id='6636'
1776279380293|6|statement|connection 0|url jdbc:p6spy:sqlserver://CFSFPTEST:1433;databaseName=CFSFP;encrypt=true;trustServerCertificate=true;|select p1_0.sum_location_id,p1_0.sum_clerk_id,p1_0.sum_beginning_cnt,p1_0.sum_beginning_amt,p1_0.sum_additions_cnt,p1_0.sum_additions_amt,p1_0.sum_deletions_cnt,p1_0.sum_deletions_amt,p1_0.sum_ending_cnt,p1_0.sum_ending_amt from p09_summary p1_0 where p1_0.sum_location_id=? and p1_0.sum_clerk_id=?|select p1_0.sum_location_id,p1_0.sum_clerk_id,p1_0.sum_beginning_cnt,p1_0.sum_beginning_amt,p1_0.sum_additions_cnt,p1_0.sum_additions_amt,p1_0.sum_deletions_cnt,p1_0.sum_deletions_amt,p1_0.sum_ending_cnt,p1_0.sum_ending_amt from p09_summary p1_0 where p1_0.sum_location_id='200' and p1_0.sum_clerk_id='0001'
1776279380299|1|statement|connection 0|url jdbc:p6spy:sqlserver://CFSFPTEST:1433;databaseName=CFSFP;encrypt=true;trustServerCertificate=true;|select p1_0.sum_location_id,p1_0.sum_clerk_id,p1_0.sum_beginning_cnt,p1_0.sum_beginning_amt,p1_0.sum_additions_cnt,p1_0.sum_additions_amt,p1_0.sum_deletions_cnt,p1_0.sum_deletions_amt,p1_0.sum_ending_cnt,p1_0.sum_ending_amt from p09_summary p1_0 where p1_0.sum_location_id=? and p1_0.sum_clerk_id=?|select p1_0.sum_location_id,p1_0.sum_clerk_id,p1_0.sum_beginning_cnt,p1_0.sum_beginning_amt,p1_0.sum_additions_cnt,p1_0.sum_additions_amt,p1_0.sum_deletions_cnt,p1_0.sum_deletions_amt,p1_0.sum_ending_cnt,p1_0.sum_ending_amt from p09_summary p1_0 where p1_0.sum_location_id='210' and p1_0.sum_clerk_id='0001'
1776279380331|4|statement|connection 0|url jdbc:p6spy:sqlserver://CFSFPTEST:1433;databaseName=CFSFP;encrypt=true;trustServerCertificate=true;|select p1_0.sum_location_id,p1_0.sum_clerk_id,p1_0.sum_beginning_cnt,p1_0.sum_beginning_amt,p1_0.sum_additions_cnt,p1_0.sum_additions_amt,p1_0.sum_deletions_cnt,p1_0.sum_deletions_amt,p1_0.sum_ending_cnt,p1_0.sum_ending_amt from p09_summary p1_0 where p1_0.sum_location_id=? and p1_0.sum_clerk_id=?|select p1_0.sum_location_id,p1_0.sum_clerk_id,p1_0.sum_beginning_cnt,p1_0.sum_beginning_amt,p1_0.sum_additions_cnt,p1_0.sum_additions_amt,p1_0.sum_deletions_cnt,p1_0.sum_deletions_amt,p1_0.sum_ending_cnt,p1_0.sum_ending_amt from p09_summary p1_0 where p1_0.sum_location_id='995' and p1_0.sum_clerk_id='0001'
1776279380338|3|statement|connection 0|url jdbc:p6spy:sqlserver://CFSFPTEST:1433;databaseName=CFSFP;encrypt=true;trustServerCertificate=true;|select p1_0.sum_location_id,p1_0.sum_clerk_id,p1_0.sum_beginning_cnt,p1_0.sum_beginning_amt,p1_0.sum_additions_cnt,p1_0.sum_additions_amt,p1_0.sum_deletions_cnt,p1_0.sum_deletions_amt,p1_0.sum_ending_cnt,p1_0.sum_ending_amt from p09_summary p1_0 where p1_0.sum_location_id=? and p1_0.sum_clerk_id=?|select p1_0.sum_location_id,p1_0.sum_clerk_id,p1_0.sum_beginning_cnt,p1_0.sum_beginning_amt,p1_0.sum_additions_cnt,p1_0.sum_additions_amt,p1_0.sum_deletions_cnt,p1_0.sum_deletions_amt,p1_0.sum_ending_cnt,p1_0.sum_ending_amt from p09_summary p1_0 where p1_0.sum_location_id='999' and p1_0.sum_clerk_id='999'
1776279380357|5|statement|connection 0|url jdbc:p6spy:sqlserver://CFSFPTEST:1433;databaseName=CFSFP;encrypt=true;trustServerCertificate=true;|select p1_0.sum_location_id,p1_0.sum_clerk_id,p1_0.sum_beginning_cnt,p1_0.sum_beginning_amt,p1_0.sum_additions_cnt,p1_0.sum_additions_amt,p1_0.sum_deletions_cnt,p1_0.sum_deletions_amt,p1_0.sum_ending_cnt,p1_0.sum_ending_amt from p09_summary p1_0 where p1_0.sum_location_id=? and p1_0.sum_clerk_id=?|select p1_0.sum_location_id,p1_0.sum_clerk_id,p1_0.sum_beginning_cnt,p1_0.sum_beginning_amt,p1_0.sum_additions_cnt,p1_0.sum_additions_amt,p1_0.sum_deletions_cnt,p1_0.sum_deletions_amt,p1_0.sum_ending_cnt,p1_0.sum_ending_amt from p09_summary p1_0 where p1_0.sum_location_id='999' and p1_0.sum_clerk_id='9999'
1776279380388|4|statement|connection 0|url jdbc:p6spy:sqlserver://CFSFPTEST:1433;databaseName=CFSFP;encrypt=true;trustServerCertificate=true;|select p1_0.sum_location_id,sum(p1_0.sum_beginning_cnt),sum(p1_0.sum_beginning_amt),sum(p1_0.sum_additions_cnt),sum(p1_0.sum_additions_amt),sum(p1_0.sum_deletions_cnt),sum(p1_0.sum_deletions_amt),sum(p1_0.sum_ending_cnt),sum(p1_0.sum_ending_amt) from p09_summary p1_0 group by p1_0.sum_location_id|select p1_0.sum_location_id,sum(p1_0.sum_beginning_cnt),sum(p1_0.sum_beginning_amt),sum(p1_0.sum_additions_cnt),sum(p1_0.sum_additions_amt),sum(p1_0.sum_deletions_cnt),sum(p1_0.sum_deletions_amt),sum(p1_0.sum_ending_cnt),sum(p1_0.sum_ending_amt) from p09_summary p1_0 group by p1_0.sum_location_id
1776279380445|3|statement|connection 0|url jdbc:p6spy:sqlserver://CFSFPTEST:1433;databaseName=CFSFP;encrypt=true;trustServerCertificate=true;|update p09_summary set sum_processed_date=convert(date,getdate()),sum_beginning_cnt=sum_ending_cnt,sum_beginning_amt=sum_ending_amt,sum_additions_cnt=0,sum_additions_amt=0,sum_deletions_cnt=0,sum_deletions_amt=0|update p09_summary set sum_processed_date=convert(date,getdate()),sum_beginning_cnt=sum_ending_cnt,sum_beginning_amt=sum_ending_amt,sum_additions_cnt=0,sum_additions_amt=0,sum_deletions_cnt=0,sum_deletions_amt=0
1776279380514|10|commit|connection 0|url jdbc:p6spy:sqlserver://CFSFPTEST:1433;databaseName=CFSFP;encrypt=true;trustServerCertificate=true;||
1776279380533|3|commit|connection 0|url jdbc:p6spy:sqlserver://CFSFPTEST:1433;databaseName=CFSFP;encrypt=true;trustServerCertificate=true;||
1776279380560|8|commit|connection 0|url jdbc:p6spy:sqlserver://CFSFPTEST:1433;databaseName=CFSFP;encrypt=true;trustServerCertificate=true;||
1776279380573|5|commit|connection 0|url jdbc:p6spy:sqlserver://CFSFPTEST:1433;databaseName=CFSFP;encrypt=true;trustServerCertificate=true;||
1776279380596|5|commit|connection 0|url jdbc:p6spy:sqlserver://CFSFPTEST:1433;databaseName=CFSFP;encrypt=true;trustServerCertificate=true;||
1776279904788|1|commit|connection 0|url jdbc:p6spy:sqlserver://CFSFPTEST:1433;databaseName=CFSFP;encrypt=true;trustServerCertificate=true;||
1776279904826|4|statement|connection 0|url jdbc:p6spy:sqlserver://CFSFPTEST:1433;databaseName=CFSFP;encrypt=true;trustServerCertificate=true;|select next value for BATCH_JOB_SEQ|select next value for BATCH_JOB_SEQ
1776279904932|4|commit|connection 0|url jdbc:p6spy:sqlserver://CFSFPTEST:1433;databaseName=CFSFP;encrypt=true;trustServerCertificate=true;||
1776279905141|4|commit|connection 0|url jdbc:p6spy:sqlserver://CFSFPTEST:1433;databaseName=CFSFP;encrypt=true;trustServerCertificate=true;||
1776279905164|1|commit|connection 0|url jdbc:p6spy:sqlserver://CFSFPTEST:1433;databaseName=CFSFP;encrypt=true;trustServerCertificate=true;||
1776279905181|0|commit|connection 0|url jdbc:p6spy:sqlserver://CFSFPTEST:1433;databaseName=CFSFP;encrypt=true;trustServerCertificate=true;||
1776279905201|4|commit|connection 0|url jdbc:p6spy:sqlserver://CFSFPTEST:1433;databaseName=CFSFP;encrypt=true;trustServerCertificate=true;||
1776279905236|4|commit|connection 0|url jdbc:p6spy:sqlserver://CFSFPTEST:1433;databaseName=CFSFP;encrypt=true;trustServerCertificate=true;||
1776279905279|7|commit|connection 0|url jdbc:p6spy:sqlserver://CFSFPTEST:1433;databaseName=CFSFP;encrypt=true;trustServerCertificate=true;||
1776279906247|110|statement|connection 0|url jdbc:p6spy:sqlserver://CFSFPTEST:1433;databaseName=CFSFP;encrypt=true;trustServerCertificate=true;|select p1_0.cr_location_clerk,p1_0.cr_location_nbr,p1_0.cr_cntrl_date,p1_0.cr_cntrl_nbr,p1_0.cr_refund_type,p1_0.cr_cntrld_amt,p1_0.cr_patient_lname,p1_0.cr_patient_fname,p1_0.cr_mbr_id_nbr,p1_0.cr_remittor_name,p1_0.cr_reason_code,p1_0.cr_receipt_type,p1_0.cr_check_nbr,p1_0.cr_status_text,p1_0.cr_received_date,p1_0.cr_location_date from p09_cash_receipt p1_0 where (p1_0.cr_location_nbr+p1_0.cr_location_clerk+format(p1_0.cr_received_date,'yyyy-MM-dd')+p1_0.cr_refund_type+p1_0.cr_cntrl_nbr+format(p1_0.cr_cntrl_date,'yyyy-MM-dd'))>? and p1_0.cr_status_text in ('OPEN','PENDED') order by p1_0.cr_location_nbr,p1_0.cr_location_clerk,p1_0.cr_received_date,p1_0.cr_refund_type,p1_0.cr_cntrl_nbr,p1_0.cr_cntrl_date|select p1_0.cr_location_clerk,p1_0.cr_location_nbr,p1_0.cr_cntrl_date,p1_0.cr_cntrl_nbr,p1_0.cr_refund_type,p1_0.cr_cntrld_amt,p1_0.cr_patient_lname,p1_0.cr_patient_fname,p1_0.cr_mbr_id_nbr,p1_0.cr_remittor_name,p1_0.cr_reason_code,p1_0.cr_receipt_type,p1_0.cr_check_nbr,p1_0.cr_status_text,p1_0.cr_received_date,p1_0.cr_location_date from p09_cash_receipt p1_0 where (p1_0.cr_location_nbr+p1_0.cr_location_clerk+format(p1_0.cr_received_date,'yyyy-MM-dd')+p1_0.cr_refund_type+p1_0.cr_cntrl_nbr+format(p1_0.cr_cntrl_date,'yyyy-MM-dd'))>'' and p1_0.cr_status_text in ('OPEN','PENDED') order by p1_0.cr_location_nbr,p1_0.cr_location_clerk,p1_0.cr_received_date,p1_0.cr_refund_type,p1_0.cr_cntrl_nbr,p1_0.cr_cntrl_date
1776279906547|4|statement|connection 0|url jdbc:p6spy:sqlserver://CFSFPTEST:1433;databaseName=CFSFP;encrypt=true;trustServerCertificate=true;|select p1_0.sum_location_id,p1_0.sum_clerk_id,p1_0.sum_beginning_cnt,p1_0.sum_beginning_amt,p1_0.sum_additions_cnt,p1_0.sum_additions_amt,p1_0.sum_deletions_cnt,p1_0.sum_deletions_amt,p1_0.sum_ending_cnt,p1_0.sum_ending_amt from p09_summary p1_0 where p1_0.sum_location_id=? and p1_0.sum_clerk_id=?|select p1_0.sum_location_id,p1_0.sum_clerk_id,p1_0.sum_beginning_cnt,p1_0.sum_beginning_amt,p1_0.sum_additions_cnt,p1_0.sum_additions_amt,p1_0.sum_deletions_cnt,p1_0.sum_deletions_amt,p1_0.sum_ending_cnt,p1_0.sum_ending_amt from p09_summary p1_0 where p1_0.sum_location_id=' ' and p1_0.sum_clerk_id=' '
1776279906566|2|statement|connection 0|url jdbc:p6spy:sqlserver://CFSFPTEST:1433;databaseName=CFSFP;encrypt=true;trustServerCertificate=true;|select p1_0.sum_location_id,p1_0.sum_clerk_id,p1_0.sum_beginning_cnt,p1_0.sum_beginning_amt,p1_0.sum_additions_cnt,p1_0.sum_additions_amt,p1_0.sum_deletions_cnt,p1_0.sum_deletions_amt,p1_0.sum_ending_cnt,p1_0.sum_ending_amt from p09_summary p1_0 where p1_0.sum_location_id=? and p1_0.sum_clerk_id=?|select p1_0.sum_location_id,p1_0.sum_clerk_id,p1_0.sum_beginning_cnt,p1_0.sum_beginning_amt,p1_0.sum_additions_cnt,p1_0.sum_additions_amt,p1_0.sum_deletions_cnt,p1_0.sum_deletions_amt,p1_0.sum_ending_cnt,p1_0.sum_ending_amt from p09_summary p1_0 where p1_0.sum_location_id='130' and p1_0.sum_clerk_id='0000'
1776279906579|1|statement|connection 0|url jdbc:p6spy:sqlserver://CFSFPTEST:1433;databaseName=CFSFP;encrypt=true;trustServerCertificate=true;|select p1_0.sum_location_id,p1_0.sum_clerk_id,p1_0.sum_beginning_cnt,p1_0.sum_beginning_amt,p1_0.sum_additions_cnt,p1_0.sum_additions_amt,p1_0.sum_deletions_cnt,p1_0.sum_deletions_amt,p1_0.sum_ending_cnt,p1_0.sum_ending_amt from p09_summary p1_0 where p1_0.sum_location_id=? and p1_0.sum_clerk_id=?|select p1_0.sum_location_id,p1_0.sum_clerk_id,p1_0.sum_beginning_cnt,p1_0.sum_beginning_amt,p1_0.sum_additions_cnt,p1_0.sum_additions_amt,p1_0.sum_deletions_cnt,p1_0.sum_deletions_amt,p1_0.sum_ending_cnt,p1_0.sum_ending_amt from p09_summary p1_0 where p1_0.sum_location_id='130' and p1_0.sum_clerk_id='0001'
1776279906608|3|statement|connection 0|url jdbc:p6spy:sqlserver://CFSFPTEST:1433;databaseName=CFSFP;encrypt=true;trustServerCertificate=true;|select p1_0.sum_location_id,p1_0.sum_clerk_id,p1_0.sum_beginning_cnt,p1_0.sum_beginning_amt,p1_0.sum_additions_cnt,p1_0.sum_additions_amt,p1_0.sum_deletions_cnt,p1_0.sum_deletions_amt,p1_0.sum_ending_cnt,p1_0.sum_ending_amt from p09_summary p1_0 where p1_0.sum_location_id=? and p1_0.sum_clerk_id=?|select p1_0.sum_location_id,p1_0.sum_clerk_id,p1_0.sum_beginning_cnt,p1_0.sum_beginning_amt,p1_0.sum_additions_cnt,p1_0.sum_additions_amt,p1_0.sum_deletions_cnt,p1_0.sum_deletions_amt,p1_0.sum_ending_cnt,p1_0.sum_ending_amt from p09_summary p1_0 where p1_0.sum_location_id='135' and p1_0.sum_clerk_id='0000'
1776279906626|1|statement|connection 0|url jdbc:p6spy:sqlserver://CFSFPTEST:1433;databaseName=CFSFP;encrypt=true;trustServerCertificate=true;|select p1_0.sum_location_id,p1_0.sum_clerk_id,p1_0.sum_beginning_cnt,p1_0.sum_beginning_amt,p1_0.sum_additions_cnt,p1_0.sum_additions_amt,p1_0.sum_deletions_cnt,p1_0.sum_deletions_amt,p1_0.sum_ending_cnt,p1_0.sum_ending_amt from p09_summary p1_0 where p1_0.sum_location_id=? and p1_0.sum_clerk_id=?|select p1_0.sum_location_id,p1_0.sum_clerk_id,p1_0.sum_beginning_cnt,p1_0.sum_beginning_amt,p1_0.sum_additions_cnt,p1_0.sum_additions_amt,p1_0.sum_deletions_cnt,p1_0.sum_deletions_amt,p1_0.sum_ending_cnt,p1_0.sum_ending_amt from p09_summary p1_0 where p1_0.sum_location_id='135' and p1_0.sum_clerk_id='0001'
1776279906808|2|statement|connection 0|url jdbc:p6spy:sqlserver://CFSFPTEST:1433;databaseName=CFSFP;encrypt=true;trustServerCertificate=true;|select p1_0.sum_location_id,p1_0.sum_clerk_id,p1_0.sum_beginning_cnt,p1_0.sum_beginning_amt,p1_0.sum_additions_cnt,p1_0.sum_additions_amt,p1_0.sum_deletions_cnt,p1_0.sum_deletions_amt,p1_0.sum_ending_cnt,p1_0.sum_ending_amt from p09_summary p1_0 where p1_0.sum_location_id=? and p1_0.sum_clerk_id=?|select p1_0.sum_location_id,p1_0.sum_clerk_id,p1_0.sum_beginning_cnt,p1_0.sum_beginning_amt,p1_0.sum_additions_cnt,p1_0.sum_additions_amt,p1_0.sum_deletions_cnt,p1_0.sum_deletions_amt,p1_0.sum_ending_cnt,p1_0.sum_ending_amt from p09_summary p1_0 where p1_0.sum_location_id='135' and p1_0.sum_clerk_id='3488'
1776279906822|6|statement|connection 0|url jdbc:p6spy:sqlserver://CFSFPTEST:1433;databaseName=CFSFP;encrypt=true;trustServerCertificate=true;|select p1_0.sum_location_id,p1_0.sum_clerk_id,p1_0.sum_beginning_cnt,p1_0.sum_beginning_amt,p1_0.sum_additions_cnt,p1_0.sum_additions_amt,p1_0.sum_deletions_cnt,p1_0.sum_deletions_amt,p1_0.sum_ending_cnt,p1_0.sum_ending_amt from p09_summary p1_0 where p1_0.sum_location_id=? and p1_0.sum_clerk_id=?|select p1_0.sum_location_id,p1_0.sum_clerk_id,p1_0.sum_beginning_cnt,p1_0.sum_beginning_amt,p1_0.sum_additions_cnt,p1_0.sum_additions_amt,p1_0.sum_deletions_cnt,p1_0.sum_deletions_amt,p1_0.sum_ending_cnt,p1_0.sum_ending_amt from p09_summary p1_0 where p1_0.sum_location_id='136' and p1_0.sum_clerk_id='0001'
1776279906928|4|statement|connection 0|url jdbc:p6spy:sqlserver://CFSFPTEST:1433;databaseName=CFSFP;encrypt=true;trustServerCertificate=true;|select p1_0.sum_location_id,p1_0.sum_clerk_id,p1_0.sum_beginning_cnt,p1_0.sum_beginning_amt,p1_0.sum_additions_cnt,p1_0.sum_additions_amt,p1_0.sum_deletions_cnt,p1_0.sum_deletions_amt,p1_0.sum_ending_cnt,p1_0.sum_ending_amt from p09_summary p1_0 where p1_0.sum_location_id=? and p1_0.sum_clerk_id=?|select p1_0.sum_location_id,p1_0.sum_clerk_id,p1_0.sum_beginning_cnt,p1_0.sum_beginning_amt,p1_0.sum_additions_cnt,p1_0.sum_additions_amt,p1_0.sum_deletions_cnt,p1_0.sum_deletions_amt,p1_0.sum_ending_cnt,p1_0.sum_ending_amt from p09_summary p1_0 where p1_0.sum_location_id='137' and p1_0.sum_clerk_id='0001'
1776279906965|7|statement|connection 0|url jdbc:p6spy:sqlserver://CFSFPTEST:1433;databaseName=CFSFP;encrypt=true;trustServerCertificate=true;|select p1_0.sum_location_id,p1_0.sum_clerk_id,p1_0.sum_beginning_cnt,p1_0.sum_beginning_amt,p1_0.sum_additions_cnt,p1_0.sum_additions_amt,p1_0.sum_deletions_cnt,p1_0.sum_deletions_amt,p1_0.sum_ending_cnt,p1_0.sum_ending_amt from p09_summary p1_0 where p1_0.sum_location_id=? and p1_0.sum_clerk_id=?|select p1_0.sum_location_id,p1_0.sum_clerk_id,p1_0.sum_beginning_cnt,p1_0.sum_beginning_amt,p1_0.sum_additions_cnt,p1_0.sum_additions_amt,p1_0.sum_deletions_cnt,p1_0.sum_deletions_amt,p1_0.sum_ending_cnt,p1_0.sum_ending_amt from p09_summary p1_0 where p1_0.sum_location_id='138' and p1_0.sum_clerk_id='0001'
1776279907097|4|statement|connection 0|url jdbc:p6spy:sqlserver://CFSFPTEST:1433;databaseName=CFSFP;encrypt=true;trustServerCertificate=true;|select p1_0.sum_location_id,p1_0.sum_clerk_id,p1_0.sum_beginning_cnt,p1_0.sum_beginning_amt,p1_0.sum_additions_cnt,p1_0.sum_additions_amt,p1_0.sum_deletions_cnt,p1_0.sum_deletions_amt,p1_0.sum_ending_cnt,p1_0.sum_ending_amt from p09_summary p1_0 where p1_0.sum_location_id=? and p1_0.sum_clerk_id=?|select p1_0.sum_location_id,p1_0.sum_clerk_id,p1_0.sum_beginning_cnt,p1_0.sum_beginning_amt,p1_0.sum_additions_cnt,p1_0.sum_additions_amt,p1_0.sum_deletions_cnt,p1_0.sum_deletions_amt,p1_0.sum_ending_cnt,p1_0.sum_ending_amt from p09_summary p1_0 where p1_0.sum_location_id='139' and p1_0.sum_clerk_id='0001'
1776279907113|4|statement|connection 0|url jdbc:p6spy:sqlserver://CFSFPTEST:1433;databaseName=CFSFP;encrypt=true;trustServerCertificate=true;|select p1_0.sum_location_id,p1_0.sum_clerk_id,p1_0.sum_beginning_cnt,p1_0.sum_beginning_amt,p1_0.sum_additions_cnt,p1_0.sum_additions_amt,p1_0.sum_deletions_cnt,p1_0.sum_deletions_amt,p1_0.sum_ending_cnt,p1_0.sum_ending_amt from p09_summary p1_0 where p1_0.sum_location_id=? and p1_0.sum_clerk_id=?|select p1_0.sum_location_id,p1_0.sum_clerk_id,p1_0.sum_beginning_cnt,p1_0.sum_beginning_amt,p1_0.sum_additions_cnt,p1_0.sum_additions_amt,p1_0.sum_deletions_cnt,p1_0.sum_deletions_amt,p1_0.sum_ending_cnt,p1_0.sum_ending_amt from p09_summary p1_0 where p1_0.sum_location_id='190' and p1_0.sum_clerk_id='0001'
1776279907297|3|statement|connection 0|url jdbc:p6spy:sqlserver://CFSFPTEST:1433;databaseName=CFSFP;encrypt=true;trustServerCertificate=true;|select p1_0.sum_location_id,p1_0.sum_clerk_id,p1_0.sum_beginning_cnt,p1_0.sum_beginning_amt,p1_0.sum_additions_cnt,p1_0.sum_additions_amt,p1_0.sum_deletions_cnt,p1_0.sum_deletions_amt,p1_0.sum_ending_cnt,p1_0.sum_ending_amt from p09_summary p1_0 where p1_0.sum_location_id=? and p1_0.sum_clerk_id=?|select p1_0.sum_location_id,p1_0.sum_clerk_id,p1_0.sum_beginning_cnt,p1_0.sum_beginning_amt,p1_0.sum_additions_cnt,p1_0.sum_additions_amt,p1_0.sum_deletions_cnt,p1_0.sum_deletions_amt,p1_0.sum_ending_cnt,p1_0.sum_ending_amt from p09_summary p1_0 where p1_0.sum_location_id='190' and p1_0.sum_clerk_id='6636'
1776279907415|10|statement|connection 0|url jdbc:p6spy:sqlserver://CFSFPTEST:1433;databaseName=CFSFP;encrypt=true;trustServerCertificate=true;|select p1_0.sum_location_id,p1_0.sum_clerk_id,p1_0.sum_beginning_cnt,p1_0.sum_beginning_amt,p1_0.sum_additions_cnt,p1_0.sum_additions_amt,p1_0.sum_deletions_cnt,p1_0.sum_deletions_amt,p1_0.sum_ending_cnt,p1_0.sum_ending_amt from p09_summary p1_0 where p1_0.sum_location_id=? and p1_0.sum_clerk_id=?|select p1_0.sum_location_id,p1_0.sum_clerk_id,p1_0.sum_beginning_cnt,p1_0.sum_beginning_amt,p1_0.sum_additions_cnt,p1_0.sum_additions_amt,p1_0.sum_deletions_cnt,p1_0.sum_deletions_amt,p1_0.sum_ending_cnt,p1_0.sum_ending_amt from p09_summary p1_0 where p1_0.sum_location_id='200' and p1_0.sum_clerk_id='0001'
1776279907433|7|statement|connection 0|url jdbc:p6spy:sqlserver://CFSFPTEST:1433;databaseName=CFSFP;encrypt=true;trustServerCertificate=true;|select p1_0.sum_location_id,p1_0.sum_clerk_id,p1_0.sum_beginning_cnt,p1_0.sum_beginning_amt,p1_0.sum_additions_cnt,p1_0.sum_additions_amt,p1_0.sum_deletions_cnt,p1_0.sum_deletions_amt,p1_0.sum_ending_cnt,p1_0.sum_ending_amt from p09_summary p1_0 where p1_0.sum_location_id=? and p1_0.sum_clerk_id=?|select p1_0.sum_location_id,p1_0.sum_clerk_id,p1_0.sum_beginning_cnt,p1_0.sum_beginning_amt,p1_0.sum_additions_cnt,p1_0.sum_additions_amt,p1_0.sum_deletions_cnt,p1_0.sum_deletions_amt,p1_0.sum_ending_cnt,p1_0.sum_ending_amt from p09_summary p1_0 where p1_0.sum_location_id='210' and p1_0.sum_clerk_id='0001'
1776279907478|17|statement|connection 0|url jdbc:p6spy:sqlserver://CFSFPTEST:1433;databaseName=CFSFP;encrypt=true;trustServerCertificate=true;|select p1_0.sum_location_id,p1_0.sum_clerk_id,p1_0.sum_beginning_cnt,p1_0.sum_beginning_amt,p1_0.sum_additions_cnt,p1_0.sum_additions_amt,p1_0.sum_deletions_cnt,p1_0.sum_deletions_amt,p1_0.sum_ending_cnt,p1_0.sum_ending_amt from p09_summary p1_0 where p1_0.sum_location_id=? and p1_0.sum_clerk_id=?|select p1_0.sum_location_id,p1_0.sum_clerk_id,p1_0.sum_beginning_cnt,p1_0.sum_beginning_amt,p1_0.sum_additions_cnt,p1_0.sum_additions_amt,p1_0.sum_deletions_cnt,p1_0.sum_deletions_amt,p1_0.sum_ending_cnt,p1_0.sum_ending_amt from p09_summary p1_0 where p1_0.sum_location_id='995' and p1_0.sum_clerk_id='0001'
1776279907487|2|statement|connection 0|url jdbc:p6spy:sqlserver://CFSFPTEST:1433;databaseName=CFSFP;encrypt=true;trustServerCertificate=true;|select p1_0.sum_location_id,p1_0.sum_clerk_id,p1_0.sum_beginning_cnt,p1_0.sum_beginning_amt,p1_0.sum_additions_cnt,p1_0.sum_additions_amt,p1_0.sum_deletions_cnt,p1_0.sum_deletions_amt,p1_0.sum_ending_cnt,p1_0.sum_ending_amt from p09_summary p1_0 where p1_0.sum_location_id=? and p1_0.sum_clerk_id=?|select p1_0.sum_location_id,p1_0.sum_clerk_id,p1_0.sum_beginning_cnt,p1_0.sum_beginning_amt,p1_0.sum_additions_cnt,p1_0.sum_additions_amt,p1_0.sum_deletions_cnt,p1_0.sum_deletions_amt,p1_0.sum_ending_cnt,p1_0.sum_ending_amt from p09_summary p1_0 where p1_0.sum_location_id='999' and p1_0.sum_clerk_id='999'
1776279907498|2|statement|connection 0|url jdbc:p6spy:sqlserver://CFSFPTEST:1433;databaseName=CFSFP;encrypt=true;trustServerCertificate=true;|select p1_0.sum_location_id,p1_0.sum_clerk_id,p1_0.sum_beginning_cnt,p1_0.sum_beginning_amt,p1_0.sum_additions_cnt,p1_0.sum_additions_amt,p1_0.sum_deletions_cnt,p1_0.sum_deletions_amt,p1_0.sum_ending_cnt,p1_0.sum_ending_amt from p09_summary p1_0 where p1_0.sum_location_id=? and p1_0.sum_clerk_id=?|select p1_0.sum_location_id,p1_0.sum_clerk_id,p1_0.sum_beginning_cnt,p1_0.sum_beginning_amt,p1_0.sum_additions_cnt,p1_0.sum_additions_amt,p1_0.sum_deletions_cnt,p1_0.sum_deletions_amt,p1_0.sum_ending_cnt,p1_0.sum_ending_amt from p09_summary p1_0 where p1_0.sum_location_id='999' and p1_0.sum_clerk_id='9999'
1776279907569|9|statement|connection 0|url jdbc:p6spy:sqlserver://CFSFPTEST:1433;databaseName=CFSFP;encrypt=true;trustServerCertificate=true;|select p1_0.sum_location_id,sum(p1_0.sum_beginning_cnt),sum(p1_0.sum_beginning_amt),sum(p1_0.sum_additions_cnt),sum(p1_0.sum_additions_amt),sum(p1_0.sum_deletions_cnt),sum(p1_0.sum_deletions_amt),sum(p1_0.sum_ending_cnt),sum(p1_0.sum_ending_amt) from p09_summary p1_0 group by p1_0.sum_location_id|select p1_0.sum_location_id,sum(p1_0.sum_beginning_cnt),sum(p1_0.sum_beginning_amt),sum(p1_0.sum_additions_cnt),sum(p1_0.sum_additions_amt),sum(p1_0.sum_deletions_cnt),sum(p1_0.sum_deletions_amt),sum(p1_0.sum_ending_cnt),sum(p1_0.sum_ending_amt) from p09_summary p1_0 group by p1_0.sum_location_id
1776279907680|7|statement|connection 0|url jdbc:p6spy:sqlserver://CFSFPTEST:1433;databaseName=CFSFP;encrypt=true;trustServerCertificate=true;|update p09_summary set sum_processed_date=convert(date,getdate()),sum_beginning_cnt=sum_ending_cnt,sum_beginning_amt=sum_ending_amt,sum_additions_cnt=0,sum_additions_amt=0,sum_deletions_cnt=0,sum_deletions_amt=0|update p09_summary set sum_processed_date=convert(date,getdate()),sum_beginning_cnt=sum_ending_cnt,sum_beginning_amt=sum_ending_amt,sum_additions_cnt=0,sum_additions_amt=0,sum_deletions_cnt=0,sum_deletions_amt=0
1776279907774|9|commit|connection 0|url jdbc:p6spy:sqlserver://CFSFPTEST:1433;databaseName=CFSFP;encrypt=true;trustServerCertificate=true;||
1776279907803|6|commit|connection 0|url jdbc:p6spy:sqlserver://CFSFPTEST:1433;databaseName=CFSFP;encrypt=true;trustServerCertificate=true;||
1776279907834|11|commit|connection 0|url jdbc:p6spy:sqlserver://CFSFPTEST:1433;databaseName=CFSFP;encrypt=true;trustServerCertificate=true;||
1776279907886|4|commit|connection 0|url jdbc:p6spy:sqlserver://CFSFPTEST:1433;databaseName=CFSFP;encrypt=true;trustServerCertificate=true;||
1776279907924|5|commit|connection 0|url jdbc:p6spy:sqlserver://CFSFPTEST:1433;databaseName=CFSFP;encrypt=true;trustServerCertificate=true;||
1776280019728|1|commit|connection 0|url jdbc:p6spy:sqlserver://CFSFPTEST:1433;databaseName=CFSFP;encrypt=true;trustServerCertificate=true;||
1776280019755|2|statement|connection 0|url jdbc:p6spy:sqlserver://CFSFPTEST:1433;databaseName=CFSFP;encrypt=true;trustServerCertificate=true;|select next value for BATCH_JOB_SEQ|select next value for BATCH_JOB_SEQ
1776280019825|5|commit|connection 0|url jdbc:p6spy:sqlserver://CFSFPTEST:1433;databaseName=CFSFP;encrypt=true;trustServerCertificate=true;||
1776280019971|5|commit|connection 0|url jdbc:p6spy:sqlserver://CFSFPTEST:1433;databaseName=CFSFP;encrypt=true;trustServerCertificate=true;||
1776280019994|1|commit|connection 0|url jdbc:p6spy:sqlserver://CFSFPTEST:1433;databaseName=CFSFP;encrypt=true;trustServerCertificate=true;||
1776280020009|1|commit|connection 0|url jdbc:p6spy:sqlserver://CFSFPTEST:1433;databaseName=CFSFP;encrypt=true;trustServerCertificate=true;||
1776280020037|4|commit|connection 0|url jdbc:p6spy:sqlserver://CFSFPTEST:1433;databaseName=CFSFP;encrypt=true;trustServerCertificate=true;||
1776280020067|4|commit|connection 0|url jdbc:p6spy:sqlserver://CFSFPTEST:1433;databaseName=CFSFP;encrypt=true;trustServerCertificate=true;||
1776280020091|4|commit|connection 0|url jdbc:p6spy:sqlserver://CFSFPTEST:1433;databaseName=CFSFP;encrypt=true;trustServerCertificate=true;||
1776280020947|114|statement|connection 0|url jdbc:p6spy:sqlserver://CFSFPTEST:1433;databaseName=CFSFP;encrypt=true;trustServerCertificate=true;|select p1_0.cr_location_clerk,p1_0.cr_location_nbr,p1_0.cr_cntrl_date,p1_0.cr_cntrl_nbr,p1_0.cr_refund_type,p1_0.cr_cntrld_amt,p1_0.cr_patient_lname,p1_0.cr_patient_fname,p1_0.cr_mbr_id_nbr,p1_0.cr_remittor_name,p1_0.cr_reason_code,p1_0.cr_receipt_type,p1_0.cr_check_nbr,p1_0.cr_status_text,p1_0.cr_received_date,p1_0.cr_location_date from p09_cash_receipt p1_0 where (p1_0.cr_location_nbr+p1_0.cr_location_clerk+format(p1_0.cr_received_date,'yyyy-MM-dd')+p1_0.cr_refund_type+p1_0.cr_cntrl_nbr+format(p1_0.cr_cntrl_date,'yyyy-MM-dd'))>? and p1_0.cr_status_text in ('OPEN','PENDED') order by p1_0.cr_location_nbr,p1_0.cr_location_clerk,p1_0.cr_received_date,p1_0.cr_refund_type,p1_0.cr_cntrl_nbr,p1_0.cr_cntrl_date|select p1_0.cr_location_clerk,p1_0.cr_location_nbr,p1_0.cr_cntrl_date,p1_0.cr_cntrl_nbr,p1_0.cr_refund_type,p1_0.cr_cntrld_amt,p1_0.cr_patient_lname,p1_0.cr_patient_fname,p1_0.cr_mbr_id_nbr,p1_0.cr_remittor_name,p1_0.cr_reason_code,p1_0.cr_receipt_type,p1_0.cr_check_nbr,p1_0.cr_status_text,p1_0.cr_received_date,p1_0.cr_location_date from p09_cash_receipt p1_0 where (p1_0.cr_location_nbr+p1_0.cr_location_clerk+format(p1_0.cr_received_date,'yyyy-MM-dd')+p1_0.cr_refund_type+p1_0.cr_cntrl_nbr+format(p1_0.cr_cntrl_date,'yyyy-MM-dd'))>'' and p1_0.cr_status_text in ('OPEN','PENDED') order by p1_0.cr_location_nbr,p1_0.cr_location_clerk,p1_0.cr_received_date,p1_0.cr_refund_type,p1_0.cr_cntrl_nbr,p1_0.cr_cntrl_date
1776280021296|2|statement|connection 0|url jdbc:p6spy:sqlserver://CFSFPTEST:1433;databaseName=CFSFP;encrypt=true;trustServerCertificate=true;|select p1_0.sum_location_id,p1_0.sum_clerk_id,p1_0.sum_beginning_cnt,p1_0.sum_beginning_amt,p1_0.sum_additions_cnt,p1_0.sum_additions_amt,p1_0.sum_deletions_cnt,p1_0.sum_deletions_amt,p1_0.sum_ending_cnt,p1_0.sum_ending_amt from p09_summary p1_0 where p1_0.sum_location_id=? and p1_0.sum_clerk_id=?|select p1_0.sum_location_id,p1_0.sum_clerk_id,p1_0.sum_beginning_cnt,p1_0.sum_beginning_amt,p1_0.sum_additions_cnt,p1_0.sum_additions_amt,p1_0.sum_deletions_cnt,p1_0.sum_deletions_amt,p1_0.sum_ending_cnt,p1_0.sum_ending_amt from p09_summary p1_0 where p1_0.sum_location_id=' ' and p1_0.sum_clerk_id=' '
1776280021326|1|statement|connection 0|url jdbc:p6spy:sqlserver://CFSFPTEST:1433;databaseName=CFSFP;encrypt=true;trustServerCertificate=true;|select p1_0.sum_location_id,p1_0.sum_clerk_id,p1_0.sum_beginning_cnt,p1_0.sum_beginning_amt,p1_0.sum_additions_cnt,p1_0.sum_additions_amt,p1_0.sum_deletions_cnt,p1_0.sum_deletions_amt,p1_0.sum_ending_cnt,p1_0.sum_ending_amt from p09_summary p1_0 where p1_0.sum_location_id=? and p1_0.sum_clerk_id=?|select p1_0.sum_location_id,p1_0.sum_clerk_id,p1_0.sum_beginning_cnt,p1_0.sum_beginning_amt,p1_0.sum_additions_cnt,p1_0.sum_additions_amt,p1_0.sum_deletions_cnt,p1_0.sum_deletions_amt,p1_0.sum_ending_cnt,p1_0.sum_ending_amt from p09_summary p1_0 where p1_0.sum_location_id='130' and p1_0.sum_clerk_id='0000'
1776280021337|2|statement|connection 0|url jdbc:p6spy:sqlserver://CFSFPTEST:1433;databaseName=CFSFP;encrypt=true;trustServerCertificate=true;|select p1_0.sum_location_id,p1_0.sum_clerk_id,p1_0.sum_beginning_cnt,p1_0.sum_beginning_amt,p1_0.sum_additions_cnt,p1_0.sum_additions_amt,p1_0.sum_deletions_cnt,p1_0.sum_deletions_amt,p1_0.sum_ending_cnt,p1_0.sum_ending_amt from p09_summary p1_0 where p1_0.sum_location_id=? and p1_0.sum_clerk_id=?|select p1_0.sum_location_id,p1_0.sum_clerk_id,p1_0.sum_beginning_cnt,p1_0.sum_beginning_amt,p1_0.sum_additions_cnt,p1_0.sum_additions_amt,p1_0.sum_deletions_cnt,p1_0.sum_deletions_amt,p1_0.sum_ending_cnt,p1_0.sum_ending_amt from p09_summary p1_0 where p1_0.sum_location_id='130' and p1_0.sum_clerk_id='0001'
1776280021373|5|statement|connection 0|url jdbc:p6spy:sqlserver://CFSFPTEST:1433;databaseName=CFSFP;encrypt=true;trustServerCertificate=true;|select p1_0.sum_location_id,p1_0.sum_clerk_id,p1_0.sum_beginning_cnt,p1_0.sum_beginning_amt,p1_0.sum_additions_cnt,p1_0.sum_additions_amt,p1_0.sum_deletions_cnt,p1_0.sum_deletions_amt,p1_0.sum_ending_cnt,p1_0.sum_ending_amt from p09_summary p1_0 where p1_0.sum_location_id=? and p1_0.sum_clerk_id=?|select p1_0.sum_location_id,p1_0.sum_clerk_id,p1_0.sum_beginning_cnt,p1_0.sum_beginning_amt,p1_0.sum_additions_cnt,p1_0.sum_additions_amt,p1_0.sum_deletions_cnt,p1_0.sum_deletions_amt,p1_0.sum_ending_cnt,p1_0.sum_ending_amt from p09_summary p1_0 where p1_0.sum_location_id='135' and p1_0.sum_clerk_id='0000'
1776280021388|1|statement|connection 0|url jdbc:p6spy:sqlserver://CFSFPTEST:1433;databaseName=CFSFP;encrypt=true;trustServerCertificate=true;|select p1_0.sum_location_id,p1_0.sum_clerk_id,p1_0.sum_beginning_cnt,p1_0.sum_beginning_amt,p1_0.sum_additions_cnt,p1_0.sum_additions_amt,p1_0.sum_deletions_cnt,p1_0.sum_deletions_amt,p1_0.sum_ending_cnt,p1_0.sum_ending_amt from p09_summary p1_0 where p1_0.sum_location_id=? and p1_0.sum_clerk_id=?|select p1_0.sum_location_id,p1_0.sum_clerk_id,p1_0.sum_beginning_cnt,p1_0.sum_beginning_amt,p1_0.sum_additions_cnt,p1_0.sum_additions_amt,p1_0.sum_deletions_cnt,p1_0.sum_deletions_amt,p1_0.sum_ending_cnt,p1_0.sum_ending_amt from p09_summary p1_0 where p1_0.sum_location_id='135' and p1_0.sum_clerk_id='0001'
1776280021592|3|statement|connection 0|url jdbc:p6spy:sqlserver://CFSFPTEST:1433;databaseName=CFSFP;encrypt=true;trustServerCertificate=true;|select p1_0.sum_location_id,p1_0.sum_clerk_id,p1_0.sum_beginning_cnt,p1_0.sum_beginning_amt,p1_0.sum_additions_cnt,p1_0.sum_additions_amt,p1_0.sum_deletions_cnt,p1_0.sum_deletions_amt,p1_0.sum_ending_cnt,p1_0.sum_ending_amt from p09_summary p1_0 where p1_0.sum_location_id=? and p1_0.sum_clerk_id=?|select p1_0.sum_location_id,p1_0.sum_clerk_id,p1_0.sum_beginning_cnt,p1_0.sum_beginning_amt,p1_0.sum_additions_cnt,p1_0.sum_additions_amt,p1_0.sum_deletions_cnt,p1_0.sum_deletions_amt,p1_0.sum_ending_cnt,p1_0.sum_ending_amt from p09_summary p1_0 where p1_0.sum_location_id='135' and p1_0.sum_clerk_id='3488'
1776280021608|9|statement|connection 0|url jdbc:p6spy:sqlserver://CFSFPTEST:1433;databaseName=CFSFP;encrypt=true;trustServerCertificate=true;|select p1_0.sum_location_id,p1_0.sum_clerk_id,p1_0.sum_beginning_cnt,p1_0.sum_beginning_amt,p1_0.sum_additions_cnt,p1_0.sum_additions_amt,p1_0.sum_deletions_cnt,p1_0.sum_deletions_amt,p1_0.sum_ending_cnt,p1_0.sum_ending_amt from p09_summary p1_0 where p1_0.sum_location_id=? and p1_0.sum_clerk_id=?|select p1_0.sum_location_id,p1_0.sum_clerk_id,p1_0.sum_beginning_cnt,p1_0.sum_beginning_amt,p1_0.sum_additions_cnt,p1_0.sum_additions_amt,p1_0.sum_deletions_cnt,p1_0.sum_deletions_amt,p1_0.sum_ending_cnt,p1_0.sum_ending_amt from p09_summary p1_0 where p1_0.sum_location_id='136' and p1_0.sum_clerk_id='0001'
1776280021690|10|statement|connection 0|url jdbc:p6spy:sqlserver://CFSFPTEST:1433;databaseName=CFSFP;encrypt=true;trustServerCertificate=true;|select p1_0.sum_location_id,p1_0.sum_clerk_id,p1_0.sum_beginning_cnt,p1_0.sum_beginning_amt,p1_0.sum_additions_cnt,p1_0.sum_additions_amt,p1_0.sum_deletions_cnt,p1_0.sum_deletions_amt,p1_0.sum_ending_cnt,p1_0.sum_ending_amt from p09_summary p1_0 where p1_0.sum_location_id=? and p1_0.sum_clerk_id=?|select p1_0.sum_location_id,p1_0.sum_clerk_id,p1_0.sum_beginning_cnt,p1_0.sum_beginning_amt,p1_0.sum_additions_cnt,p1_0.sum_additions_amt,p1_0.sum_deletions_cnt,p1_0.sum_deletions_amt,p1_0.sum_ending_cnt,p1_0.sum_ending_amt from p09_summary p1_0 where p1_0.sum_location_id='137' and p1_0.sum_clerk_id='0001'
1776280021731|2|statement|connection 0|url jdbc:p6spy:sqlserver://CFSFPTEST:1433;databaseName=CFSFP;encrypt=true;trustServerCertificate=true;|select p1_0.sum_location_id,p1_0.sum_clerk_id,p1_0.sum_beginning_cnt,p1_0.sum_beginning_amt,p1_0.sum_additions_cnt,p1_0.sum_additions_amt,p1_0.sum_deletions_cnt,p1_0.sum_deletions_amt,p1_0.sum_ending_cnt,p1_0.sum_ending_amt from p09_summary p1_0 where p1_0.sum_location_id=? and p1_0.sum_clerk_id=?|select p1_0.sum_location_id,p1_0.sum_clerk_id,p1_0.sum_beginning_cnt,p1_0.sum_beginning_amt,p1_0.sum_additions_cnt,p1_0.sum_additions_amt,p1_0.sum_deletions_cnt,p1_0.sum_deletions_amt,p1_0.sum_ending_cnt,p1_0.sum_ending_amt from p09_summary p1_0 where p1_0.sum_location_id='138' and p1_0.sum_clerk_id='0001'
1776280021773|6|statement|connection 0|url jdbc:p6spy:sqlserver://CFSFPTEST:1433;databaseName=CFSFP;encrypt=true;trustServerCertificate=true;|select p1_0.sum_location_id,p1_0.sum_clerk_id,p1_0.sum_beginning_cnt,p1_0.sum_beginning_amt,p1_0.sum_additions_cnt,p1_0.sum_additions_amt,p1_0.sum_deletions_cnt,p1_0.sum_deletions_amt,p1_0.sum_ending_cnt,p1_0.sum_ending_amt from p09_summary p1_0 where p1_0.sum_location_id=? and p1_0.sum_clerk_id=?|select p1_0.sum_location_id,p1_0.sum_clerk_id,p1_0.sum_beginning_cnt,p1_0.sum_beginning_amt,p1_0.sum_additions_cnt,p1_0.sum_additions_amt,p1_0.sum_deletions_cnt,p1_0.sum_deletions_amt,p1_0.sum_ending_cnt,p1_0.sum_ending_amt from p09_summary p1_0 where p1_0.sum_location_id='139' and p1_0.sum_clerk_id='0001'
1776280021789|11|statement|connection 0|url jdbc:p6spy:sqlserver://CFSFPTEST:1433;databaseName=CFSFP;encrypt=true;trustServerCertificate=true;|select p1_0.sum_location_id,p1_0.sum_clerk_id,p1_0.sum_beginning_cnt,p1_0.sum_beginning_amt,p1_0.sum_additions_cnt,p1_0.sum_additions_amt,p1_0.sum_deletions_cnt,p1_0.sum_deletions_amt,p1_0.sum_ending_cnt,p1_0.sum_ending_amt from p09_summary p1_0 where p1_0.sum_location_id=? and p1_0.sum_clerk_id=?|select p1_0.sum_location_id,p1_0.sum_clerk_id,p1_0.sum_beginning_cnt,p1_0.sum_beginning_amt,p1_0.sum_additions_cnt,p1_0.sum_additions_amt,p1_0.sum_deletions_cnt,p1_0.sum_deletions_amt,p1_0.sum_ending_cnt,p1_0.sum_ending_amt from p09_summary p1_0 where p1_0.sum_location_id='190' and p1_0.sum_clerk_id='0001'
1776280022000|3|statement|connection 0|url jdbc:p6spy:sqlserver://CFSFPTEST:1433;databaseName=CFSFP;encrypt=true;trustServerCertificate=true;|select p1_0.sum_location_id,p1_0.sum_clerk_id,p1_0.sum_beginning_cnt,p1_0.sum_beginning_amt,p1_0.sum_additions_cnt,p1_0.sum_additions_amt,p1_0.sum_deletions_cnt,p1_0.sum_deletions_amt,p1_0.sum_ending_cnt,p1_0.sum_ending_amt from p09_summary p1_0 where p1_0.sum_location_id=? and p1_0.sum_clerk_id=?|select p1_0.sum_location_id,p1_0.sum_clerk_id,p1_0.sum_beginning_cnt,p1_0.sum_beginning_amt,p1_0.sum_additions_cnt,p1_0.sum_additions_amt,p1_0.sum_deletions_cnt,p1_0.sum_deletions_amt,p1_0.sum_ending_cnt,p1_0.sum_ending_amt from p09_summary p1_0 where p1_0.sum_location_id='190' and p1_0.sum_clerk_id='6636'
1776280022105|1|statement|connection 0|url jdbc:p6spy:sqlserver://CFSFPTEST:1433;databaseName=CFSFP;encrypt=true;trustServerCertificate=true;|select p1_0.sum_location_id,p1_0.sum_clerk_id,p1_0.sum_beginning_cnt,p1_0.sum_beginning_amt,p1_0.sum_additions_cnt,p1_0.sum_additions_amt,p1_0.sum_deletions_cnt,p1_0.sum_deletions_amt,p1_0.sum_ending_cnt,p1_0.sum_ending_amt from p09_summary p1_0 where p1_0.sum_location_id=? and p1_0.sum_clerk_id=?|select p1_0.sum_location_id,p1_0.sum_clerk_id,p1_0.sum_beginning_cnt,p1_0.sum_beginning_amt,p1_0.sum_additions_cnt,p1_0.sum_additions_amt,p1_0.sum_deletions_cnt,p1_0.sum_deletions_amt,p1_0.sum_ending_cnt,p1_0.sum_ending_amt from p09_summary p1_0 where p1_0.sum_location_id='200' and p1_0.sum_clerk_id='0001'
1776280022116|2|statement|connection 0|url jdbc:p6spy:sqlserver://CFSFPTEST:1433;databaseName=CFSFP;encrypt=true;trustServerCertificate=true;|select p1_0.sum_location_id,p1_0.sum_clerk_id,p1_0.sum_beginning_cnt,p1_0.sum_beginning_amt,p1_0.sum_additions_cnt,p1_0.sum_additions_amt,p1_0.sum_deletions_cnt,p1_0.sum_deletions_amt,p1_0.sum_ending_cnt,p1_0.sum_ending_amt from p09_summary p1_0 where p1_0.sum_location_id=? and p1_0.sum_clerk_id=?|select p1_0.sum_location_id,p1_0.sum_clerk_id,p1_0.sum_beginning_cnt,p1_0.sum_beginning_amt,p1_0.sum_additions_cnt,p1_0.sum_additions_amt,p1_0.sum_deletions_cnt,p1_0.sum_deletions_amt,p1_0.sum_ending_cnt,p1_0.sum_ending_amt from p09_summary p1_0 where p1_0.sum_location_id='210' and p1_0.sum_clerk_id='0001'
1776280022140|2|statement|connection 0|url jdbc:p6spy:sqlserver://CFSFPTEST:1433;databaseName=CFSFP;encrypt=true;trustServerCertificate=true;|select p1_0.sum_location_id,p1_0.sum_clerk_id,p1_0.sum_beginning_cnt,p1_0.sum_beginning_amt,p1_0.sum_additions_cnt,p1_0.sum_additions_amt,p1_0.sum_deletions_cnt,p1_0.sum_deletions_amt,p1_0.sum_ending_cnt,p1_0.sum_ending_amt from p09_summary p1_0 where p1_0.sum_location_id=? and p1_0.sum_clerk_id=?|select p1_0.sum_location_id,p1_0.sum_clerk_id,p1_0.sum_beginning_cnt,p1_0.sum_beginning_amt,p1_0.sum_additions_cnt,p1_0.sum_additions_amt,p1_0.sum_deletions_cnt,p1_0.sum_deletions_amt,p1_0.sum_ending_cnt,p1_0.sum_ending_amt from p09_summary p1_0 where p1_0.sum_location_id='995' and p1_0.sum_clerk_id='0001'
1776280022149|1|statement|connection 0|url jdbc:p6spy:sqlserver://CFSFPTEST:1433;databaseName=CFSFP;encrypt=true;trustServerCertificate=true;|select p1_0.sum_location_id,p1_0.sum_clerk_id,p1_0.sum_beginning_cnt,p1_0.sum_beginning_amt,p1_0.sum_additions_cnt,p1_0.sum_additions_amt,p1_0.sum_deletions_cnt,p1_0.sum_deletions_amt,p1_0.sum_ending_cnt,p1_0.sum_ending_amt from p09_summary p1_0 where p1_0.sum_location_id=? and p1_0.sum_clerk_id=?|select p1_0.sum_location_id,p1_0.sum_clerk_id,p1_0.sum_beginning_cnt,p1_0.sum_beginning_amt,p1_0.sum_additions_cnt,p1_0.sum_additions_amt,p1_0.sum_deletions_cnt,p1_0.sum_deletions_amt,p1_0.sum_ending_cnt,p1_0.sum_ending_amt from p09_summary p1_0 where p1_0.sum_location_id='999' and p1_0.sum_clerk_id='999'
1776280022159|4|statement|connection 0|url jdbc:p6spy:sqlserver://CFSFPTEST:1433;databaseName=CFSFP;encrypt=true;trustServerCertificate=true;|select p1_0.sum_location_id,p1_0.sum_clerk_id,p1_0.sum_beginning_cnt,p1_0.sum_beginning_amt,p1_0.sum_additions_cnt,p1_0.sum_additions_amt,p1_0.sum_deletions_cnt,p1_0.sum_deletions_amt,p1_0.sum_ending_cnt,p1_0.sum_ending_amt from p09_summary p1_0 where p1_0.sum_location_id=? and p1_0.sum_clerk_id=?|select p1_0.sum_location_id,p1_0.sum_clerk_id,p1_0.sum_beginning_cnt,p1_0.sum_beginning_amt,p1_0.sum_additions_cnt,p1_0.sum_additions_amt,p1_0.sum_deletions_cnt,p1_0.sum_deletions_amt,p1_0.sum_ending_cnt,p1_0.sum_ending_amt from p09_summary p1_0 where p1_0.sum_location_id='999' and p1_0.sum_clerk_id='9999'
1776280022224|3|statement|connection 0|url jdbc:p6spy:sqlserver://CFSFPTEST:1433;databaseName=CFSFP;encrypt=true;trustServerCertificate=true;|select p1_0.sum_location_id,sum(p1_0.sum_beginning_cnt),sum(p1_0.sum_beginning_amt),sum(p1_0.sum_additions_cnt),sum(p1_0.sum_additions_amt),sum(p1_0.sum_deletions_cnt),sum(p1_0.sum_deletions_amt),sum(p1_0.sum_ending_cnt),sum(p1_0.sum_ending_amt) from p09_summary p1_0 group by p1_0.sum_location_id|select p1_0.sum_location_id,sum(p1_0.sum_beginning_cnt),sum(p1_0.sum_beginning_amt),sum(p1_0.sum_additions_cnt),sum(p1_0.sum_additions_amt),sum(p1_0.sum_deletions_cnt),sum(p1_0.sum_deletions_amt),sum(p1_0.sum_ending_cnt),sum(p1_0.sum_ending_amt) from p09_summary p1_0 group by p1_0.sum_location_id
1776280022317|5|statement|connection 0|url jdbc:p6spy:sqlserver://CFSFPTEST:1433;databaseName=CFSFP;encrypt=true;trustServerCertificate=true;|update p09_summary set sum_processed_date=convert(date,getdate()),sum_beginning_cnt=sum_ending_cnt,sum_beginning_amt=sum_ending_amt,sum_additions_cnt=0,sum_additions_amt=0,sum_deletions_cnt=0,sum_deletions_amt=0|update p09_summary set sum_processed_date=convert(date,getdate()),sum_beginning_cnt=sum_ending_cnt,sum_beginning_amt=sum_ending_amt,sum_additions_cnt=0,sum_additions_amt=0,sum_deletions_cnt=0,sum_deletions_amt=0
1776280022375|5|commit|connection 0|url jdbc:p6spy:sqlserver://CFSFPTEST:1433;databaseName=CFSFP;encrypt=true;trustServerCertificate=true;||
1776280022394|4|commit|connection 0|url jdbc:p6spy:sqlserver://CFSFPTEST:1433;databaseName=CFSFP;encrypt=true;trustServerCertificate=true;||
1776280022415|4|commit|connection 0|url jdbc:p6spy:sqlserver://CFSFPTEST:1433;databaseName=CFSFP;encrypt=true;trustServerCertificate=true;||
1776280022429|4|commit|connection 0|url jdbc:p6spy:sqlserver://CFSFPTEST:1433;databaseName=CFSFP;encrypt=true;trustServerCertificate=true;||
1776280022451|4|commit|connection 0|url jdbc:p6spy:sqlserver://CFSFPTEST:1433;databaseName=CFSFP;encrypt=true;trustServerCertificate=true;||
1776281536225|1|commit|connection 0|url jdbc:p6spy:sqlserver://CFSFPTEST:1433;databaseName=CFSFP;encrypt=true;trustServerCertificate=true;||
1776281536266|3|statement|connection 0|url jdbc:p6spy:sqlserver://CFSFPTEST:1433;databaseName=CFSFP;encrypt=true;trustServerCertificate=true;|select next value for BATCH_JOB_SEQ|select next value for BATCH_JOB_SEQ
1776281536356|4|commit|connection 0|url jdbc:p6spy:sqlserver://CFSFPTEST:1433;databaseName=CFSFP;encrypt=true;trustServerCertificate=true;||
1776281536582|6|commit|connection 0|url jdbc:p6spy:sqlserver://CFSFPTEST:1433;databaseName=CFSFP;encrypt=true;trustServerCertificate=true;||
1776281536620|2|commit|connection 0|url jdbc:p6spy:sqlserver://CFSFPTEST:1433;databaseName=CFSFP;encrypt=true;trustServerCertificate=true;||
1776281536658|1|commit|connection 0|url jdbc:p6spy:sqlserver://CFSFPTEST:1433;databaseName=CFSFP;encrypt=true;trustServerCertificate=true;||
1776281536690|6|commit|connection 0|url jdbc:p6spy:sqlserver://CFSFPTEST:1433;databaseName=CFSFP;encrypt=true;trustServerCertificate=true;||
1776281536739|3|commit|connection 0|url jdbc:p6spy:sqlserver://CFSFPTEST:1433;databaseName=CFSFP;encrypt=true;trustServerCertificate=true;||
1776281536766|3|commit|connection 0|url jdbc:p6spy:sqlserver://CFSFPTEST:1433;databaseName=CFSFP;encrypt=true;trustServerCertificate=true;||
1776281537510|4|statement|connection 0|url jdbc:p6spy:sqlserver://CFSFPTEST:1433;databaseName=CFSFP;encrypt=true;trustServerCertificate=true;|select p1_0.cr_refund_type,p1_0.bt_batch_prefix,p1_0.bt_batch_date,p1_0.bt_batch_suffix,p1_0.bt_batch_cnt,p1_0.bt_batch_amt,p1_0.bt_control_date,p1_0.bt_received_date,p1_0.bt_deposit_date,p1_0.bt_entry_date,p1_0.bt_status_date,p1_0.bt_status from p09_batch p1_0 where p1_0.bt_posted_ind='T' and (((p1_0.cr_refund_type+p1_0.bt_batch_prefix)+p1_0.bt_batch_date)+p1_0.bt_batch_suffix)>? order by p1_0.cr_refund_type,p1_0.bt_batch_prefix,p1_0.bt_batch_date,p1_0.bt_batch_suffix|select p1_0.cr_refund_type,p1_0.bt_batch_prefix,p1_0.bt_batch_date,p1_0.bt_batch_suffix,p1_0.bt_batch_cnt,p1_0.bt_batch_amt,p1_0.bt_control_date,p1_0.bt_received_date,p1_0.bt_deposit_date,p1_0.bt_entry_date,p1_0.bt_status_date,p1_0.bt_status from p09_batch p1_0 where p1_0.bt_posted_ind='T' and (((p1_0.cr_refund_type+p1_0.bt_batch_prefix)+p1_0.bt_batch_date)+p1_0.bt_batch_suffix)>'              ' order by p1_0.cr_refund_type,p1_0.bt_batch_prefix,p1_0.bt_batch_date,p1_0.bt_batch_suffix
1776281537611|29|statement|connection 0|url jdbc:p6spy:sqlserver://CFSFPTEST:1433;databaseName=CFSFP;encrypt=true;trustServerCertificate=true;|select p1_0.cr_cntrl_date,p1_0.cr_cntrl_nbr,p1_0.cr_bank_acct_nbr,p1_0.cr_check_nbr,p1_0.cr_check_date,p1_0.cr_check_amt,p1_0.cr_cntrld_amt,p1_0.cr_receipt_type,p1_0.cr_remittor_name,p1_0.cr_remittor_type,p1_0.cr_claim_type,p1_0.cr_opl_ind,p1_0.cr_patient_lname,p1_0.cr_patient_fname,p1_0.cr_reason_code,p1_0.cr_eob_ra_ind,p1_0.cr_other_corr,p1_0.cr_provider_nbr,p1_0.cr_mbr_id_nbr,p1_0.cr_tax_id_nbr,p1_0.cr_vendor_nbr,p1_0.cr_otis_nbr,p1_0.cr_letter_date,p1_0.cr_accts_rec_date,p1_0.cr_accts_rec_nbr,p1_0.cr_corp,p1_0.cr_location_nbr,p1_0.cr_location_clerk,p1_0.cr_section_code,p1_0.cr_chk_address_1,p1_0.cr_chk_address_2,p1_0.cr_chk_city,p1_0.cr_chk_state,p1_0.cr_chk_zip_5,p1_0.cr_chk_zip_4,p1_0.cr_user_id,p1_0.cmt_comment_text,p1_0.cr_remittor_title,p1_0.national_id_nbr from p09_suspense p1_0 where p1_0.bt_batch_prefix=? and p1_0.bt_batch_date=? and p1_0.bt_batch_suffix=? and p1_0.cr_refund_type=? order by p1_0.cr_cntrl_date,p1_0.cr_cntrl_nbr|select p1_0.cr_cntrl_date,p1_0.cr_cntrl_nbr,p1_0.cr_bank_acct_nbr,p1_0.cr_check_nbr,p1_0.cr_check_date,p1_0.cr_check_amt,p1_0.cr_cntrld_amt,p1_0.cr_receipt_type,p1_0.cr_remittor_name,p1_0.cr_remittor_type,p1_0.cr_claim_type,p1_0.cr_opl_ind,p1_0.cr_patient_lname,p1_0.cr_patient_fname,p1_0.cr_reason_code,p1_0.cr_eob_ra_ind,p1_0.cr_other_corr,p1_0.cr_provider_nbr,p1_0.cr_mbr_id_nbr,p1_0.cr_tax_id_nbr,p1_0.cr_vendor_nbr,p1_0.cr_otis_nbr,p1_0.cr_letter_date,p1_0.cr_accts_rec_date,p1_0.cr_accts_rec_nbr,p1_0.cr_corp,p1_0.cr_location_nbr,p1_0.cr_location_clerk,p1_0.cr_section_code,p1_0.cr_chk_address_1,p1_0.cr_chk_address_2,p1_0.cr_chk_city,p1_0.cr_chk_state,p1_0.cr_chk_zip_5,p1_0.cr_chk_zip_4,p1_0.cr_user_id,p1_0.cmt_comment_text,p1_0.cr_remittor_title,p1_0.national_id_nbr from p09_suspense p1_0 where p1_0.bt_batch_prefix='BLB' and p1_0.bt_batch_date='041326' and p1_0.bt_batch_suffix='04' and p1_0.cr_refund_type='PER' order by p1_0.cr_cntrl_date,p1_0.cr_cntrl_nbr
1776281537734|31|statement|connection 0|url jdbc:p6spy:sqlserver://CFSFPTEST:1433;databaseName=CFSFP;encrypt=true;trustServerCertificate=true;|select p1_0.opt_record_type,p1_0.opt_seq_nbr,p1_0.opt_field_name,p1_0.opt_field_narr from p09_option p1_0 where p1_0.opt_record_type=? and p1_0.opt_field_narr like ? order by p1_0.opt_seq_nbr|select p1_0.opt_record_type,p1_0.opt_seq_nbr,p1_0.opt_field_name,p1_0.opt_field_narr from p09_option p1_0 where p1_0.opt_record_type=9 and p1_0.opt_field_narr like '1900001%' order by p1_0.opt_seq_nbr
1776281537946|89|statement|connection 0|url jdbc:p6spy:sqlserver://CFSFPTEST:1433;databaseName=CFSFP;encrypt=true;trustServerCertificate=true;|select p1_0.opt_record_type,p1_0.opt_seq_nbr,p1_0.opt_field_name,p1_0.opt_field_narr from p09_option p1_0 where p1_0.opt_record_type=? and p1_0.opt_field_narr like ? order by p1_0.opt_seq_nbr|select p1_0.opt_record_type,p1_0.opt_seq_nbr,p1_0.opt_field_name,p1_0.opt_field_narr from p09_option p1_0 where p1_0.opt_record_type=9 and p1_0.opt_field_narr like '1900001%' order by p1_0.opt_seq_nbr
1776281537960|5|statement|connection 0|url jdbc:p6spy:sqlserver://CFSFPTEST:1433;databaseName=CFSFP;encrypt=true;trustServerCertificate=true;|select p1_0.opt_record_type,p1_0.opt_seq_nbr,p1_0.opt_field_name,p1_0.opt_field_narr from p09_option p1_0 where p1_0.opt_record_type=? and p1_0.opt_field_narr like ? order by p1_0.opt_seq_nbr|select p1_0.opt_record_type,p1_0.opt_seq_nbr,p1_0.opt_field_name,p1_0.opt_field_narr from p09_option p1_0 where p1_0.opt_record_type=9 and p1_0.opt_field_narr like '2100001%' order by p1_0.opt_seq_nbr
1776281537972|5|statement|connection 0|url jdbc:p6spy:sqlserver://CFSFPTEST:1433;databaseName=CFSFP;encrypt=true;trustServerCertificate=true;|select p1_0.opt_record_type,p1_0.opt_seq_nbr,p1_0.opt_field_name,p1_0.opt_field_narr from p09_option p1_0 where p1_0.opt_record_type=? and p1_0.opt_field_narr like ? order by p1_0.opt_seq_nbr|select p1_0.opt_record_type,p1_0.opt_seq_nbr,p1_0.opt_field_name,p1_0.opt_field_narr from p09_option p1_0 where p1_0.opt_record_type=9 and p1_0.opt_field_narr like '1900001%' order by p1_0.opt_seq_nbr
1776281537980|3|statement|connection 0|url jdbc:p6spy:sqlserver://CFSFPTEST:1433;databaseName=CFSFP;encrypt=true;trustServerCertificate=true;|select p1_0.opt_record_type,p1_0.opt_seq_nbr,p1_0.opt_field_name,p1_0.opt_field_narr from p09_option p1_0 where p1_0.opt_record_type=? and p1_0.opt_field_narr like ? order by p1_0.opt_seq_nbr|select p1_0.opt_record_type,p1_0.opt_seq_nbr,p1_0.opt_field_name,p1_0.opt_field_narr from p09_option p1_0 where p1_0.opt_record_type=9 and p1_0.opt_field_narr like '1900001%' order by p1_0.opt_seq_nbr
1776281537988|2|statement|connection 0|url jdbc:p6spy:sqlserver://CFSFPTEST:1433;databaseName=CFSFP;encrypt=true;trustServerCertificate=true;|select p1_0.opt_record_type,p1_0.opt_seq_nbr,p1_0.opt_field_name,p1_0.opt_field_narr from p09_option p1_0 where p1_0.opt_record_type=? and p1_0.opt_field_narr like ? order by p1_0.opt_seq_nbr|select p1_0.opt_record_type,p1_0.opt_seq_nbr,p1_0.opt_field_name,p1_0.opt_field_narr from p09_option p1_0 where p1_0.opt_record_type=9 and p1_0.opt_field_narr like '2100001%' order by p1_0.opt_seq_nbr
1776281538001|2|statement|connection 0|url jdbc:p6spy:sqlserver://CFSFPTEST:1433;databaseName=CFSFP;encrypt=true;trustServerCertificate=true;|select p1_0.opt_record_type,p1_0.opt_seq_nbr,p1_0.opt_field_name,p1_0.opt_field_narr from p09_option p1_0 where p1_0.opt_record_type=? and p1_0.opt_field_narr like ? order by p1_0.opt_seq_nbr|select p1_0.opt_record_type,p1_0.opt_seq_nbr,p1_0.opt_field_name,p1_0.opt_field_narr from p09_option p1_0 where p1_0.opt_record_type=9 and p1_0.opt_field_narr like '1900001%' order by p1_0.opt_seq_nbr
1776281538013|1|statement|connection 0|url jdbc:p6spy:sqlserver://CFSFPTEST:1433;databaseName=CFSFP;encrypt=true;trustServerCertificate=true;|select p1_0.opt_record_type,p1_0.opt_seq_nbr,p1_0.opt_field_name,p1_0.opt_field_narr from p09_option p1_0 where p1_0.opt_record_type=? and p1_0.opt_field_narr like ? order by p1_0.opt_seq_nbr|select p1_0.opt_record_type,p1_0.opt_seq_nbr,p1_0.opt_field_name,p1_0.opt_field_narr from p09_option p1_0 where p1_0.opt_record_type=9 and p1_0.opt_field_narr like '       %' order by p1_0.opt_seq_nbr
1776281538081|3|statement|connection 0|url jdbc:p6spy:sqlserver://CFSFPTEST:1433;databaseName=CFSFP;encrypt=true;trustServerCertificate=true;|select p1_0.opt_record_type,p1_0.opt_seq_nbr,p1_0.opt_field_name,p1_0.opt_field_narr from p09_option p1_0 where p1_0.opt_record_type=? and p1_0.opt_field_narr like ? order by p1_0.opt_seq_nbr|select p1_0.opt_record_type,p1_0.opt_seq_nbr,p1_0.opt_field_name,p1_0.opt_field_narr from p09_option p1_0 where p1_0.opt_record_type=9 and p1_0.opt_field_narr like '2100001%' order by p1_0.opt_seq_nbr
1776281538087|1|statement|connection 0|url jdbc:p6spy:sqlserver://CFSFPTEST:1433;databaseName=CFSFP;encrypt=true;trustServerCertificate=true;|select p1_0.opt_record_type,p1_0.opt_seq_nbr,p1_0.opt_field_name,p1_0.opt_field_narr from p09_option p1_0 where p1_0.opt_record_type=? and p1_0.opt_field_narr like ? order by p1_0.opt_seq_nbr|select p1_0.opt_record_type,p1_0.opt_seq_nbr,p1_0.opt_field_name,p1_0.opt_field_narr from p09_option p1_0 where p1_0.opt_record_type=9 and p1_0.opt_field_narr like '2100001%' order by p1_0.opt_seq_nbr
1776281538134|19|statement|connection 0|url jdbc:p6spy:sqlserver://CFSFPTEST:1433;databaseName=CFSFP;encrypt=true;trustServerCertificate=true;|select p1_0.opt_record_type,p1_0.opt_seq_nbr,p1_0.opt_field_name,p1_0.opt_field_narr from p09_option p1_0 where p1_0.opt_record_type=? and p1_0.opt_field_narr like ? order by p1_0.opt_seq_nbr|select p1_0.opt_record_type,p1_0.opt_seq_nbr,p1_0.opt_field_name,p1_0.opt_field_narr from p09_option p1_0 where p1_0.opt_record_type=9 and p1_0.opt_field_narr like '2100001%' order by p1_0.opt_seq_nbr
1776281538215|76|statement|connection 0|url jdbc:p6spy:sqlserver://CFSFPTEST:1433;databaseName=CFSFP;encrypt=true;trustServerCertificate=true;|select p1_0.opt_record_type,p1_0.opt_seq_nbr,p1_0.opt_field_name,p1_0.opt_field_narr from p09_option p1_0 where p1_0.opt_record_type=? and p1_0.opt_field_narr like ? order by p1_0.opt_seq_nbr|select p1_0.opt_record_type,p1_0.opt_seq_nbr,p1_0.opt_field_name,p1_0.opt_field_narr from p09_option p1_0 where p1_0.opt_record_type=9 and p1_0.opt_field_narr like '2100001%' order by p1_0.opt_seq_nbr
1776281538270|49|statement|connection 0|url jdbc:p6spy:sqlserver://CFSFPTEST:1433;databaseName=CFSFP;encrypt=true;trustServerCertificate=true;|select p1_0.opt_record_type,p1_0.opt_seq_nbr,p1_0.opt_field_name,p1_0.opt_field_narr from p09_option p1_0 where p1_0.opt_record_type=? and p1_0.opt_field_narr like ? order by p1_0.opt_seq_nbr|select p1_0.opt_record_type,p1_0.opt_seq_nbr,p1_0.opt_field_name,p1_0.opt_field_narr from p09_option p1_0 where p1_0.opt_record_type=9 and p1_0.opt_field_narr like '2100001%' order by p1_0.opt_seq_nbr
1776281538323|3|statement|connection 0|url jdbc:p6spy:sqlserver://CFSFPTEST:1433;databaseName=CFSFP;encrypt=true;trustServerCertificate=true;|update p09_batch set bt_posted_ind=? where bt_batch_suffix=? and bt_batch_date=? and bt_batch_prefix=? and cr_refund_type=? and bt_posted_ind=?|update p09_batch set bt_posted_ind='P' where bt_batch_suffix='04' and bt_batch_date='041326' and bt_batch_prefix='BLB' and cr_refund_type='PER' and bt_posted_ind='T'
1776281538332|4|statement|connection 0|url jdbc:p6spy:sqlserver://CFSFPTEST:1433;databaseName=CFSFP;encrypt=true;trustServerCertificate=true;|select p1_0.cr_refund_type,p1_0.bt_batch_prefix,p1_0.bt_batch_date,p1_0.bt_batch_suffix,p1_0.bt_batch_cnt,p1_0.bt_batch_amt,p1_0.bt_control_date,p1_0.bt_received_date,p1_0.bt_deposit_date,p1_0.bt_entry_date,p1_0.bt_status_date,p1_0.bt_status from p09_batch p1_0 where p1_0.bt_posted_ind='T' and (((p1_0.cr_refund_type+p1_0.bt_batch_prefix)+p1_0.bt_batch_date)+p1_0.bt_batch_suffix)>? order by p1_0.cr_refund_type,p1_0.bt_batch_prefix,p1_0.bt_batch_date,p1_0.bt_batch_suffix|select p1_0.cr_refund_type,p1_0.bt_batch_prefix,p1_0.bt_batch_date,p1_0.bt_batch_suffix,p1_0.bt_batch_cnt,p1_0.bt_batch_amt,p1_0.bt_control_date,p1_0.bt_received_date,p1_0.bt_deposit_date,p1_0.bt_entry_date,p1_0.bt_status_date,p1_0.bt_status from p09_batch p1_0 where p1_0.bt_posted_ind='T' and (((p1_0.cr_refund_type+p1_0.bt_batch_prefix)+p1_0.bt_batch_date)+p1_0.bt_batch_suffix)>'PERBLB04132604' order by p1_0.cr_refund_type,p1_0.bt_batch_prefix,p1_0.bt_batch_date,p1_0.bt_batch_suffix
1776281538361|7|commit|connection 0|url jdbc:p6spy:sqlserver://CFSFPTEST:1433;databaseName=CFSFP;encrypt=true;trustServerCertificate=true;||
1776281538378|7|commit|connection 0|url jdbc:p6spy:sqlserver://CFSFPTEST:1433;databaseName=CFSFP;encrypt=true;trustServerCertificate=true;||
1776281538407|7|commit|connection 0|url jdbc:p6spy:sqlserver://CFSFPTEST:1433;databaseName=CFSFP;encrypt=true;trustServerCertificate=true;||
1776281538428|12|commit|connection 0|url jdbc:p6spy:sqlserver://CFSFPTEST:1433;databaseName=CFSFP;encrypt=true;trustServerCertificate=true;||
1776281538463|16|commit|connection 0|url jdbc:p6spy:sqlserver://CFSFPTEST:1433;databaseName=CFSFP;encrypt=true;trustServerCertificate=true;||
1776281998431|1|commit|connection 0|url jdbc:p6spy:sqlserver://CFSFPTEST:1433;databaseName=CFSFP;encrypt=true;trustServerCertificate=true;||
1776281998466|3|statement|connection 0|url jdbc:p6spy:sqlserver://CFSFPTEST:1433;databaseName=CFSFP;encrypt=true;trustServerCertificate=true;|select next value for BATCH_JOB_SEQ|select next value for BATCH_JOB_SEQ
1776281998553|4|commit|connection 0|url jdbc:p6spy:sqlserver://CFSFPTEST:1433;databaseName=CFSFP;encrypt=true;trustServerCertificate=true;||
1776281998668|4|commit|connection 0|url jdbc:p6spy:sqlserver://CFSFPTEST:1433;databaseName=CFSFP;encrypt=true;trustServerCertificate=true;||
1776281998694|0|commit|connection 0|url jdbc:p6spy:sqlserver://CFSFPTEST:1433;databaseName=CFSFP;encrypt=true;trustServerCertificate=true;||
1776281998704|0|commit|connection 0|url jdbc:p6spy:sqlserver://CFSFPTEST:1433;databaseName=CFSFP;encrypt=true;trustServerCertificate=true;||
1776281998725|7|commit|connection 0|url jdbc:p6spy:sqlserver://CFSFPTEST:1433;databaseName=CFSFP;encrypt=true;trustServerCertificate=true;||
1776281998751|3|commit|connection 0|url jdbc:p6spy:sqlserver://CFSFPTEST:1433;databaseName=CFSFP;encrypt=true;trustServerCertificate=true;||
1776281998782|8|commit|connection 0|url jdbc:p6spy:sqlserver://CFSFPTEST:1433;databaseName=CFSFP;encrypt=true;trustServerCertificate=true;||
1776281999243|4|statement|connection 0|url jdbc:p6spy:sqlserver://CFSFPTEST:1433;databaseName=CFSFP;encrypt=true;trustServerCertificate=true;|select p1_0.cr_refund_type,p1_0.bt_batch_prefix,p1_0.bt_batch_date,p1_0.bt_batch_suffix,p1_0.bt_batch_cnt,p1_0.bt_batch_amt,p1_0.bt_control_date,p1_0.bt_received_date,p1_0.bt_deposit_date,p1_0.bt_entry_date,p1_0.bt_status_date,p1_0.bt_status from p09_batch p1_0 where p1_0.bt_posted_ind='T' and (((p1_0.cr_refund_type+p1_0.bt_batch_prefix)+p1_0.bt_batch_date)+p1_0.bt_batch_suffix)>? order by p1_0.cr_refund_type,p1_0.bt_batch_prefix,p1_0.bt_batch_date,p1_0.bt_batch_suffix|select p1_0.cr_refund_type,p1_0.bt_batch_prefix,p1_0.bt_batch_date,p1_0.bt_batch_suffix,p1_0.bt_batch_cnt,p1_0.bt_batch_amt,p1_0.bt_control_date,p1_0.bt_received_date,p1_0.bt_deposit_date,p1_0.bt_entry_date,p1_0.bt_status_date,p1_0.bt_status from p09_batch p1_0 where p1_0.bt_posted_ind='T' and (((p1_0.cr_refund_type+p1_0.bt_batch_prefix)+p1_0.bt_batch_date)+p1_0.bt_batch_suffix)>'              ' order by p1_0.cr_refund_type,p1_0.bt_batch_prefix,p1_0.bt_batch_date,p1_0.bt_batch_suffix
1776281999283|9|commit|connection 0|url jdbc:p6spy:sqlserver://CFSFPTEST:1433;databaseName=CFSFP;encrypt=true;trustServerCertificate=true;||
1776281999297|6|commit|connection 0|url jdbc:p6spy:sqlserver://CFSFPTEST:1433;databaseName=CFSFP;encrypt=true;trustServerCertificate=true;||
1776281999314|9|commit|connection 0|url jdbc:p6spy:sqlserver://CFSFPTEST:1433;databaseName=CFSFP;encrypt=true;trustServerCertificate=true;||
1776281999329|8|commit|connection 0|url jdbc:p6spy:sqlserver://CFSFPTEST:1433;databaseName=CFSFP;encrypt=true;trustServerCertificate=true;||
1776281999340|3|commit|connection 0|url jdbc:p6spy:sqlserver://CFSFPTEST:1433;databaseName=CFSFP;encrypt=true;trustServerCertificate=true;||
1776733811159|1|commit|connection 0|url jdbc:p6spy:sqlserver://CFSFPTEST:1433;databaseName=CFSFP;encrypt=true;trustServerCertificate=true;||
1776733811177|3|statement|connection 0|url jdbc:p6spy:sqlserver://CFSFPTEST:1433;databaseName=CFSFP;encrypt=true;trustServerCertificate=true;|select next value for BATCH_JOB_SEQ|select next value for BATCH_JOB_SEQ
1776733811240|3|commit|connection 0|url jdbc:p6spy:sqlserver://CFSFPTEST:1433;databaseName=CFSFP;encrypt=true;trustServerCertificate=true;||
1776733811342|4|commit|connection 0|url jdbc:p6spy:sqlserver://CFSFPTEST:1433;databaseName=CFSFP;encrypt=true;trustServerCertificate=true;||
1776733811374|0|commit|connection 0|url jdbc:p6spy:sqlserver://CFSFPTEST:1433;databaseName=CFSFP;encrypt=true;trustServerCertificate=true;||
1776733811399|6|commit|connection 0|url jdbc:p6spy:sqlserver://CFSFPTEST:1433;databaseName=CFSFP;encrypt=true;trustServerCertificate=true;||
1776733811426|3|commit|connection 0|url jdbc:p6spy:sqlserver://CFSFPTEST:1433;databaseName=CFSFP;encrypt=true;trustServerCertificate=true;||
1776733811449|4|commit|connection 0|url jdbc:p6spy:sqlserver://CFSFPTEST:1433;databaseName=CFSFP;encrypt=true;trustServerCertificate=true;||
1776733811474|4|commit|connection 0|url jdbc:p6spy:sqlserver://CFSFPTEST:1433;databaseName=CFSFP;encrypt=true;trustServerCertificate=true;||
1776733811923|75|statement|connection 0|url jdbc:p6spy:sqlserver://CFSFPTEST:1433;databaseName=CFSFP;encrypt=true;trustServerCertificate=true;|select 1 from p09_activity p1_0|select 1 from p09_activity p1_0
1776733813689|1|rollback|connection 0|url jdbc:p6spy:sqlserver://CFSFPTEST:1433;databaseName=CFSFP;encrypt=true;trustServerCertificate=true;||
1776733813762|3|commit|connection 0|url jdbc:p6spy:sqlserver://CFSFPTEST:1433;databaseName=CFSFP;encrypt=true;trustServerCertificate=true;||
1776733813775|3|commit|connection 0|url jdbc:p6spy:sqlserver://CFSFPTEST:1433;databaseName=CFSFP;encrypt=true;trustServerCertificate=true;||
1776733813788|4|commit|connection 0|url jdbc:p6spy:sqlserver://CFSFPTEST:1433;databaseName=CFSFP;encrypt=true;trustServerCertificate=true;||
1776733813800|4|commit|connection 0|url jdbc:p6spy:sqlserver://CFSFPTEST:1433;databaseName=CFSFP;encrypt=true;trustServerCertificate=true;||
1776733957690|0|commit|connection 0|url jdbc:p6spy:sqlserver://CFSFPTEST:1433;databaseName=CFSFP;encrypt=true;trustServerCertificate=true;||
1776733957708|0|statement|connection 0|url jdbc:p6spy:sqlserver://CFSFPTEST:1433;databaseName=CFSFP;encrypt=true;trustServerCertificate=true;|select next value for BATCH_JOB_SEQ|select next value for BATCH_JOB_SEQ
1776733957753|4|commit|connection 0|url jdbc:p6spy:sqlserver://CFSFPTEST:1433;databaseName=CFSFP;encrypt=true;trustServerCertificate=true;||
1776733957868|4|commit|connection 0|url jdbc:p6spy:sqlserver://CFSFPTEST:1433;databaseName=CFSFP;encrypt=true;trustServerCertificate=true;||
1776733957880|0|commit|connection 0|url jdbc:p6spy:sqlserver://CFSFPTEST:1433;databaseName=CFSFP;encrypt=true;trustServerCertificate=true;||
1776733957888|0|commit|connection 0|url jdbc:p6spy:sqlserver://CFSFPTEST:1433;databaseName=CFSFP;encrypt=true;trustServerCertificate=true;||
1776733957898|3|commit|connection 0|url jdbc:p6spy:sqlserver://CFSFPTEST:1433;databaseName=CFSFP;encrypt=true;trustServerCertificate=true;||
1776733957919|9|commit|connection 0|url jdbc:p6spy:sqlserver://CFSFPTEST:1433;databaseName=CFSFP;encrypt=true;trustServerCertificate=true;||
1776733957940|6|commit|connection 0|url jdbc:p6spy:sqlserver://CFSFPTEST:1433;databaseName=CFSFP;encrypt=true;trustServerCertificate=true;||
1776733958301|2|statement|connection 0|url jdbc:p6spy:sqlserver://CFSFPTEST:1433;databaseName=CFSFP;encrypt=true;trustServerCertificate=true;|select 1 from p09_activity p1_0|select 1 from p09_activity p1_0
1776733960344|87|statement|connection 0|url jdbc:p6spy:sqlserver://CFSFPTEST:1433;databaseName=CFSFP;encrypt=true;trustServerCertificate=true;|select p1_0.cr_refund_type,p1_0.act_activity,count_big(*),sum(p1_0.act_activity_amt) from p09_activity p1_0 join p09_cash_receipt p2_0 on p1_0.cr_refund_type=p2_0.cr_refund_type and p1_0.cr_cntrl_date=p2_0.cr_cntrl_date and p1_0.cr_cntrl_nbr=p2_0.cr_cntrl_nbr where p2_0.cr_corp=? and p1_0.act_daily_ind='Y' and p1_0.act_activity in ('ACC','APP','REM','DEL','LOG','FRR','PRR') group by p1_0.cr_refund_type,p1_0.act_activity order by p1_0.act_activity,p1_0.cr_refund_type|select p1_0.cr_refund_type,p1_0.act_activity,count_big(*),sum(p1_0.act_activity_amt) from p09_activity p1_0 join p09_cash_receipt p2_0 on p1_0.cr_refund_type=p2_0.cr_refund_type and p1_0.cr_cntrl_date=p2_0.cr_cntrl_date and p1_0.cr_cntrl_nbr=p2_0.cr_cntrl_nbr where p2_0.cr_corp='01' and p1_0.act_daily_ind='Y' and p1_0.act_activity in ('ACC','APP','REM','DEL','LOG','FRR','PRR') group by p1_0.cr_refund_type,p1_0.act_activity order by p1_0.act_activity,p1_0.cr_refund_type
1776733960792|412|statement|connection 0|url jdbc:p6spy:sqlserver://CFSFPTEST:1433;databaseName=CFSFP;encrypt=true;trustServerCertificate=true;|select p1_0.cr_refund_type,p1_0.act_activity,count_big(*),sum(p1_0.act_activity_amt) from p09_activity p1_0 join p09_cash_receipt p2_0 on p1_0.cr_refund_type=p2_0.cr_refund_type where p2_0.cr_corp=? and p1_0.act_daily_ind='Y' and p1_0.act_activity in ('ACC','APP','REM','DEL','LOG','FRR','PRR') group by p1_0.cr_refund_type,p1_0.act_activity order by p1_0.act_activity,p1_0.cr_refund_type|select p1_0.cr_refund_type,p1_0.act_activity,count_big(*),sum(p1_0.act_activity_amt) from p09_activity p1_0 join p09_cash_receipt p2_0 on p1_0.cr_refund_type=p2_0.cr_refund_type where p2_0.cr_corp='01' and p1_0.act_daily_ind='Y' and p1_0.act_activity in ('ACC','APP','REM','DEL','LOG','FRR','PRR') group by p1_0.cr_refund_type,p1_0.act_activity order by p1_0.act_activity,p1_0.cr_refund_type
1776733961181|342|statement|connection 0|url jdbc:p6spy:sqlserver://CFSFPTEST:1433;databaseName=CFSFP;encrypt=true;trustServerCertificate=true;|select p1_0.cr_refund_type,trim(p1_0.act_activity),count_big(*),sum(p1_0.act_activity_amt) from p09_activity p1_0 join p09_cash_receipt p2_0 on p1_0.cr_refund_type=p2_0.cr_refund_type and p1_0.cr_cntrl_date=p2_0.cr_cntrl_date and p1_0.cr_cntrl_nbr=p2_0.cr_cntrl_nbr where p2_0.cr_corp=? and p1_0.act_daily_ind='Y' and trim(p1_0.act_activity) in ('FR','PR') group by p1_0.cr_refund_type,trim(p1_0.act_activity) order by trim(p1_0.act_activity),p1_0.cr_refund_type|select p1_0.cr_refund_type,trim(p1_0.act_activity),count_big(*),sum(p1_0.act_activity_amt) from p09_activity p1_0 join p09_cash_receipt p2_0 on p1_0.cr_refund_type=p2_0.cr_refund_type and p1_0.cr_cntrl_date=p2_0.cr_cntrl_date and p1_0.cr_cntrl_nbr=p2_0.cr_cntrl_nbr where p2_0.cr_corp='01' and p1_0.act_daily_ind='Y' and trim(p1_0.act_activity) in ('FR','PR') group by p1_0.cr_refund_type,trim(p1_0.act_activity) order by trim(p1_0.act_activity),p1_0.cr_refund_type
1776733961559|310|statement|connection 0|url jdbc:p6spy:sqlserver://CFSFPTEST:1433;databaseName=CFSFP;encrypt=true;trustServerCertificate=true;|update p09_activity set act_daily_ind=' ' where act_daily_ind='Y' and exists(select 1 from p09_cash_receipt p2_0 where p2_0.cr_corp=? and p2_0.cr_refund_type=p09_activity.cr_refund_type and p2_0.cr_cntrl_date=p09_activity.cr_cntrl_date and p2_0.cr_cntrl_nbr=p09_activity.cr_cntrl_nbr)|update p09_activity set act_daily_ind=' ' where act_daily_ind='Y' and exists(select 1 from p09_cash_receipt p2_0 where p2_0.cr_corp='01' and p2_0.cr_refund_type=p09_activity.cr_refund_type and p2_0.cr_cntrl_date=p09_activity.cr_cntrl_date and p2_0.cr_cntrl_nbr=p09_activity.cr_cntrl_nbr)
1776733961639|15|commit|connection 0|url jdbc:p6spy:sqlserver://CFSFPTEST:1433;databaseName=CFSFP;encrypt=true;trustServerCertificate=true;||
1776733961669|4|commit|connection 0|url jdbc:p6spy:sqlserver://CFSFPTEST:1433;databaseName=CFSFP;encrypt=true;trustServerCertificate=true;||
1776733961685|6|commit|connection 0|url jdbc:p6spy:sqlserver://CFSFPTEST:1433;databaseName=CFSFP;encrypt=true;trustServerCertificate=true;||
1776733961698|3|commit|connection 0|url jdbc:p6spy:sqlserver://CFSFPTEST:1433;databaseName=CFSFP;encrypt=true;trustServerCertificate=true;||
1776733961710|4|commit|connection 0|url jdbc:p6spy:sqlserver://CFSFPTEST:1433;databaseName=CFSFP;encrypt=true;trustServerCertificate=true;||
1776768682965|5|commit|connection 0|url jdbc:p6spy:sqlserver://CFSFPTEST:1433;databaseName=CFSFP;encrypt=true;trustServerCertificate=true;||
1776768683010|3|statement|connection 0|url jdbc:p6spy:sqlserver://CFSFPTEST:1433;databaseName=CFSFP;encrypt=true;trustServerCertificate=true;|select next value for BATCH_JOB_SEQ|select next value for BATCH_JOB_SEQ
1776768683116|4|commit|connection 0|url jdbc:p6spy:sqlserver://CFSFPTEST:1433;databaseName=CFSFP;encrypt=true;trustServerCertificate=true;||
1776768683460|4|commit|connection 0|url jdbc:p6spy:sqlserver://CFSFPTEST:1433;databaseName=CFSFP;encrypt=true;trustServerCertificate=true;||
1776768683489|0|commit|connection 0|url jdbc:p6spy:sqlserver://CFSFPTEST:1433;databaseName=CFSFP;encrypt=true;trustServerCertificate=true;||
1776768683499|0|commit|connection 0|url jdbc:p6spy:sqlserver://CFSFPTEST:1433;databaseName=CFSFP;encrypt=true;trustServerCertificate=true;||
1776768683519|4|commit|connection 0|url jdbc:p6spy:sqlserver://CFSFPTEST:1433;databaseName=CFSFP;encrypt=true;trustServerCertificate=true;||
1776768683552|3|commit|connection 0|url jdbc:p6spy:sqlserver://CFSFPTEST:1433;databaseName=CFSFP;encrypt=true;trustServerCertificate=true;||
1776768683569|4|commit|connection 0|url jdbc:p6spy:sqlserver://CFSFPTEST:1433;databaseName=CFSFP;encrypt=true;trustServerCertificate=true;||
1776768684263|76|statement|connection 0|url jdbc:p6spy:sqlserver://CFSFPTEST:1433;databaseName=CFSFP;encrypt=true;trustServerCertificate=true;|select 1 from p09_activity p1_0|select 1 from p09_activity p1_0
1776768686584|80|statement|connection 0|url jdbc:p6spy:sqlserver://CFSFPTEST:1433;databaseName=CFSFP;encrypt=true;trustServerCertificate=true;|select p1_0.cr_refund_type,p1_0.act_activity,count_big(*),sum(p1_0.act_activity_amt) from p09_activity p1_0 join p09_cash_receipt p2_0 on p1_0.cr_refund_type=p2_0.cr_refund_type and p1_0.cr_cntrl_date=p2_0.cr_cntrl_date and p1_0.cr_cntrl_nbr=p2_0.cr_cntrl_nbr where p2_0.cr_corp=? and p1_0.act_daily_ind='Y' and p1_0.act_activity in ('ACC','APP','REM','DEL','LOG','FRR','PRR') group by p1_0.cr_refund_type,p1_0.act_activity order by p1_0.act_activity,p1_0.cr_refund_type|select p1_0.cr_refund_type,p1_0.act_activity,count_big(*),sum(p1_0.act_activity_amt) from p09_activity p1_0 join p09_cash_receipt p2_0 on p1_0.cr_refund_type=p2_0.cr_refund_type and p1_0.cr_cntrl_date=p2_0.cr_cntrl_date and p1_0.cr_cntrl_nbr=p2_0.cr_cntrl_nbr where p2_0.cr_corp='01' and p1_0.act_daily_ind='Y' and p1_0.act_activity in ('ACC','APP','REM','DEL','LOG','FRR','PRR') group by p1_0.cr_refund_type,p1_0.act_activity order by p1_0.act_activity,p1_0.cr_refund_type
1776769112348|1|commit|connection 0|url jdbc:p6spy:sqlserver://CFSFPTEST:1433;databaseName=CFSFP;encrypt=true;trustServerCertificate=true;||
1776769112375|0|statement|connection 0|url jdbc:p6spy:sqlserver://CFSFPTEST:1433;databaseName=CFSFP;encrypt=true;trustServerCertificate=true;|select next value for BATCH_JOB_SEQ|select next value for BATCH_JOB_SEQ
1776769112461|4|commit|connection 0|url jdbc:p6spy:sqlserver://CFSFPTEST:1433;databaseName=CFSFP;encrypt=true;trustServerCertificate=true;||
1776769112749|15|commit|connection 0|url jdbc:p6spy:sqlserver://CFSFPTEST:1433;databaseName=CFSFP;encrypt=true;trustServerCertificate=true;||
1776769112784|0|commit|connection 0|url jdbc:p6spy:sqlserver://CFSFPTEST:1433;databaseName=CFSFP;encrypt=true;trustServerCertificate=true;||
1776769112808|0|commit|connection 0|url jdbc:p6spy:sqlserver://CFSFPTEST:1433;databaseName=CFSFP;encrypt=true;trustServerCertificate=true;||
1776769112829|8|commit|connection 0|url jdbc:p6spy:sqlserver://CFSFPTEST:1433;databaseName=CFSFP;encrypt=true;trustServerCertificate=true;||
1776769112867|4|commit|connection 0|url jdbc:p6spy:sqlserver://CFSFPTEST:1433;databaseName=CFSFP;encrypt=true;trustServerCertificate=true;||
1776769112898|4|commit|connection 0|url jdbc:p6spy:sqlserver://CFSFPTEST:1433;databaseName=CFSFP;encrypt=true;trustServerCertificate=true;||
1776769113449|2|statement|connection 0|url jdbc:p6spy:sqlserver://CFSFPTEST:1433;databaseName=CFSFP;encrypt=true;trustServerCertificate=true;|select 1 from p09_activity p1_0|select 1 from p09_activity p1_0
1776769115623|63|statement|connection 0|url jdbc:p6spy:sqlserver://CFSFPTEST:1433;databaseName=CFSFP;encrypt=true;trustServerCertificate=true;|select p1_0.cr_refund_type,p1_0.act_activity,count_big(*),sum(p1_0.act_activity_amt) from p09_activity p1_0 join p09_cash_receipt p2_0 on p1_0.cr_refund_type=p2_0.cr_refund_type and p1_0.cr_cntrl_date=p2_0.cr_cntrl_date and p1_0.cr_cntrl_nbr=p2_0.cr_cntrl_nbr where p2_0.cr_corp=? and p1_0.act_daily_ind='Y' and p1_0.act_activity in ('ACC','APP','REM','DEL','LOG','FRR','PRR') group by p1_0.cr_refund_type,p1_0.act_activity order by p1_0.act_activity,p1_0.cr_refund_type|select p1_0.cr_refund_type,p1_0.act_activity,count_big(*),sum(p1_0.act_activity_amt) from p09_activity p1_0 join p09_cash_receipt p2_0 on p1_0.cr_refund_type=p2_0.cr_refund_type and p1_0.cr_cntrl_date=p2_0.cr_cntrl_date and p1_0.cr_cntrl_nbr=p2_0.cr_cntrl_nbr where p2_0.cr_corp='01' and p1_0.act_daily_ind='Y' and p1_0.act_activity in ('ACC','APP','REM','DEL','LOG','FRR','PRR') group by p1_0.cr_refund_type,p1_0.act_activity order by p1_0.act_activity,p1_0.cr_refund_type
1776769222665|92|statement|connection 0|url jdbc:p6spy:sqlserver://CFSFPTEST:1433;databaseName=CFSFP;encrypt=true;trustServerCertificate=true;|select p1_0.cr_refund_type,p1_0.act_activity,count_big(*),sum(p1_0.act_activity_amt) from p09_activity p1_0 join p09_cash_receipt p2_0 on p1_0.cr_refund_type=p2_0.cr_refund_type where p2_0.cr_corp=? and p1_0.act_daily_ind='Y' and p1_0.act_activity in ('ACC','APP','REM','DEL','LOG','FRR','PRR') group by p1_0.cr_refund_type,p1_0.act_activity order by p1_0.act_activity,p1_0.cr_refund_type|select p1_0.cr_refund_type,p1_0.act_activity,count_big(*),sum(p1_0.act_activity_amt) from p09_activity p1_0 join p09_cash_receipt p2_0 on p1_0.cr_refund_type=p2_0.cr_refund_type where p2_0.cr_corp='01' and p1_0.act_daily_ind='Y' and p1_0.act_activity in ('ACC','APP','REM','DEL','LOG','FRR','PRR') group by p1_0.cr_refund_type,p1_0.act_activity order by p1_0.act_activity,p1_0.cr_refund_type
1776769223052|347|statement|connection 0|url jdbc:p6spy:sqlserver://CFSFPTEST:1433;databaseName=CFSFP;encrypt=true;trustServerCertificate=true;|select p1_0.cr_refund_type,trim(p1_0.act_activity),count_big(*),sum(p1_0.act_activity_amt) from p09_activity p1_0 join p09_cash_receipt p2_0 on p1_0.cr_refund_type=p2_0.cr_refund_type and p1_0.cr_cntrl_date=p2_0.cr_cntrl_date and p1_0.cr_cntrl_nbr=p2_0.cr_cntrl_nbr where p2_0.cr_corp=? and p1_0.act_daily_ind='Y' and trim(p1_0.act_activity) in ('FR','PR') group by p1_0.cr_refund_type,trim(p1_0.act_activity) order by trim(p1_0.act_activity),p1_0.cr_refund_type|select p1_0.cr_refund_type,trim(p1_0.act_activity),count_big(*),sum(p1_0.act_activity_amt) from p09_activity p1_0 join p09_cash_receipt p2_0 on p1_0.cr_refund_type=p2_0.cr_refund_type and p1_0.cr_cntrl_date=p2_0.cr_cntrl_date and p1_0.cr_cntrl_nbr=p2_0.cr_cntrl_nbr where p2_0.cr_corp='01' and p1_0.act_daily_ind='Y' and trim(p1_0.act_activity) in ('FR','PR') group by p1_0.cr_refund_type,trim(p1_0.act_activity) order by trim(p1_0.act_activity),p1_0.cr_refund_type
1776769223420|308|statement|connection 0|url jdbc:p6spy:sqlserver://CFSFPTEST:1433;databaseName=CFSFP;encrypt=true;trustServerCertificate=true;|update p09_activity set act_daily_ind=' ' where act_daily_ind='Y' and exists(select 1 from p09_cash_receipt p2_0 where p2_0.cr_corp=? and p2_0.cr_refund_type=p09_activity.cr_refund_type and p2_0.cr_cntrl_date=p09_activity.cr_cntrl_date and p2_0.cr_cntrl_nbr=p09_activity.cr_cntrl_nbr)|update p09_activity set act_daily_ind=' ' where act_daily_ind='Y' and exists(select 1 from p09_cash_receipt p2_0 where p2_0.cr_corp='01' and p2_0.cr_refund_type=p09_activity.cr_refund_type and p2_0.cr_cntrl_date=p09_activity.cr_cntrl_date and p2_0.cr_cntrl_nbr=p09_activity.cr_cntrl_nbr)
1776769223439|4|commit|connection 0|url jdbc:p6spy:sqlserver://CFSFPTEST:1433;databaseName=CFSFP;encrypt=true;trustServerCertificate=true;||
1776769223452|4|commit|connection 0|url jdbc:p6spy:sqlserver://CFSFPTEST:1433;databaseName=CFSFP;encrypt=true;trustServerCertificate=true;||
1776769223466|4|commit|connection 0|url jdbc:p6spy:sqlserver://CFSFPTEST:1433;databaseName=CFSFP;encrypt=true;trustServerCertificate=true;||
1776769223477|4|commit|connection 0|url jdbc:p6spy:sqlserver://CFSFPTEST:1433;databaseName=CFSFP;encrypt=true;trustServerCertificate=true;||
1776769223489|3|commit|connection 0|url jdbc:p6spy:sqlserver://CFSFPTEST:1433;databaseName=CFSFP;encrypt=true;trustServerCertificate=true;||
1776769357526|3|commit|connection 0|url jdbc:p6spy:sqlserver://CFSFPTEST:1433;databaseName=CFSFP;encrypt=true;trustServerCertificate=true;||
1776769357605|1|statement|connection 0|url jdbc:p6spy:sqlserver://CFSFPTEST:1433;databaseName=CFSFP;encrypt=true;trustServerCertificate=true;|select next value for BATCH_JOB_SEQ|select next value for BATCH_JOB_SEQ
1776769357714|4|commit|connection 0|url jdbc:p6spy:sqlserver://CFSFPTEST:1433;databaseName=CFSFP;encrypt=true;trustServerCertificate=true;||
1776769357922|8|commit|connection 0|url jdbc:p6spy:sqlserver://CFSFPTEST:1433;databaseName=CFSFP;encrypt=true;trustServerCertificate=true;||
1776769357950|2|commit|connection 0|url jdbc:p6spy:sqlserver://CFSFPTEST:1433;databaseName=CFSFP;encrypt=true;trustServerCertificate=true;||
1776769357960|1|commit|connection 0|url jdbc:p6spy:sqlserver://CFSFPTEST:1433;databaseName=CFSFP;encrypt=true;trustServerCertificate=true;||
1776769357972|4|commit|connection 0|url jdbc:p6spy:sqlserver://CFSFPTEST:1433;databaseName=CFSFP;encrypt=true;trustServerCertificate=true;||
1776769358015|3|commit|connection 0|url jdbc:p6spy:sqlserver://CFSFPTEST:1433;databaseName=CFSFP;encrypt=true;trustServerCertificate=true;||
1776769358035|3|commit|connection 0|url jdbc:p6spy:sqlserver://CFSFPTEST:1433;databaseName=CFSFP;encrypt=true;trustServerCertificate=true;||
1776769358688|2|statement|connection 0|url jdbc:p6spy:sqlserver://CFSFPTEST:1433;databaseName=CFSFP;encrypt=true;trustServerCertificate=true;|select 1 from p09_activity p1_0|select 1 from p09_activity p1_0
1776769360821|67|statement|connection 0|url jdbc:p6spy:sqlserver://CFSFPTEST:1433;databaseName=CFSFP;encrypt=true;trustServerCertificate=true;|select p1_0.cr_refund_type,p1_0.act_activity,count_big(*),sum(p1_0.act_activity_amt) from p09_activity p1_0 join p09_cash_receipt p2_0 on p1_0.cr_refund_type=p2_0.cr_refund_type and p1_0.cr_cntrl_date=p2_0.cr_cntrl_date and p1_0.cr_cntrl_nbr=p2_0.cr_cntrl_nbr where p2_0.cr_corp=? and p1_0.act_daily_ind='Y' and p1_0.act_activity in ('ACC','APP','REM','DEL','LOG','FRR','PRR') group by p1_0.cr_refund_type,p1_0.act_activity order by p1_0.act_activity,p1_0.cr_refund_type|select p1_0.cr_refund_type,p1_0.act_activity,count_big(*),sum(p1_0.act_activity_amt) from p09_activity p1_0 join p09_cash_receipt p2_0 on p1_0.cr_refund_type=p2_0.cr_refund_type and p1_0.cr_cntrl_date=p2_0.cr_cntrl_date and p1_0.cr_cntrl_nbr=p2_0.cr_cntrl_nbr where p2_0.cr_corp='01' and p1_0.act_daily_ind='Y' and p1_0.act_activity in ('ACC','APP','REM','DEL','LOG','FRR','PRR') group by p1_0.cr_refund_type,p1_0.act_activity order by p1_0.act_activity,p1_0.cr_refund_type
1776769360915|79|statement|connection 0|url jdbc:p6spy:sqlserver://CFSFPTEST:1433;databaseName=CFSFP;encrypt=true;trustServerCertificate=true;|select p1_0.cr_refund_type,p1_0.act_activity,count_big(*),sum(p1_0.act_activity_amt) from p09_activity p1_0 join p09_cash_receipt p2_0 on p1_0.cr_refund_type=p2_0.cr_refund_type where p2_0.cr_corp=? and p1_0.act_daily_ind='Y' and p1_0.act_activity in ('ACC','APP','REM','DEL','LOG','FRR','PRR') group by p1_0.cr_refund_type,p1_0.act_activity order by p1_0.act_activity,p1_0.cr_refund_type|select p1_0.cr_refund_type,p1_0.act_activity,count_big(*),sum(p1_0.act_activity_amt) from p09_activity p1_0 join p09_cash_receipt p2_0 on p1_0.cr_refund_type=p2_0.cr_refund_type where p2_0.cr_corp='01' and p1_0.act_daily_ind='Y' and p1_0.act_activity in ('ACC','APP','REM','DEL','LOG','FRR','PRR') group by p1_0.cr_refund_type,p1_0.act_activity order by p1_0.act_activity,p1_0.cr_refund_type
1776769361283|341|statement|connection 0|url jdbc:p6spy:sqlserver://CFSFPTEST:1433;databaseName=CFSFP;encrypt=true;trustServerCertificate=true;|select p1_0.cr_refund_type,trim(p1_0.act_activity),count_big(*),sum(p1_0.act_activity_amt) from p09_activity p1_0 join p09_cash_receipt p2_0 on p1_0.cr_refund_type=p2_0.cr_refund_type and p1_0.cr_cntrl_date=p2_0.cr_cntrl_date and p1_0.cr_cntrl_nbr=p2_0.cr_cntrl_nbr where p2_0.cr_corp=? and p1_0.act_daily_ind='Y' and trim(p1_0.act_activity) in ('FR','PR') group by p1_0.cr_refund_type,trim(p1_0.act_activity) order by trim(p1_0.act_activity),p1_0.cr_refund_type|select p1_0.cr_refund_type,trim(p1_0.act_activity),count_big(*),sum(p1_0.act_activity_amt) from p09_activity p1_0 join p09_cash_receipt p2_0 on p1_0.cr_refund_type=p2_0.cr_refund_type and p1_0.cr_cntrl_date=p2_0.cr_cntrl_date and p1_0.cr_cntrl_nbr=p2_0.cr_cntrl_nbr where p2_0.cr_corp='01' and p1_0.act_daily_ind='Y' and trim(p1_0.act_activity) in ('FR','PR') group by p1_0.cr_refund_type,trim(p1_0.act_activity) order by trim(p1_0.act_activity),p1_0.cr_refund_type
1776769361664|306|statement|connection 0|url jdbc:p6spy:sqlserver://CFSFPTEST:1433;databaseName=CFSFP;encrypt=true;trustServerCertificate=true;|update p09_activity set act_daily_ind=' ' where act_daily_ind='Y' and exists(select 1 from p09_cash_receipt p2_0 where p2_0.cr_corp=? and p2_0.cr_refund_type=p09_activity.cr_refund_type and p2_0.cr_cntrl_date=p09_activity.cr_cntrl_date and p2_0.cr_cntrl_nbr=p09_activity.cr_cntrl_nbr)|update p09_activity set act_daily_ind=' ' where act_daily_ind='Y' and exists(select 1 from p09_cash_receipt p2_0 where p2_0.cr_corp='01' and p2_0.cr_refund_type=p09_activity.cr_refund_type and p2_0.cr_cntrl_date=p09_activity.cr_cntrl_date and p2_0.cr_cntrl_nbr=p09_activity.cr_cntrl_nbr)
1776769361693|4|commit|connection 0|url jdbc:p6spy:sqlserver://CFSFPTEST:1433;databaseName=CFSFP;encrypt=true;trustServerCertificate=true;||
1776769361714|4|commit|connection 0|url jdbc:p6spy:sqlserver://CFSFPTEST:1433;databaseName=CFSFP;encrypt=true;trustServerCertificate=true;||
1776769361729|5|commit|connection 0|url jdbc:p6spy:sqlserver://CFSFPTEST:1433;databaseName=CFSFP;encrypt=true;trustServerCertificate=true;||
1776769361750|4|commit|connection 0|url jdbc:p6spy:sqlserver://CFSFPTEST:1433;databaseName=CFSFP;encrypt=true;trustServerCertificate=true;||
1776769361765|4|commit|connection 0|url jdbc:p6spy:sqlserver://CFSFPTEST:1433;databaseName=CFSFP;encrypt=true;trustServerCertificate=true;||
1776777366991|2|commit|connection 0|url jdbc:p6spy:sqlserver://CFSFPTEST:1433;databaseName=CFSFP;encrypt=true;trustServerCertificate=true;||
1776777367120|10|statement|connection 0|url jdbc:p6spy:sqlserver://CFSFPTEST:1433;databaseName=CFSFP;encrypt=true;trustServerCertificate=true;|select next value for BATCH_JOB_SEQ|select next value for BATCH_JOB_SEQ
1776777367237|5|commit|connection 0|url jdbc:p6spy:sqlserver://CFSFPTEST:1433;databaseName=CFSFP;encrypt=true;trustServerCertificate=true;||
1776777367488|4|commit|connection 0|url jdbc:p6spy:sqlserver://CFSFPTEST:1433;databaseName=CFSFP;encrypt=true;trustServerCertificate=true;||
1776777367510|1|commit|connection 0|url jdbc:p6spy:sqlserver://CFSFPTEST:1433;databaseName=CFSFP;encrypt=true;trustServerCertificate=true;||
1776777367539|3|commit|connection 0|url jdbc:p6spy:sqlserver://CFSFPTEST:1433;databaseName=CFSFP;encrypt=true;trustServerCertificate=true;||
1776777367569|4|commit|connection 0|url jdbc:p6spy:sqlserver://CFSFPTEST:1433;databaseName=CFSFP;encrypt=true;trustServerCertificate=true;||
1776777367620|5|commit|connection 0|url jdbc:p6spy:sqlserver://CFSFPTEST:1433;databaseName=CFSFP;encrypt=true;trustServerCertificate=true;||
1776777367663|4|commit|connection 0|url jdbc:p6spy:sqlserver://CFSFPTEST:1433;databaseName=CFSFP;encrypt=true;trustServerCertificate=true;||
1776777368537|2|statement|connection 0|url jdbc:p6spy:sqlserver://CFSFPTEST:1433;databaseName=CFSFP;encrypt=true;trustServerCertificate=true;|select 1 from p09_activity p1_0|select 1 from p09_activity p1_0
1776777371210|65|statement|connection 0|url jdbc:p6spy:sqlserver://CFSFPTEST:1433;databaseName=CFSFP;encrypt=true;trustServerCertificate=true;|select p1_0.cr_refund_type,p1_0.act_activity,count_big(*),sum(p1_0.act_activity_amt) from p09_activity p1_0 join p09_cash_receipt p2_0 on p1_0.cr_refund_type=p2_0.cr_refund_type and p1_0.cr_cntrl_date=p2_0.cr_cntrl_date and p1_0.cr_cntrl_nbr=p2_0.cr_cntrl_nbr where p2_0.cr_corp=? and p1_0.act_daily_ind='Y' and p1_0.act_activity in ('ACC','APP','REM','DEL','LOG','FRR','PRR') group by p1_0.cr_refund_type,p1_0.act_activity order by p1_0.act_activity,p1_0.cr_refund_type|select p1_0.cr_refund_type,p1_0.act_activity,count_big(*),sum(p1_0.act_activity_amt) from p09_activity p1_0 join p09_cash_receipt p2_0 on p1_0.cr_refund_type=p2_0.cr_refund_type and p1_0.cr_cntrl_date=p2_0.cr_cntrl_date and p1_0.cr_cntrl_nbr=p2_0.cr_cntrl_nbr where p2_0.cr_corp='03' and p1_0.act_daily_ind='Y' and p1_0.act_activity in ('ACC','APP','REM','DEL','LOG','FRR','PRR') group by p1_0.cr_refund_type,p1_0.act_activity order by p1_0.act_activity,p1_0.cr_refund_type
1776777413763|71|statement|connection 0|url jdbc:p6spy:sqlserver://CFSFPTEST:1433;databaseName=CFSFP;encrypt=true;trustServerCertificate=true;|select p1_0.cr_refund_type,p1_0.act_activity,count_big(*),sum(p1_0.act_activity_amt) from p09_activity p1_0 join p09_cash_receipt p2_0 on p1_0.cr_refund_type=p2_0.cr_refund_type where p2_0.cr_corp=? and p1_0.act_daily_ind='Y' and p1_0.act_activity in ('ACC','APP','REM','DEL','LOG','FRR','PRR') group by p1_0.cr_refund_type,p1_0.act_activity order by p1_0.act_activity,p1_0.cr_refund_type|select p1_0.cr_refund_type,p1_0.act_activity,count_big(*),sum(p1_0.act_activity_amt) from p09_activity p1_0 join p09_cash_receipt p2_0 on p1_0.cr_refund_type=p2_0.cr_refund_type where p2_0.cr_corp='03' and p1_0.act_daily_ind='Y' and p1_0.act_activity in ('ACC','APP','REM','DEL','LOG','FRR','PRR') group by p1_0.cr_refund_type,p1_0.act_activity order by p1_0.act_activity,p1_0.cr_refund_type
1776777414290|344|statement|connection 0|url jdbc:p6spy:sqlserver://CFSFPTEST:1433;databaseName=CFSFP;encrypt=true;trustServerCertificate=true;|select p1_0.cr_refund_type,trim(p1_0.act_activity),count_big(*),sum(p1_0.act_activity_amt) from p09_activity p1_0 join p09_cash_receipt p2_0 on p1_0.cr_refund_type=p2_0.cr_refund_type and p1_0.cr_cntrl_date=p2_0.cr_cntrl_date and p1_0.cr_cntrl_nbr=p2_0.cr_cntrl_nbr where p2_0.cr_corp=? and p1_0.act_daily_ind='Y' and trim(p1_0.act_activity) in ('FR','PR') group by p1_0.cr_refund_type,trim(p1_0.act_activity) order by trim(p1_0.act_activity),p1_0.cr_refund_type|select p1_0.cr_refund_type,trim(p1_0.act_activity),count_big(*),sum(p1_0.act_activity_amt) from p09_activity p1_0 join p09_cash_receipt p2_0 on p1_0.cr_refund_type=p2_0.cr_refund_type and p1_0.cr_cntrl_date=p2_0.cr_cntrl_date and p1_0.cr_cntrl_nbr=p2_0.cr_cntrl_nbr where p2_0.cr_corp='03' and p1_0.act_daily_ind='Y' and trim(p1_0.act_activity) in ('FR','PR') group by p1_0.cr_refund_type,trim(p1_0.act_activity) order by trim(p1_0.act_activity),p1_0.cr_refund_type
1776777414888|304|statement|connection 0|url jdbc:p6spy:sqlserver://CFSFPTEST:1433;databaseName=CFSFP;encrypt=true;trustServerCertificate=true;|update p09_activity set act_daily_ind=' ' where act_daily_ind='Y' and exists(select 1 from p09_cash_receipt p2_0 where p2_0.cr_corp=? and p2_0.cr_refund_type=p09_activity.cr_refund_type and p2_0.cr_cntrl_date=p09_activity.cr_cntrl_date and p2_0.cr_cntrl_nbr=p09_activity.cr_cntrl_nbr)|update p09_activity set act_daily_ind=' ' where act_daily_ind='Y' and exists(select 1 from p09_cash_receipt p2_0 where p2_0.cr_corp='03' and p2_0.cr_refund_type=p09_activity.cr_refund_type and p2_0.cr_cntrl_date=p09_activity.cr_cntrl_date and p2_0.cr_cntrl_nbr=p09_activity.cr_cntrl_nbr)
1776777414943|9|commit|connection 0|url jdbc:p6spy:sqlserver://CFSFPTEST:1433;databaseName=CFSFP;encrypt=true;trustServerCertificate=true;||
1776777414970|5|commit|connection 0|url jdbc:p6spy:sqlserver://CFSFPTEST:1433;databaseName=CFSFP;encrypt=true;trustServerCertificate=true;||
1776777414986|3|commit|connection 0|url jdbc:p6spy:sqlserver://CFSFPTEST:1433;databaseName=CFSFP;encrypt=true;trustServerCertificate=true;||
1776777415005|4|commit|connection 0|url jdbc:p6spy:sqlserver://CFSFPTEST:1433;databaseName=CFSFP;encrypt=true;trustServerCertificate=true;||
1776777415042|4|commit|connection 0|url jdbc:p6spy:sqlserver://CFSFPTEST:1433;databaseName=CFSFP;encrypt=true;trustServerCertificate=true;||
1776777613517|6|commit|connection 0|url jdbc:p6spy:sqlserver://CFSFPTEST:1433;databaseName=CFSFP;encrypt=true;trustServerCertificate=true;||
1776777613554|3|statement|connection 0|url jdbc:p6spy:sqlserver://CFSFPTEST:1433;databaseName=CFSFP;encrypt=true;trustServerCertificate=true;|select next value for BATCH_JOB_SEQ|select next value for BATCH_JOB_SEQ
1776777613775|12|commit|connection 0|url jdbc:p6spy:sqlserver://CFSFPTEST:1433;databaseName=CFSFP;encrypt=true;trustServerCertificate=true;||
1776777614099|4|commit|connection 0|url jdbc:p6spy:sqlserver://CFSFPTEST:1433;databaseName=CFSFP;encrypt=true;trustServerCertificate=true;||
1776777614119|5|commit|connection 0|url jdbc:p6spy:sqlserver://CFSFPTEST:1433;databaseName=CFSFP;encrypt=true;trustServerCertificate=true;||
1776777614165|8|commit|connection 0|url jdbc:p6spy:sqlserver://CFSFPTEST:1433;databaseName=CFSFP;encrypt=true;trustServerCertificate=true;||
1776777614196|12|commit|connection 0|url jdbc:p6spy:sqlserver://CFSFPTEST:1433;databaseName=CFSFP;encrypt=true;trustServerCertificate=true;||
1776777614258|15|commit|connection 0|url jdbc:p6spy:sqlserver://CFSFPTEST:1433;databaseName=CFSFP;encrypt=true;trustServerCertificate=true;||
1776777614303|4|commit|connection 0|url jdbc:p6spy:sqlserver://CFSFPTEST:1433;databaseName=CFSFP;encrypt=true;trustServerCertificate=true;||
1776777615028|19|statement|connection 0|url jdbc:p6spy:sqlserver://CFSFPTEST:1433;databaseName=CFSFP;encrypt=true;trustServerCertificate=true;|select 1 from p09_activity p1_0|select 1 from p09_activity p1_0
1776777617601|62|statement|connection 0|url jdbc:p6spy:sqlserver://CFSFPTEST:1433;databaseName=CFSFP;encrypt=true;trustServerCertificate=true;|select p1_0.cr_refund_type,p1_0.act_activity,count_big(*),sum(p1_0.act_activity_amt) from p09_activity p1_0 join p09_cash_receipt p2_0 on p1_0.cr_refund_type=p2_0.cr_refund_type and p1_0.cr_cntrl_date=p2_0.cr_cntrl_date and p1_0.cr_cntrl_nbr=p2_0.cr_cntrl_nbr where p2_0.cr_corp=? and p1_0.act_daily_ind='Y' and p1_0.act_activity in ('ACC','APP','REM','DEL','LOG','FRR','PRR') group by p1_0.cr_refund_type,p1_0.act_activity order by p1_0.act_activity,p1_0.cr_refund_type|select p1_0.cr_refund_type,p1_0.act_activity,count_big(*),sum(p1_0.act_activity_amt) from p09_activity p1_0 join p09_cash_receipt p2_0 on p1_0.cr_refund_type=p2_0.cr_refund_type and p1_0.cr_cntrl_date=p2_0.cr_cntrl_date and p1_0.cr_cntrl_nbr=p2_0.cr_cntrl_nbr where p2_0.cr_corp='03' and p1_0.act_daily_ind='Y' and p1_0.act_activity in ('ACC','APP','REM','DEL','LOG','FRR','PRR') group by p1_0.cr_refund_type,p1_0.act_activity order by p1_0.act_activity,p1_0.cr_refund_type
1776777643525|266|statement|connection 0|url jdbc:p6spy:sqlserver://CFSFPTEST:1433;databaseName=CFSFP;encrypt=true;trustServerCertificate=true;|select p1_0.cr_refund_type,p1_0.act_activity,count_big(*),sum(p1_0.act_activity_amt) from p09_activity p1_0 join p09_cash_receipt p2_0 on p1_0.cr_refund_type=p2_0.cr_refund_type where p2_0.cr_corp=? and p1_0.act_activity in ('ACC','APP','REM','DEL','LOG','FRR','PRR') group by p1_0.cr_refund_type,p1_0.act_activity order by p1_0.act_activity,p1_0.cr_refund_type|select p1_0.cr_refund_type,p1_0.act_activity,count_big(*),sum(p1_0.act_activity_amt) from p09_activity p1_0 join p09_cash_receipt p2_0 on p1_0.cr_refund_type=p2_0.cr_refund_type where p2_0.cr_corp='03' and p1_0.act_activity in ('ACC','APP','REM','DEL','LOG','FRR','PRR') group by p1_0.cr_refund_type,p1_0.act_activity order by p1_0.act_activity,p1_0.cr_refund_type
1776777644027|355|statement|connection 0|url jdbc:p6spy:sqlserver://CFSFPTEST:1433;databaseName=CFSFP;encrypt=true;trustServerCertificate=true;|select p1_0.cr_refund_type,trim(p1_0.act_activity),count_big(*),sum(p1_0.act_activity_amt) from p09_activity p1_0 join p09_cash_receipt p2_0 on p1_0.cr_refund_type=p2_0.cr_refund_type and p1_0.cr_cntrl_date=p2_0.cr_cntrl_date and p1_0.cr_cntrl_nbr=p2_0.cr_cntrl_nbr where p2_0.cr_corp=? and p1_0.act_daily_ind='Y' and trim(p1_0.act_activity) in ('FR','PR') group by p1_0.cr_refund_type,trim(p1_0.act_activity) order by trim(p1_0.act_activity),p1_0.cr_refund_type|select p1_0.cr_refund_type,trim(p1_0.act_activity),count_big(*),sum(p1_0.act_activity_amt) from p09_activity p1_0 join p09_cash_receipt p2_0 on p1_0.cr_refund_type=p2_0.cr_refund_type and p1_0.cr_cntrl_date=p2_0.cr_cntrl_date and p1_0.cr_cntrl_nbr=p2_0.cr_cntrl_nbr where p2_0.cr_corp='03' and p1_0.act_daily_ind='Y' and trim(p1_0.act_activity) in ('FR','PR') group by p1_0.cr_refund_type,trim(p1_0.act_activity) order by trim(p1_0.act_activity),p1_0.cr_refund_type
1776777644443|300|statement|connection 0|url jdbc:p6spy:sqlserver://CFSFPTEST:1433;databaseName=CFSFP;encrypt=true;trustServerCertificate=true;|update p09_activity set act_daily_ind=' ' where act_daily_ind='Y' and exists(select 1 from p09_cash_receipt p2_0 where p2_0.cr_corp=? and p2_0.cr_refund_type=p09_activity.cr_refund_type and p2_0.cr_cntrl_date=p09_activity.cr_cntrl_date and p2_0.cr_cntrl_nbr=p09_activity.cr_cntrl_nbr)|update p09_activity set act_daily_ind=' ' where act_daily_ind='Y' and exists(select 1 from p09_cash_receipt p2_0 where p2_0.cr_corp='03' and p2_0.cr_refund_type=p09_activity.cr_refund_type and p2_0.cr_cntrl_date=p09_activity.cr_cntrl_date and p2_0.cr_cntrl_nbr=p09_activity.cr_cntrl_nbr)
1776777644476|11|commit|connection 0|url jdbc:p6spy:sqlserver://CFSFPTEST:1433;databaseName=CFSFP;encrypt=true;trustServerCertificate=true;||
1776777644507|4|commit|connection 0|url jdbc:p6spy:sqlserver://CFSFPTEST:1433;databaseName=CFSFP;encrypt=true;trustServerCertificate=true;||
1776777644524|3|commit|connection 0|url jdbc:p6spy:sqlserver://CFSFPTEST:1433;databaseName=CFSFP;encrypt=true;trustServerCertificate=true;||
1776777644548|4|commit|connection 0|url jdbc:p6spy:sqlserver://CFSFPTEST:1433;databaseName=CFSFP;encrypt=true;trustServerCertificate=true;||
1776777644573|4|commit|connection 0|url jdbc:p6spy:sqlserver://CFSFPTEST:1433;databaseName=CFSFP;encrypt=true;trustServerCertificate=true;||
1776778062025|19|commit|connection 0|url jdbc:p6spy:sqlserver://CFSFPTEST:1433;databaseName=CFSFP;encrypt=true;trustServerCertificate=true;||
1776778062207|1|statement|connection 0|url jdbc:p6spy:sqlserver://CFSFPTEST:1433;databaseName=CFSFP;encrypt=true;trustServerCertificate=true;|select next value for BATCH_JOB_SEQ|select next value for BATCH_JOB_SEQ
1776778062273|4|commit|connection 0|url jdbc:p6spy:sqlserver://CFSFPTEST:1433;databaseName=CFSFP;encrypt=true;trustServerCertificate=true;||
1776778062403|8|commit|connection 0|url jdbc:p6spy:sqlserver://CFSFPTEST:1433;databaseName=CFSFP;encrypt=true;trustServerCertificate=true;||
1776778062426|3|commit|connection 0|url jdbc:p6spy:sqlserver://CFSFPTEST:1433;databaseName=CFSFP;encrypt=true;trustServerCertificate=true;||
1776778062438|1|commit|connection 0|url jdbc:p6spy:sqlserver://CFSFPTEST:1433;databaseName=CFSFP;encrypt=true;trustServerCertificate=true;||
1776778062461|10|commit|connection 0|url jdbc:p6spy:sqlserver://CFSFPTEST:1433;databaseName=CFSFP;encrypt=true;trustServerCertificate=true;||
1776778062502|4|commit|connection 0|url jdbc:p6spy:sqlserver://CFSFPTEST:1433;databaseName=CFSFP;encrypt=true;trustServerCertificate=true;||
1776778062567|5|commit|connection 0|url jdbc:p6spy:sqlserver://CFSFPTEST:1433;databaseName=CFSFP;encrypt=true;trustServerCertificate=true;||
1776778063221|3|statement|connection 0|url jdbc:p6spy:sqlserver://CFSFPTEST:1433;databaseName=CFSFP;encrypt=true;trustServerCertificate=true;|select 1 from p09_activity p1_0|select 1 from p09_activity p1_0
1776778065612|63|statement|connection 0|url jdbc:p6spy:sqlserver://CFSFPTEST:1433;databaseName=CFSFP;encrypt=true;trustServerCertificate=true;|select p1_0.cr_refund_type,p1_0.act_activity,count_big(*),sum(p1_0.act_activity_amt) from p09_activity p1_0 join p09_cash_receipt p2_0 on p1_0.cr_refund_type=p2_0.cr_refund_type and p1_0.cr_cntrl_date=p2_0.cr_cntrl_date and p1_0.cr_cntrl_nbr=p2_0.cr_cntrl_nbr where p2_0.cr_corp=? and p1_0.act_daily_ind='Y' and p1_0.act_activity in ('ACC','APP','REM','DEL','LOG','FRR','PRR') group by p1_0.cr_refund_type,p1_0.act_activity order by p1_0.act_activity,p1_0.cr_refund_type|select p1_0.cr_refund_type,p1_0.act_activity,count_big(*),sum(p1_0.act_activity_amt) from p09_activity p1_0 join p09_cash_receipt p2_0 on p1_0.cr_refund_type=p2_0.cr_refund_type and p1_0.cr_cntrl_date=p2_0.cr_cntrl_date and p1_0.cr_cntrl_nbr=p2_0.cr_cntrl_nbr where p2_0.cr_corp='03' and p1_0.act_daily_ind='Y' and p1_0.act_activity in ('ACC','APP','REM','DEL','LOG','FRR','PRR') group by p1_0.cr_refund_type,p1_0.act_activity order by p1_0.act_activity,p1_0.cr_refund_type
1776778159140|1|commit|connection 0|url jdbc:p6spy:sqlserver://CFSFPTEST:1433;databaseName=CFSFP;encrypt=true;trustServerCertificate=true;||
1776778159159|0|statement|connection 0|url jdbc:p6spy:sqlserver://CFSFPTEST:1433;databaseName=CFSFP;encrypt=true;trustServerCertificate=true;|select next value for BATCH_JOB_SEQ|select next value for BATCH_JOB_SEQ
1776778159237|4|commit|connection 0|url jdbc:p6spy:sqlserver://CFSFPTEST:1433;databaseName=CFSFP;encrypt=true;trustServerCertificate=true;||
1776778159376|4|commit|connection 0|url jdbc:p6spy:sqlserver://CFSFPTEST:1433;databaseName=CFSFP;encrypt=true;trustServerCertificate=true;||
1776778159393|1|commit|connection 0|url jdbc:p6spy:sqlserver://CFSFPTEST:1433;databaseName=CFSFP;encrypt=true;trustServerCertificate=true;||
1776778159402|0|commit|connection 0|url jdbc:p6spy:sqlserver://CFSFPTEST:1433;databaseName=CFSFP;encrypt=true;trustServerCertificate=true;||
1776778159420|3|commit|connection 0|url jdbc:p6spy:sqlserver://CFSFPTEST:1433;databaseName=CFSFP;encrypt=true;trustServerCertificate=true;||
1776778159444|5|commit|connection 0|url jdbc:p6spy:sqlserver://CFSFPTEST:1433;databaseName=CFSFP;encrypt=true;trustServerCertificate=true;||
1776778159475|4|commit|connection 0|url jdbc:p6spy:sqlserver://CFSFPTEST:1433;databaseName=CFSFP;encrypt=true;trustServerCertificate=true;||
1776778160064|4|statement|connection 0|url jdbc:p6spy:sqlserver://CFSFPTEST:1433;databaseName=CFSFP;encrypt=true;trustServerCertificate=true;|select 1 from p09_activity p1_0|select 1 from p09_activity p1_0
1776778162680|145|statement|connection 0|url jdbc:p6spy:sqlserver://CFSFPTEST:1433;databaseName=CFSFP;encrypt=true;trustServerCertificate=true;|select p1_0.cr_refund_type,p1_0.act_activity,count_big(*),sum(p1_0.act_activity_amt) from p09_activity p1_0 join p09_cash_receipt p2_0 on p1_0.cr_refund_type=p2_0.cr_refund_type and p1_0.cr_cntrl_date=p2_0.cr_cntrl_date and p1_0.cr_cntrl_nbr=p2_0.cr_cntrl_nbr where p2_0.cr_corp=? and p1_0.act_activity in ('ACC','APP','REM','DEL','LOG','FRR','PRR') group by p1_0.cr_refund_type,p1_0.act_activity order by p1_0.act_activity,p1_0.cr_refund_type|select p1_0.cr_refund_type,p1_0.act_activity,count_big(*),sum(p1_0.act_activity_amt) from p09_activity p1_0 join p09_cash_receipt p2_0 on p1_0.cr_refund_type=p2_0.cr_refund_type and p1_0.cr_cntrl_date=p2_0.cr_cntrl_date and p1_0.cr_cntrl_nbr=p2_0.cr_cntrl_nbr where p2_0.cr_corp='03' and p1_0.act_activity in ('ACC','APP','REM','DEL','LOG','FRR','PRR') group by p1_0.cr_refund_type,p1_0.act_activity order by p1_0.act_activity,p1_0.cr_refund_type
1776778501554|371|statement|connection 0|url jdbc:p6spy:sqlserver://CFSFPTEST:1433;databaseName=CFSFP;encrypt=true;trustServerCertificate=true;|select p1_0.cr_refund_type,p1_0.act_activity,count_big(*),sum(p1_0.act_activity_amt) from p09_activity p1_0 join p09_cash_receipt p2_0 on p1_0.cr_refund_type=p2_0.cr_refund_type where p2_0.cr_corp=? and p1_0.act_activity in ('ACC','APP','REM','DEL','LOG','FRR','PRR') group by p1_0.cr_refund_type,p1_0.act_activity order by p1_0.act_activity,p1_0.cr_refund_type|select p1_0.cr_refund_type,p1_0.act_activity,count_big(*),sum(p1_0.act_activity_amt) from p09_activity p1_0 join p09_cash_receipt p2_0 on p1_0.cr_refund_type=p2_0.cr_refund_type where p2_0.cr_corp='03' and p1_0.act_activity in ('ACC','APP','REM','DEL','LOG','FRR','PRR') group by p1_0.cr_refund_type,p1_0.act_activity order by p1_0.act_activity,p1_0.cr_refund_type
1776778501937|332|statement|connection 0|url jdbc:p6spy:sqlserver://CFSFPTEST:1433;databaseName=CFSFP;encrypt=true;trustServerCertificate=true;|select p1_0.cr_refund_type,trim(p1_0.act_activity),count_big(*),sum(p1_0.act_activity_amt) from p09_activity p1_0 join p09_cash_receipt p2_0 on p1_0.cr_refund_type=p2_0.cr_refund_type and p1_0.cr_cntrl_date=p2_0.cr_cntrl_date and p1_0.cr_cntrl_nbr=p2_0.cr_cntrl_nbr where p2_0.cr_corp=? and p1_0.act_daily_ind='Y' and trim(p1_0.act_activity) in ('FR','PR') group by p1_0.cr_refund_type,trim(p1_0.act_activity) order by trim(p1_0.act_activity),p1_0.cr_refund_type|select p1_0.cr_refund_type,trim(p1_0.act_activity),count_big(*),sum(p1_0.act_activity_amt) from p09_activity p1_0 join p09_cash_receipt p2_0 on p1_0.cr_refund_type=p2_0.cr_refund_type and p1_0.cr_cntrl_date=p2_0.cr_cntrl_date and p1_0.cr_cntrl_nbr=p2_0.cr_cntrl_nbr where p2_0.cr_corp='03' and p1_0.act_daily_ind='Y' and trim(p1_0.act_activity) in ('FR','PR') group by p1_0.cr_refund_type,trim(p1_0.act_activity) order by trim(p1_0.act_activity),p1_0.cr_refund_type
1776778502353|300|statement|connection 0|url jdbc:p6spy:sqlserver://CFSFPTEST:1433;databaseName=CFSFP;encrypt=true;trustServerCertificate=true;|update p09_activity set act_daily_ind=' ' where act_daily_ind='Y' and exists(select 1 from p09_cash_receipt p2_0 where p2_0.cr_corp=? and p2_0.cr_refund_type=p09_activity.cr_refund_type and p2_0.cr_cntrl_date=p09_activity.cr_cntrl_date and p2_0.cr_cntrl_nbr=p09_activity.cr_cntrl_nbr)|update p09_activity set act_daily_ind=' ' where act_daily_ind='Y' and exists(select 1 from p09_cash_receipt p2_0 where p2_0.cr_corp='03' and p2_0.cr_refund_type=p09_activity.cr_refund_type and p2_0.cr_cntrl_date=p09_activity.cr_cntrl_date and p2_0.cr_cntrl_nbr=p09_activity.cr_cntrl_nbr)
1776778502377|5|commit|connection 0|url jdbc:p6spy:sqlserver://CFSFPTEST:1433;databaseName=CFSFP;encrypt=true;trustServerCertificate=true;||
1776778502397|4|commit|connection 0|url jdbc:p6spy:sqlserver://CFSFPTEST:1433;databaseName=CFSFP;encrypt=true;trustServerCertificate=true;||
1776778502422|13|commit|connection 0|url jdbc:p6spy:sqlserver://CFSFPTEST:1433;databaseName=CFSFP;encrypt=true;trustServerCertificate=true;||
1776778502437|3|commit|connection 0|url jdbc:p6spy:sqlserver://CFSFPTEST:1433;databaseName=CFSFP;encrypt=true;trustServerCertificate=true;||
1776778502453|5|commit|connection 0|url jdbc:p6spy:sqlserver://CFSFPTEST:1433;databaseName=CFSFP;encrypt=true;trustServerCertificate=true;||
1776778872928|6|commit|connection 0|url jdbc:p6spy:sqlserver://CFSFPTEST:1433;databaseName=CFSFP;encrypt=true;trustServerCertificate=true;||
1776778872966|3|statement|connection 0|url jdbc:p6spy:sqlserver://CFSFPTEST:1433;databaseName=CFSFP;encrypt=true;trustServerCertificate=true;|select next value for BATCH_JOB_SEQ|select next value for BATCH_JOB_SEQ
1776778873054|6|commit|connection 0|url jdbc:p6spy:sqlserver://CFSFPTEST:1433;databaseName=CFSFP;encrypt=true;trustServerCertificate=true;||
1776778873212|4|commit|connection 0|url jdbc:p6spy:sqlserver://CFSFPTEST:1433;databaseName=CFSFP;encrypt=true;trustServerCertificate=true;||
1776778873255|6|commit|connection 0|url jdbc:p6spy:sqlserver://CFSFPTEST:1433;databaseName=CFSFP;encrypt=true;trustServerCertificate=true;||
1776778873275|6|commit|connection 0|url jdbc:p6spy:sqlserver://CFSFPTEST:1433;databaseName=CFSFP;encrypt=true;trustServerCertificate=true;||
1776778873297|3|commit|connection 0|url jdbc:p6spy:sqlserver://CFSFPTEST:1433;databaseName=CFSFP;encrypt=true;trustServerCertificate=true;||
1776778873344|6|commit|connection 0|url jdbc:p6spy:sqlserver://CFSFPTEST:1433;databaseName=CFSFP;encrypt=true;trustServerCertificate=true;||
1776778873367|3|commit|connection 0|url jdbc:p6spy:sqlserver://CFSFPTEST:1433;databaseName=CFSFP;encrypt=true;trustServerCertificate=true;||
1776778873964|2|statement|connection 0|url jdbc:p6spy:sqlserver://CFSFPTEST:1433;databaseName=CFSFP;encrypt=true;trustServerCertificate=true;|select 1 from p09_activity p1_0|select 1 from p09_activity p1_0
1776778876294|136|statement|connection 0|url jdbc:p6spy:sqlserver://CFSFPTEST:1433;databaseName=CFSFP;encrypt=true;trustServerCertificate=true;|select p1_0.cr_refund_type,p1_0.act_activity,count_big(*),sum(p1_0.act_activity_amt) from p09_activity p1_0 join p09_cash_receipt p2_0 on p1_0.cr_refund_type=p2_0.cr_refund_type and p1_0.cr_cntrl_date=p2_0.cr_cntrl_date and p1_0.cr_cntrl_nbr=p2_0.cr_cntrl_nbr where p2_0.cr_corp=? and p1_0.act_activity in ('ACC','APP','REM','DEL','LOG','FRR','PRR') group by p1_0.cr_refund_type,p1_0.act_activity order by p1_0.act_activity,p1_0.cr_refund_type|select p1_0.cr_refund_type,p1_0.act_activity,count_big(*),sum(p1_0.act_activity_amt) from p09_activity p1_0 join p09_cash_receipt p2_0 on p1_0.cr_refund_type=p2_0.cr_refund_type and p1_0.cr_cntrl_date=p2_0.cr_cntrl_date and p1_0.cr_cntrl_nbr=p2_0.cr_cntrl_nbr where p2_0.cr_corp='03' and p1_0.act_activity in ('ACC','APP','REM','DEL','LOG','FRR','PRR') group by p1_0.cr_refund_type,p1_0.act_activity order by p1_0.act_activity,p1_0.cr_refund_type
1776778876585|224|statement|connection 0|url jdbc:p6spy:sqlserver://CFSFPTEST:1433;databaseName=CFSFP;encrypt=true;trustServerCertificate=true;|select p1_0.cr_refund_type,p1_0.act_activity,count_big(*),sum(p1_0.act_activity_amt) from p09_activity p1_0 join p09_cash_receipt p2_0 on p1_0.cr_refund_type=p2_0.cr_refund_type where p2_0.cr_corp=? and p1_0.act_activity in ('ACC','APP','REM','DEL','LOG','FRR','PRR') group by p1_0.cr_refund_type,p1_0.act_activity order by p1_0.act_activity,p1_0.cr_refund_type|select p1_0.cr_refund_type,p1_0.act_activity,count_big(*),sum(p1_0.act_activity_amt) from p09_activity p1_0 join p09_cash_receipt p2_0 on p1_0.cr_refund_type=p2_0.cr_refund_type where p2_0.cr_corp='03' and p1_0.act_activity in ('ACC','APP','REM','DEL','LOG','FRR','PRR') group by p1_0.cr_refund_type,p1_0.act_activity order by p1_0.act_activity,p1_0.cr_refund_type
1776778876944|341|statement|connection 0|url jdbc:p6spy:sqlserver://CFSFPTEST:1433;databaseName=CFSFP;encrypt=true;trustServerCertificate=true;|select p1_0.cr_refund_type,trim(p1_0.act_activity),count_big(*),sum(p1_0.act_activity_amt) from p09_activity p1_0 join p09_cash_receipt p2_0 on p1_0.cr_refund_type=p2_0.cr_refund_type and p1_0.cr_cntrl_date=p2_0.cr_cntrl_date and p1_0.cr_cntrl_nbr=p2_0.cr_cntrl_nbr where p2_0.cr_corp=? and p1_0.act_daily_ind='Y' and trim(p1_0.act_activity) in ('FR','PR') group by p1_0.cr_refund_type,trim(p1_0.act_activity) order by trim(p1_0.act_activity),p1_0.cr_refund_type|select p1_0.cr_refund_type,trim(p1_0.act_activity),count_big(*),sum(p1_0.act_activity_amt) from p09_activity p1_0 join p09_cash_receipt p2_0 on p1_0.cr_refund_type=p2_0.cr_refund_type and p1_0.cr_cntrl_date=p2_0.cr_cntrl_date and p1_0.cr_cntrl_nbr=p2_0.cr_cntrl_nbr where p2_0.cr_corp='03' and p1_0.act_daily_ind='Y' and trim(p1_0.act_activity) in ('FR','PR') group by p1_0.cr_refund_type,trim(p1_0.act_activity) order by trim(p1_0.act_activity),p1_0.cr_refund_type
1776778877320|304|statement|connection 0|url jdbc:p6spy:sqlserver://CFSFPTEST:1433;databaseName=CFSFP;encrypt=true;trustServerCertificate=true;|update p09_activity set act_daily_ind=' ' where act_daily_ind='Y' and exists(select 1 from p09_cash_receipt p2_0 where p2_0.cr_corp=? and p2_0.cr_refund_type=p09_activity.cr_refund_type and p2_0.cr_cntrl_date=p09_activity.cr_cntrl_date and p2_0.cr_cntrl_nbr=p09_activity.cr_cntrl_nbr)|update p09_activity set act_daily_ind=' ' where act_daily_ind='Y' and exists(select 1 from p09_cash_receipt p2_0 where p2_0.cr_corp='03' and p2_0.cr_refund_type=p09_activity.cr_refund_type and p2_0.cr_cntrl_date=p09_activity.cr_cntrl_date and p2_0.cr_cntrl_nbr=p09_activity.cr_cntrl_nbr)
1776778877335|3|commit|connection 0|url jdbc:p6spy:sqlserver://CFSFPTEST:1433;databaseName=CFSFP;encrypt=true;trustServerCertificate=true;||
1776778877347|3|commit|connection 0|url jdbc:p6spy:sqlserver://CFSFPTEST:1433;databaseName=CFSFP;encrypt=true;trustServerCertificate=true;||
1776778877359|4|commit|connection 0|url jdbc:p6spy:sqlserver://CFSFPTEST:1433;databaseName=CFSFP;encrypt=true;trustServerCertificate=true;||
1776778877369|3|commit|connection 0|url jdbc:p6spy:sqlserver://CFSFPTEST:1433;databaseName=CFSFP;encrypt=true;trustServerCertificate=true;||
1776778877379|3|commit|connection 0|url jdbc:p6spy:sqlserver://CFSFPTEST:1433;databaseName=CFSFP;encrypt=true;trustServerCertificate=true;||
1776779444750|1|commit|connection 0|url jdbc:p6spy:sqlserver://CFSFPTEST:1433;databaseName=CFSFP;encrypt=true;trustServerCertificate=true;||
1776779444779|3|statement|connection 0|url jdbc:p6spy:sqlserver://CFSFPTEST:1433;databaseName=CFSFP;encrypt=true;trustServerCertificate=true;|select next value for BATCH_JOB_SEQ|select next value for BATCH_JOB_SEQ
1776779444857|4|commit|connection 0|url jdbc:p6spy:sqlserver://CFSFPTEST:1433;databaseName=CFSFP;encrypt=true;trustServerCertificate=true;||
1776779445139|4|commit|connection 0|url jdbc:p6spy:sqlserver://CFSFPTEST:1433;databaseName=CFSFP;encrypt=true;trustServerCertificate=true;||
1776779445171|1|commit|connection 0|url jdbc:p6spy:sqlserver://CFSFPTEST:1433;databaseName=CFSFP;encrypt=true;trustServerCertificate=true;||
1776779445189|0|commit|connection 0|url jdbc:p6spy:sqlserver://CFSFPTEST:1433;databaseName=CFSFP;encrypt=true;trustServerCertificate=true;||
1776779445210|5|commit|connection 0|url jdbc:p6spy:sqlserver://CFSFPTEST:1433;databaseName=CFSFP;encrypt=true;trustServerCertificate=true;||
1776779445232|4|commit|connection 0|url jdbc:p6spy:sqlserver://CFSFPTEST:1433;databaseName=CFSFP;encrypt=true;trustServerCertificate=true;||
1776779445252|3|commit|connection 0|url jdbc:p6spy:sqlserver://CFSFPTEST:1433;databaseName=CFSFP;encrypt=true;trustServerCertificate=true;||
1776779445755|2|statement|connection 0|url jdbc:p6spy:sqlserver://CFSFPTEST:1433;databaseName=CFSFP;encrypt=true;trustServerCertificate=true;|select 1 from p09_activity p1_0|select 1 from p09_activity p1_0
1776779448284|137|statement|connection 0|url jdbc:p6spy:sqlserver://CFSFPTEST:1433;databaseName=CFSFP;encrypt=true;trustServerCertificate=true;|select p1_0.cr_refund_type,p1_0.act_activity,count_big(*),sum(p1_0.act_activity_amt) from p09_activity p1_0 join p09_cash_receipt p2_0 on p1_0.cr_refund_type=p2_0.cr_refund_type and p1_0.cr_cntrl_date=p2_0.cr_cntrl_date and p1_0.cr_cntrl_nbr=p2_0.cr_cntrl_nbr where p2_0.cr_corp=? and p1_0.act_activity in ('ACC','APP','REM','DEL','LOG','FRR','PRR') group by p1_0.cr_refund_type,p1_0.act_activity order by p1_0.act_activity,p1_0.cr_refund_type|select p1_0.cr_refund_type,p1_0.act_activity,count_big(*),sum(p1_0.act_activity_amt) from p09_activity p1_0 join p09_cash_receipt p2_0 on p1_0.cr_refund_type=p2_0.cr_refund_type and p1_0.cr_cntrl_date=p2_0.cr_cntrl_date and p1_0.cr_cntrl_nbr=p2_0.cr_cntrl_nbr where p2_0.cr_corp='03' and p1_0.act_activity in ('ACC','APP','REM','DEL','LOG','FRR','PRR') group by p1_0.cr_refund_type,p1_0.act_activity order by p1_0.act_activity,p1_0.cr_refund_type
1776779448572|231|statement|connection 0|url jdbc:p6spy:sqlserver://CFSFPTEST:1433;databaseName=CFSFP;encrypt=true;trustServerCertificate=true;|select p1_0.cr_refund_type,p1_0.act_activity,count_big(*),sum(p1_0.act_activity_amt) from p09_activity p1_0 join p09_cash_receipt p2_0 on p1_0.cr_refund_type=p2_0.cr_refund_type where p2_0.cr_corp=? and p1_0.act_activity in ('ACC','APP','REM','DEL','LOG','FRR','PRR') group by p1_0.cr_refund_type,p1_0.act_activity order by p1_0.act_activity,p1_0.cr_refund_type|select p1_0.cr_refund_type,p1_0.act_activity,count_big(*),sum(p1_0.act_activity_amt) from p09_activity p1_0 join p09_cash_receipt p2_0 on p1_0.cr_refund_type=p2_0.cr_refund_type where p2_0.cr_corp='03' and p1_0.act_activity in ('ACC','APP','REM','DEL','LOG','FRR','PRR') group by p1_0.cr_refund_type,p1_0.act_activity order by p1_0.act_activity,p1_0.cr_refund_type
1776779448968|355|statement|connection 0|url jdbc:p6spy:sqlserver://CFSFPTEST:1433;databaseName=CFSFP;encrypt=true;trustServerCertificate=true;|select p1_0.cr_refund_type,trim(p1_0.act_activity),count_big(*),sum(p1_0.act_activity_amt) from p09_activity p1_0 join p09_cash_receipt p2_0 on p1_0.cr_refund_type=p2_0.cr_refund_type and p1_0.cr_cntrl_date=p2_0.cr_cntrl_date and p1_0.cr_cntrl_nbr=p2_0.cr_cntrl_nbr where p2_0.cr_corp=? and p1_0.act_daily_ind='Y' and trim(p1_0.act_activity) in ('FR','PR') group by p1_0.cr_refund_type,trim(p1_0.act_activity) order by trim(p1_0.act_activity),p1_0.cr_refund_type|select p1_0.cr_refund_type,trim(p1_0.act_activity),count_big(*),sum(p1_0.act_activity_amt) from p09_activity p1_0 join p09_cash_receipt p2_0 on p1_0.cr_refund_type=p2_0.cr_refund_type and p1_0.cr_cntrl_date=p2_0.cr_cntrl_date and p1_0.cr_cntrl_nbr=p2_0.cr_cntrl_nbr where p2_0.cr_corp='03' and p1_0.act_daily_ind='Y' and trim(p1_0.act_activity) in ('FR','PR') group by p1_0.cr_refund_type,trim(p1_0.act_activity) order by trim(p1_0.act_activity),p1_0.cr_refund_type
1776779449351|304|statement|connection 0|url jdbc:p6spy:sqlserver://CFSFPTEST:1433;databaseName=CFSFP;encrypt=true;trustServerCertificate=true;|update p09_activity set act_daily_ind=' ' where act_daily_ind='Y' and exists(select 1 from p09_cash_receipt p2_0 where p2_0.cr_corp=? and p2_0.cr_refund_type=p09_activity.cr_refund_type and p2_0.cr_cntrl_date=p09_activity.cr_cntrl_date and p2_0.cr_cntrl_nbr=p09_activity.cr_cntrl_nbr)|update p09_activity set act_daily_ind=' ' where act_daily_ind='Y' and exists(select 1 from p09_cash_receipt p2_0 where p2_0.cr_corp='03' and p2_0.cr_refund_type=p09_activity.cr_refund_type and p2_0.cr_cntrl_date=p09_activity.cr_cntrl_date and p2_0.cr_cntrl_nbr=p09_activity.cr_cntrl_nbr)
1776779449380|5|commit|connection 0|url jdbc:p6spy:sqlserver://CFSFPTEST:1433;databaseName=CFSFP;encrypt=true;trustServerCertificate=true;||
1776779449412|8|commit|connection 0|url jdbc:p6spy:sqlserver://CFSFPTEST:1433;databaseName=CFSFP;encrypt=true;trustServerCertificate=true;||
1776779449430|6|commit|connection 0|url jdbc:p6spy:sqlserver://CFSFPTEST:1433;databaseName=CFSFP;encrypt=true;trustServerCertificate=true;||
1776779449442|4|commit|connection 0|url jdbc:p6spy:sqlserver://CFSFPTEST:1433;databaseName=CFSFP;encrypt=true;trustServerCertificate=true;||
1776779449461|4|commit|connection 0|url jdbc:p6spy:sqlserver://CFSFPTEST:1433;databaseName=CFSFP;encrypt=true;trustServerCertificate=true;||
1776791095089|7|commit|connection 0|url jdbc:p6spy:sqlserver://CFSFPTEST:1433;databaseName=CFSFP;encrypt=true;trustServerCertificate=true;||
1776791095150|7|statement|connection 0|url jdbc:p6spy:sqlserver://CFSFPTEST:1433;databaseName=CFSFP;encrypt=true;trustServerCertificate=true;|select next value for BATCH_JOB_SEQ|select next value for BATCH_JOB_SEQ
1776791095254|4|commit|connection 0|url jdbc:p6spy:sqlserver://CFSFPTEST:1433;databaseName=CFSFP;encrypt=true;trustServerCertificate=true;||
1776791095461|51|commit|connection 0|url jdbc:p6spy:sqlserver://CFSFPTEST:1433;databaseName=CFSFP;encrypt=true;trustServerCertificate=true;||
1776791095500|3|commit|connection 0|url jdbc:p6spy:sqlserver://CFSFPTEST:1433;databaseName=CFSFP;encrypt=true;trustServerCertificate=true;||
1776791095528|1|commit|connection 0|url jdbc:p6spy:sqlserver://CFSFPTEST:1433;databaseName=CFSFP;encrypt=true;trustServerCertificate=true;||
1776791095550|6|commit|connection 0|url jdbc:p6spy:sqlserver://CFSFPTEST:1433;databaseName=CFSFP;encrypt=true;trustServerCertificate=true;||
1776791095576|4|commit|connection 0|url jdbc:p6spy:sqlserver://CFSFPTEST:1433;databaseName=CFSFP;encrypt=true;trustServerCertificate=true;||
1776791095616|4|commit|connection 0|url jdbc:p6spy:sqlserver://CFSFPTEST:1433;databaseName=CFSFP;encrypt=true;trustServerCertificate=true;||
1776791096167|2|statement|connection 0|url jdbc:p6spy:sqlserver://CFSFPTEST:1433;databaseName=CFSFP;encrypt=true;trustServerCertificate=true;|select 1 from p09_activity p1_0|select 1 from p09_activity p1_0
1776791098587|138|statement|connection 0|url jdbc:p6spy:sqlserver://CFSFPTEST:1433;databaseName=CFSFP;encrypt=true;trustServerCertificate=true;|select p1_0.cr_refund_type,p1_0.act_activity,count_big(*),sum(p1_0.act_activity_amt) from p09_activity p1_0 join p09_cash_receipt p2_0 on p1_0.cr_refund_type=p2_0.cr_refund_type and p1_0.cr_cntrl_date=p2_0.cr_cntrl_date and p1_0.cr_cntrl_nbr=p2_0.cr_cntrl_nbr where p2_0.cr_corp=? and p1_0.act_activity in ('ACC','APP','REM','DEL','LOG','FRR','PRR') group by p1_0.cr_refund_type,p1_0.act_activity order by p1_0.act_activity,p1_0.cr_refund_type|select p1_0.cr_refund_type,p1_0.act_activity,count_big(*),sum(p1_0.act_activity_amt) from p09_activity p1_0 join p09_cash_receipt p2_0 on p1_0.cr_refund_type=p2_0.cr_refund_type and p1_0.cr_cntrl_date=p2_0.cr_cntrl_date and p1_0.cr_cntrl_nbr=p2_0.cr_cntrl_nbr where p2_0.cr_corp='03' and p1_0.act_activity in ('ACC','APP','REM','DEL','LOG','FRR','PRR') group by p1_0.cr_refund_type,p1_0.act_activity order by p1_0.act_activity,p1_0.cr_refund_type
1776791098669|15|commit|connection 0|url jdbc:p6spy:sqlserver://CFSFPTEST:1433;databaseName=CFSFP;encrypt=true;trustServerCertificate=true;||
1776791098710|8|commit|connection 0|url jdbc:p6spy:sqlserver://CFSFPTEST:1433;databaseName=CFSFP;encrypt=true;trustServerCertificate=true;||
1776791098756|10|commit|connection 0|url jdbc:p6spy:sqlserver://CFSFPTEST:1433;databaseName=CFSFP;encrypt=true;trustServerCertificate=true;||
1776791098779|5|commit|connection 0|url jdbc:p6spy:sqlserver://CFSFPTEST:1433;databaseName=CFSFP;encrypt=true;trustServerCertificate=true;||
1776791098824|7|commit|connection 0|url jdbc:p6spy:sqlserver://CFSFPTEST:1433;databaseName=CFSFP;encrypt=true;trustServerCertificate=true;||
1776792382805|1|commit|connection 0|url jdbc:p6spy:sqlserver://CFSFPTEST:1433;databaseName=CFSFP;encrypt=true;trustServerCertificate=true;||
1776792382836|3|statement|connection 0|url jdbc:p6spy:sqlserver://CFSFPTEST:1433;databaseName=CFSFP;encrypt=true;trustServerCertificate=true;|select next value for BATCH_JOB_SEQ|select next value for BATCH_JOB_SEQ
1776792382909|7|commit|connection 0|url jdbc:p6spy:sqlserver://CFSFPTEST:1433;databaseName=CFSFP;encrypt=true;trustServerCertificate=true;||
1776792383083|5|commit|connection 0|url jdbc:p6spy:sqlserver://CFSFPTEST:1433;databaseName=CFSFP;encrypt=true;trustServerCertificate=true;||
1776792383111|0|commit|connection 0|url jdbc:p6spy:sqlserver://CFSFPTEST:1433;databaseName=CFSFP;encrypt=true;trustServerCertificate=true;||
1776792383123|0|commit|connection 0|url jdbc:p6spy:sqlserver://CFSFPTEST:1433;databaseName=CFSFP;encrypt=true;trustServerCertificate=true;||
1776792383155|8|commit|connection 0|url jdbc:p6spy:sqlserver://CFSFPTEST:1433;databaseName=CFSFP;encrypt=true;trustServerCertificate=true;||
1776792383184|7|commit|connection 0|url jdbc:p6spy:sqlserver://CFSFPTEST:1433;databaseName=CFSFP;encrypt=true;trustServerCertificate=true;||
1776792383215|6|commit|connection 0|url jdbc:p6spy:sqlserver://CFSFPTEST:1433;databaseName=CFSFP;encrypt=true;trustServerCertificate=true;||
1776792384015|3|statement|connection 0|url jdbc:p6spy:sqlserver://CFSFPTEST:1433;databaseName=CFSFP;encrypt=true;trustServerCertificate=true;|select 1 from p09_activity p1_0|select 1 from p09_activity p1_0
1776792386309|137|statement|connection 0|url jdbc:p6spy:sqlserver://CFSFPTEST:1433;databaseName=CFSFP;encrypt=true;trustServerCertificate=true;|select p1_0.cr_refund_type,p1_0.act_activity,count_big(*),sum(p1_0.act_activity_amt) from p09_activity p1_0 join p09_cash_receipt p2_0 on p1_0.cr_refund_type=p2_0.cr_refund_type and p1_0.cr_cntrl_date=p2_0.cr_cntrl_date and p1_0.cr_cntrl_nbr=p2_0.cr_cntrl_nbr where p2_0.cr_corp=? and p1_0.act_activity in ('ACC','APP','REM','DEL','LOG','FRR','PRR') group by p1_0.cr_refund_type,p1_0.act_activity order by p1_0.act_activity,p1_0.cr_refund_type|select p1_0.cr_refund_type,p1_0.act_activity,count_big(*),sum(p1_0.act_activity_amt) from p09_activity p1_0 join p09_cash_receipt p2_0 on p1_0.cr_refund_type=p2_0.cr_refund_type and p1_0.cr_cntrl_date=p2_0.cr_cntrl_date and p1_0.cr_cntrl_nbr=p2_0.cr_cntrl_nbr where p2_0.cr_corp='03' and p1_0.act_activity in ('ACC','APP','REM','DEL','LOG','FRR','PRR') group by p1_0.cr_refund_type,p1_0.act_activity order by p1_0.act_activity,p1_0.cr_refund_type
1776792386404|38|statement|connection 0|url jdbc:p6spy:sqlserver://CFSFPTEST:1433;databaseName=CFSFP;encrypt=true;trustServerCertificate=true;|select p1_0.cr_refund_type,p1_0.act_activity,p1_0.cr_cntrl_date,p1_0.cr_cntrl_nbr,count_big(distinct p1_0.act_activity),sum(p1_0.act_activity_amt),p2_0.cr_corp from p09_activity p1_0 join p09_cash_receipt p2_0 on p1_0.cr_refund_type=p2_0.cr_refund_type and p1_0.cr_cntrl_date=p2_0.cr_cntrl_date and p1_0.cr_cntrl_nbr=p2_0.cr_cntrl_nbr where p2_0.cr_corp=? and p1_0.act_activity in ('ACC','APP','REM','DEL','LOG','FRR','PRR') group by p1_0.cr_refund_type,p1_0.act_activity,p1_0.cr_cntrl_date,p1_0.cr_cntrl_nbr order by p1_0.act_activity,p1_0.cr_refund_type|select p1_0.cr_refund_type,p1_0.act_activity,p1_0.cr_cntrl_date,p1_0.cr_cntrl_nbr,count_big(distinct p1_0.act_activity),sum(p1_0.act_activity_amt),p2_0.cr_corp from p09_activity p1_0 join p09_cash_receipt p2_0 on p1_0.cr_refund_type=p2_0.cr_refund_type and p1_0.cr_cntrl_date=p2_0.cr_cntrl_date and p1_0.cr_cntrl_nbr=p2_0.cr_cntrl_nbr where p2_0.cr_corp='03' and p1_0.act_activity in ('ACC','APP','REM','DEL','LOG','FRR','PRR') group by p1_0.cr_refund_type,p1_0.act_activity,p1_0.cr_cntrl_date,p1_0.cr_cntrl_nbr order by p1_0.act_activity,p1_0.cr_refund_type
1776792386465|1|rollback|connection 0|url jdbc:p6spy:sqlserver://CFSFPTEST:1433;databaseName=CFSFP;encrypt=true;trustServerCertificate=true;||
1776792386537|4|commit|connection 0|url jdbc:p6spy:sqlserver://CFSFPTEST:1433;databaseName=CFSFP;encrypt=true;trustServerCertificate=true;||
1776792386559|5|commit|connection 0|url jdbc:p6spy:sqlserver://CFSFPTEST:1433;databaseName=CFSFP;encrypt=true;trustServerCertificate=true;||
1776792386576|3|commit|connection 0|url jdbc:p6spy:sqlserver://CFSFPTEST:1433;databaseName=CFSFP;encrypt=true;trustServerCertificate=true;||
1776792386602|4|commit|connection 0|url jdbc:p6spy:sqlserver://CFSFPTEST:1433;databaseName=CFSFP;encrypt=true;trustServerCertificate=true;||
1776792653737|2|commit|connection 0|url jdbc:p6spy:sqlserver://CFSFPTEST:1433;databaseName=CFSFP;encrypt=true;trustServerCertificate=true;||
1776792653801|1|statement|connection 0|url jdbc:p6spy:sqlserver://CFSFPTEST:1433;databaseName=CFSFP;encrypt=true;trustServerCertificate=true;|select next value for BATCH_JOB_SEQ|select next value for BATCH_JOB_SEQ
1776792653910|4|commit|connection 0|url jdbc:p6spy:sqlserver://CFSFPTEST:1433;databaseName=CFSFP;encrypt=true;trustServerCertificate=true;||
1776792654101|4|commit|connection 0|url jdbc:p6spy:sqlserver://CFSFPTEST:1433;databaseName=CFSFP;encrypt=true;trustServerCertificate=true;||
1776792654134|1|commit|connection 0|url jdbc:p6spy:sqlserver://CFSFPTEST:1433;databaseName=CFSFP;encrypt=true;trustServerCertificate=true;||
1776792654143|0|commit|connection 0|url jdbc:p6spy:sqlserver://CFSFPTEST:1433;databaseName=CFSFP;encrypt=true;trustServerCertificate=true;||
1776792654167|4|commit|connection 0|url jdbc:p6spy:sqlserver://CFSFPTEST:1433;databaseName=CFSFP;encrypt=true;trustServerCertificate=true;||
1776792654207|4|commit|connection 0|url jdbc:p6spy:sqlserver://CFSFPTEST:1433;databaseName=CFSFP;encrypt=true;trustServerCertificate=true;||
1776792654231|4|commit|connection 0|url jdbc:p6spy:sqlserver://CFSFPTEST:1433;databaseName=CFSFP;encrypt=true;trustServerCertificate=true;||
1776792654934|2|statement|connection 0|url jdbc:p6spy:sqlserver://CFSFPTEST:1433;databaseName=CFSFP;encrypt=true;trustServerCertificate=true;|select 1 from p09_activity p1_0|select 1 from p09_activity p1_0
1776792657273|153|statement|connection 0|url jdbc:p6spy:sqlserver://CFSFPTEST:1433;databaseName=CFSFP;encrypt=true;trustServerCertificate=true;|select p1_0.cr_refund_type,p1_0.act_activity,count_big(*),sum(p1_0.act_activity_amt) from p09_activity p1_0 join p09_cash_receipt p2_0 on p1_0.cr_refund_type=p2_0.cr_refund_type and p1_0.cr_cntrl_date=p2_0.cr_cntrl_date and p1_0.cr_cntrl_nbr=p2_0.cr_cntrl_nbr where p2_0.cr_corp=? and p1_0.act_activity in ('ACC','APP','REM','DEL','LOG','FRR','PRR') group by p1_0.cr_refund_type,p1_0.act_activity order by p1_0.act_activity,p1_0.cr_refund_type|select p1_0.cr_refund_type,p1_0.act_activity,count_big(*),sum(p1_0.act_activity_amt) from p09_activity p1_0 join p09_cash_receipt p2_0 on p1_0.cr_refund_type=p2_0.cr_refund_type and p1_0.cr_cntrl_date=p2_0.cr_cntrl_date and p1_0.cr_cntrl_nbr=p2_0.cr_cntrl_nbr where p2_0.cr_corp='03' and p1_0.act_activity in ('ACC','APP','REM','DEL','LOG','FRR','PRR') group by p1_0.cr_refund_type,p1_0.act_activity order by p1_0.act_activity,p1_0.cr_refund_type
1776792657514|165|statement|connection 0|url jdbc:p6spy:sqlserver://CFSFPTEST:1433;databaseName=CFSFP;encrypt=true;trustServerCertificate=true;|select p1_0.cr_refund_type,p1_0.act_activity,p1_0.cr_cntrl_date,p1_0.cr_cntrl_nbr,count_big(distinct p1_0.act_activity),sum(p1_0.act_activity_amt),p2_0.cr_corp from p09_activity p1_0 join p09_cash_receipt p2_0 on p1_0.cr_refund_type=p2_0.cr_refund_type and p1_0.cr_cntrl_date=p2_0.cr_cntrl_date and p1_0.cr_cntrl_nbr=p2_0.cr_cntrl_nbr where p2_0.cr_corp=? and p1_0.act_activity in ('ACC','APP','REM','DEL','LOG','FRR','PRR') group by p1_0.cr_refund_type,p1_0.act_activity,p1_0.cr_cntrl_date,p1_0.cr_cntrl_nbr,p2_0.cr_corp order by p1_0.act_activity,p1_0.cr_refund_type|select p1_0.cr_refund_type,p1_0.act_activity,p1_0.cr_cntrl_date,p1_0.cr_cntrl_nbr,count_big(distinct p1_0.act_activity),sum(p1_0.act_activity_amt),p2_0.cr_corp from p09_activity p1_0 join p09_cash_receipt p2_0 on p1_0.cr_refund_type=p2_0.cr_refund_type and p1_0.cr_cntrl_date=p2_0.cr_cntrl_date and p1_0.cr_cntrl_nbr=p2_0.cr_cntrl_nbr where p2_0.cr_corp='03' and p1_0.act_activity in ('ACC','APP','REM','DEL','LOG','FRR','PRR') group by p1_0.cr_refund_type,p1_0.act_activity,p1_0.cr_cntrl_date,p1_0.cr_cntrl_nbr,p2_0.cr_corp order by p1_0.act_activity,p1_0.cr_refund_type
1776792657557|4|commit|connection 0|url jdbc:p6spy:sqlserver://CFSFPTEST:1433;databaseName=CFSFP;encrypt=true;trustServerCertificate=true;||
1776792657585|3|commit|connection 0|url jdbc:p6spy:sqlserver://CFSFPTEST:1433;databaseName=CFSFP;encrypt=true;trustServerCertificate=true;||
1776792657607|4|commit|connection 0|url jdbc:p6spy:sqlserver://CFSFPTEST:1433;databaseName=CFSFP;encrypt=true;trustServerCertificate=true;||
1776792657638|4|commit|connection 0|url jdbc:p6spy:sqlserver://CFSFPTEST:1433;databaseName=CFSFP;encrypt=true;trustServerCertificate=true;||
1776792657672|13|commit|connection 0|url jdbc:p6spy:sqlserver://CFSFPTEST:1433;databaseName=CFSFP;encrypt=true;trustServerCertificate=true;||
1776793136071|1|commit|connection 0|url jdbc:p6spy:sqlserver://CFSFPTEST:1433;databaseName=CFSFP;encrypt=true;trustServerCertificate=true;||
1776793136090|3|statement|connection 0|url jdbc:p6spy:sqlserver://CFSFPTEST:1433;databaseName=CFSFP;encrypt=true;trustServerCertificate=true;|select next value for BATCH_JOB_SEQ|select next value for BATCH_JOB_SEQ
1776793136171|4|commit|connection 0|url jdbc:p6spy:sqlserver://CFSFPTEST:1433;databaseName=CFSFP;encrypt=true;trustServerCertificate=true;||
1776793136331|6|commit|connection 0|url jdbc:p6spy:sqlserver://CFSFPTEST:1433;databaseName=CFSFP;encrypt=true;trustServerCertificate=true;||
1776793136346|0|commit|connection 0|url jdbc:p6spy:sqlserver://CFSFPTEST:1433;databaseName=CFSFP;encrypt=true;trustServerCertificate=true;||
1776793136364|0|commit|connection 0|url jdbc:p6spy:sqlserver://CFSFPTEST:1433;databaseName=CFSFP;encrypt=true;trustServerCertificate=true;||
1776793136385|5|commit|connection 0|url jdbc:p6spy:sqlserver://CFSFPTEST:1433;databaseName=CFSFP;encrypt=true;trustServerCertificate=true;||
1776793136412|4|commit|connection 0|url jdbc:p6spy:sqlserver://CFSFPTEST:1433;databaseName=CFSFP;encrypt=true;trustServerCertificate=true;||
1776793136445|5|commit|connection 0|url jdbc:p6spy:sqlserver://CFSFPTEST:1433;databaseName=CFSFP;encrypt=true;trustServerCertificate=true;||
1776793137115|2|statement|connection 0|url jdbc:p6spy:sqlserver://CFSFPTEST:1433;databaseName=CFSFP;encrypt=true;trustServerCertificate=true;|select 1 from p09_activity p1_0|select 1 from p09_activity p1_0
1776793139403|137|statement|connection 0|url jdbc:p6spy:sqlserver://CFSFPTEST:1433;databaseName=CFSFP;encrypt=true;trustServerCertificate=true;|select p1_0.cr_refund_type,p1_0.act_activity,count_big(*),sum(p1_0.act_activity_amt) from p09_activity p1_0 join p09_cash_receipt p2_0 on p1_0.cr_refund_type=p2_0.cr_refund_type and p1_0.cr_cntrl_date=p2_0.cr_cntrl_date and p1_0.cr_cntrl_nbr=p2_0.cr_cntrl_nbr where p2_0.cr_corp=? and p1_0.act_activity in ('ACC','APP','REM','DEL','LOG','FRR','PRR') group by p1_0.cr_refund_type,p1_0.act_activity order by p1_0.act_activity,p1_0.cr_refund_type|select p1_0.cr_refund_type,p1_0.act_activity,count_big(*),sum(p1_0.act_activity_amt) from p09_activity p1_0 join p09_cash_receipt p2_0 on p1_0.cr_refund_type=p2_0.cr_refund_type and p1_0.cr_cntrl_date=p2_0.cr_cntrl_date and p1_0.cr_cntrl_nbr=p2_0.cr_cntrl_nbr where p2_0.cr_corp='03' and p1_0.act_activity in ('ACC','APP','REM','DEL','LOG','FRR','PRR') group by p1_0.cr_refund_type,p1_0.act_activity order by p1_0.act_activity,p1_0.cr_refund_type
1776793139596|152|statement|connection 0|url jdbc:p6spy:sqlserver://CFSFPTEST:1433;databaseName=CFSFP;encrypt=true;trustServerCertificate=true;|select p1_0.cr_refund_type,p1_0.act_activity,p1_0.cr_cntrl_date,p1_0.cr_cntrl_nbr,count_big(distinct p1_0.act_activity),sum(p1_0.act_activity_amt),p2_0.cr_corp from p09_activity p1_0 join p09_cash_receipt p2_0 on p1_0.cr_refund_type=p2_0.cr_refund_type and p1_0.cr_cntrl_date=p2_0.cr_cntrl_date and p1_0.cr_cntrl_nbr=p2_0.cr_cntrl_nbr where p2_0.cr_corp=? and p1_0.act_activity in ('ACC','APP','REM','DEL','LOG','FRR','PRR') group by p1_0.cr_refund_type,p1_0.act_activity,p1_0.cr_cntrl_date,p1_0.cr_cntrl_nbr,p2_0.cr_corp order by p1_0.act_activity,p1_0.cr_refund_type|select p1_0.cr_refund_type,p1_0.act_activity,p1_0.cr_cntrl_date,p1_0.cr_cntrl_nbr,count_big(distinct p1_0.act_activity),sum(p1_0.act_activity_amt),p2_0.cr_corp from p09_activity p1_0 join p09_cash_receipt p2_0 on p1_0.cr_refund_type=p2_0.cr_refund_type and p1_0.cr_cntrl_date=p2_0.cr_cntrl_date and p1_0.cr_cntrl_nbr=p2_0.cr_cntrl_nbr where p2_0.cr_corp='03' and p1_0.act_activity in ('ACC','APP','REM','DEL','LOG','FRR','PRR') group by p1_0.cr_refund_type,p1_0.act_activity,p1_0.cr_cntrl_date,p1_0.cr_cntrl_nbr,p2_0.cr_corp order by p1_0.act_activity,p1_0.cr_refund_type
1776793139851|200|statement|connection 0|url jdbc:p6spy:sqlserver://CFSFPTEST:1433;databaseName=CFSFP;encrypt=true;trustServerCertificate=true;|select p1_0.cr_refund_type,p1_0.act_activity,p1_0.cr_cntrl_date,p1_0.cr_cntrl_nbr,count_big(distinct p1_0.act_activity),sum(p1_0.act_activity_amt),p2_0.cr_corp from p09_activity p1_0 join p09_cash_receipt p2_0 on p1_0.cr_refund_type=p2_0.cr_refund_type and p1_0.cr_cntrl_date=p2_0.cr_cntrl_date and p1_0.cr_cntrl_nbr=p2_0.cr_cntrl_nbr where p2_0.cr_corp=? and trim(p1_0.act_activity) in ('FR','PR') group by p1_0.cr_refund_type,p1_0.act_activity,p1_0.cr_cntrl_date,p1_0.cr_cntrl_nbr,p2_0.cr_corp order by p1_0.act_activity,p1_0.cr_refund_type|select p1_0.cr_refund_type,p1_0.act_activity,p1_0.cr_cntrl_date,p1_0.cr_cntrl_nbr,count_big(distinct p1_0.act_activity),sum(p1_0.act_activity_amt),p2_0.cr_corp from p09_activity p1_0 join p09_cash_receipt p2_0 on p1_0.cr_refund_type=p2_0.cr_refund_type and p1_0.cr_cntrl_date=p2_0.cr_cntrl_date and p1_0.cr_cntrl_nbr=p2_0.cr_cntrl_nbr where p2_0.cr_corp='03' and trim(p1_0.act_activity) in ('FR','PR') group by p1_0.cr_refund_type,p1_0.act_activity,p1_0.cr_cntrl_date,p1_0.cr_cntrl_nbr,p2_0.cr_corp order by p1_0.act_activity,p1_0.cr_refund_type
1776793139874|3|commit|connection 0|url jdbc:p6spy:sqlserver://CFSFPTEST:1433;databaseName=CFSFP;encrypt=true;trustServerCertificate=true;||
1776793139885|4|commit|connection 0|url jdbc:p6spy:sqlserver://CFSFPTEST:1433;databaseName=CFSFP;encrypt=true;trustServerCertificate=true;||
1776793139895|3|commit|connection 0|url jdbc:p6spy:sqlserver://CFSFPTEST:1433;databaseName=CFSFP;encrypt=true;trustServerCertificate=true;||
1776793139914|9|commit|connection 0|url jdbc:p6spy:sqlserver://CFSFPTEST:1433;databaseName=CFSFP;encrypt=true;trustServerCertificate=true;||
1776793139932|4|commit|connection 0|url jdbc:p6spy:sqlserver://CFSFPTEST:1433;databaseName=CFSFP;encrypt=true;trustServerCertificate=true;||
1776793283832|1|commit|connection 0|url jdbc:p6spy:sqlserver://CFSFPTEST:1433;databaseName=CFSFP;encrypt=true;trustServerCertificate=true;||
1776793283850|1|statement|connection 0|url jdbc:p6spy:sqlserver://CFSFPTEST:1433;databaseName=CFSFP;encrypt=true;trustServerCertificate=true;|select next value for BATCH_JOB_SEQ|select next value for BATCH_JOB_SEQ
1776793283903|4|commit|connection 0|url jdbc:p6spy:sqlserver://CFSFPTEST:1433;databaseName=CFSFP;encrypt=true;trustServerCertificate=true;||
1776793284055|4|commit|connection 0|url jdbc:p6spy:sqlserver://CFSFPTEST:1433;databaseName=CFSFP;encrypt=true;trustServerCertificate=true;||
1776793284072|0|commit|connection 0|url jdbc:p6spy:sqlserver://CFSFPTEST:1433;databaseName=CFSFP;encrypt=true;trustServerCertificate=true;||
1776793284079|0|commit|connection 0|url jdbc:p6spy:sqlserver://CFSFPTEST:1433;databaseName=CFSFP;encrypt=true;trustServerCertificate=true;||
1776793284090|3|commit|connection 0|url jdbc:p6spy:sqlserver://CFSFPTEST:1433;databaseName=CFSFP;encrypt=true;trustServerCertificate=true;||
1776793284115|3|commit|connection 0|url jdbc:p6spy:sqlserver://CFSFPTEST:1433;databaseName=CFSFP;encrypt=true;trustServerCertificate=true;||
1776793284133|3|commit|connection 0|url jdbc:p6spy:sqlserver://CFSFPTEST:1433;databaseName=CFSFP;encrypt=true;trustServerCertificate=true;||
1776793284488|2|statement|connection 0|url jdbc:p6spy:sqlserver://CFSFPTEST:1433;databaseName=CFSFP;encrypt=true;trustServerCertificate=true;|select 1 from p09_activity p1_0|select 1 from p09_activity p1_0
1776793286641|137|statement|connection 0|url jdbc:p6spy:sqlserver://CFSFPTEST:1433;databaseName=CFSFP;encrypt=true;trustServerCertificate=true;|select p1_0.cr_refund_type,p1_0.act_activity,count_big(*),sum(p1_0.act_activity_amt) from p09_activity p1_0 join p09_cash_receipt p2_0 on p1_0.cr_refund_type=p2_0.cr_refund_type and p1_0.cr_cntrl_date=p2_0.cr_cntrl_date and p1_0.cr_cntrl_nbr=p2_0.cr_cntrl_nbr where p2_0.cr_corp=? and p1_0.act_activity in ('ACC','APP','REM','DEL','LOG','FRR','PRR') group by p1_0.cr_refund_type,p1_0.act_activity order by p1_0.act_activity,p1_0.cr_refund_type|select p1_0.cr_refund_type,p1_0.act_activity,count_big(*),sum(p1_0.act_activity_amt) from p09_activity p1_0 join p09_cash_receipt p2_0 on p1_0.cr_refund_type=p2_0.cr_refund_type and p1_0.cr_cntrl_date=p2_0.cr_cntrl_date and p1_0.cr_cntrl_nbr=p2_0.cr_cntrl_nbr where p2_0.cr_corp='03' and p1_0.act_activity in ('ACC','APP','REM','DEL','LOG','FRR','PRR') group by p1_0.cr_refund_type,p1_0.act_activity order by p1_0.act_activity,p1_0.cr_refund_type
1776793286842|146|statement|connection 0|url jdbc:p6spy:sqlserver://CFSFPTEST:1433;databaseName=CFSFP;encrypt=true;trustServerCertificate=true;|select p1_0.cr_refund_type,p1_0.act_activity,p1_0.cr_cntrl_date,p1_0.cr_cntrl_nbr,count_big(distinct p1_0.act_activity),sum(p1_0.act_activity_amt),p2_0.cr_corp from p09_activity p1_0 join p09_cash_receipt p2_0 on p1_0.cr_refund_type=p2_0.cr_refund_type and p1_0.cr_cntrl_date=p2_0.cr_cntrl_date and p1_0.cr_cntrl_nbr=p2_0.cr_cntrl_nbr where p2_0.cr_corp=? and p1_0.act_activity in ('ACC','APP','REM','DEL','LOG','FRR','PRR') group by p1_0.cr_refund_type,p1_0.act_activity,p1_0.cr_cntrl_date,p1_0.cr_cntrl_nbr,p2_0.cr_corp order by p1_0.act_activity,p1_0.cr_refund_type|select p1_0.cr_refund_type,p1_0.act_activity,p1_0.cr_cntrl_date,p1_0.cr_cntrl_nbr,count_big(distinct p1_0.act_activity),sum(p1_0.act_activity_amt),p2_0.cr_corp from p09_activity p1_0 join p09_cash_receipt p2_0 on p1_0.cr_refund_type=p2_0.cr_refund_type and p1_0.cr_cntrl_date=p2_0.cr_cntrl_date and p1_0.cr_cntrl_nbr=p2_0.cr_cntrl_nbr where p2_0.cr_corp='03' and p1_0.act_activity in ('ACC','APP','REM','DEL','LOG','FRR','PRR') group by p1_0.cr_refund_type,p1_0.act_activity,p1_0.cr_cntrl_date,p1_0.cr_cntrl_nbr,p2_0.cr_corp order by p1_0.act_activity,p1_0.cr_refund_type
1776793287359|460|statement|connection 0|url jdbc:p6spy:sqlserver://CFSFPTEST:1433;databaseName=CFSFP;encrypt=true;trustServerCertificate=true;|select p1_0.cr_refund_type,p1_0.act_activity,p1_0.cr_cntrl_date,p1_0.cr_cntrl_nbr,count_big(distinct p1_0.act_activity),sum(p1_0.act_activity_amt),p2_0.cr_corp from p09_activity p1_0 join p09_cash_receipt p2_0 on p1_0.cr_refund_type=p2_0.cr_refund_type and p1_0.cr_cntrl_date=p2_0.cr_cntrl_date and p1_0.cr_cntrl_nbr=p2_0.cr_cntrl_nbr where p2_0.cr_corp='01' and trim(p1_0.act_activity) in ('FR','PR') group by p1_0.cr_refund_type,p1_0.act_activity,p1_0.cr_cntrl_date,p1_0.cr_cntrl_nbr,p2_0.cr_corp order by p1_0.act_activity,p1_0.cr_refund_type|select p1_0.cr_refund_type,p1_0.act_activity,p1_0.cr_cntrl_date,p1_0.cr_cntrl_nbr,count_big(distinct p1_0.act_activity),sum(p1_0.act_activity_amt),p2_0.cr_corp from p09_activity p1_0 join p09_cash_receipt p2_0 on p1_0.cr_refund_type=p2_0.cr_refund_type and p1_0.cr_cntrl_date=p2_0.cr_cntrl_date and p1_0.cr_cntrl_nbr=p2_0.cr_cntrl_nbr where p2_0.cr_corp='01' and trim(p1_0.act_activity) in ('FR','PR') group by p1_0.cr_refund_type,p1_0.act_activity,p1_0.cr_cntrl_date,p1_0.cr_cntrl_nbr,p2_0.cr_corp order by p1_0.act_activity,p1_0.cr_refund_type
1776793288659|3|commit|connection 0|url jdbc:p6spy:sqlserver://CFSFPTEST:1433;databaseName=CFSFP;encrypt=true;trustServerCertificate=true;||
1776793288670|3|commit|connection 0|url jdbc:p6spy:sqlserver://CFSFPTEST:1433;databaseName=CFSFP;encrypt=true;trustServerCertificate=true;||
1776793288690|7|commit|connection 0|url jdbc:p6spy:sqlserver://CFSFPTEST:1433;databaseName=CFSFP;encrypt=true;trustServerCertificate=true;||
1776793288709|6|commit|connection 0|url jdbc:p6spy:sqlserver://CFSFPTEST:1433;databaseName=CFSFP;encrypt=true;trustServerCertificate=true;||
1776793288733|3|commit|connection 0|url jdbc:p6spy:sqlserver://CFSFPTEST:1433;databaseName=CFSFP;encrypt=true;trustServerCertificate=true;||
1776793459334|14|commit|connection 0|url jdbc:p6spy:sqlserver://CFSFPTEST:1433;databaseName=CFSFP;encrypt=true;trustServerCertificate=true;||
1776793459446|3|statement|connection 0|url jdbc:p6spy:sqlserver://CFSFPTEST:1433;databaseName=CFSFP;encrypt=true;trustServerCertificate=true;|select next value for BATCH_JOB_SEQ|select next value for BATCH_JOB_SEQ
1776793459577|8|commit|connection 0|url jdbc:p6spy:sqlserver://CFSFPTEST:1433;databaseName=CFSFP;encrypt=true;trustServerCertificate=true;||
1776793459802|4|commit|connection 0|url jdbc:p6spy:sqlserver://CFSFPTEST:1433;databaseName=CFSFP;encrypt=true;trustServerCertificate=true;||
1776793459817|0|commit|connection 0|url jdbc:p6spy:sqlserver://CFSFPTEST:1433;databaseName=CFSFP;encrypt=true;trustServerCertificate=true;||
1776793459836|0|commit|connection 0|url jdbc:p6spy:sqlserver://CFSFPTEST:1433;databaseName=CFSFP;encrypt=true;trustServerCertificate=true;||
1776793459848|3|commit|connection 0|url jdbc:p6spy:sqlserver://CFSFPTEST:1433;databaseName=CFSFP;encrypt=true;trustServerCertificate=true;||
1776793459870|3|commit|connection 0|url jdbc:p6spy:sqlserver://CFSFPTEST:1433;databaseName=CFSFP;encrypt=true;trustServerCertificate=true;||
1776793459889|4|commit|connection 0|url jdbc:p6spy:sqlserver://CFSFPTEST:1433;databaseName=CFSFP;encrypt=true;trustServerCertificate=true;||
1776793460271|2|statement|connection 0|url jdbc:p6spy:sqlserver://CFSFPTEST:1433;databaseName=CFSFP;encrypt=true;trustServerCertificate=true;|select 1 from p09_activity p1_0|select 1 from p09_activity p1_0
1776793462669|137|statement|connection 0|url jdbc:p6spy:sqlserver://CFSFPTEST:1433;databaseName=CFSFP;encrypt=true;trustServerCertificate=true;|select p1_0.cr_refund_type,p1_0.act_activity,count_big(*),sum(p1_0.act_activity_amt) from p09_activity p1_0 join p09_cash_receipt p2_0 on p1_0.cr_refund_type=p2_0.cr_refund_type and p1_0.cr_cntrl_date=p2_0.cr_cntrl_date and p1_0.cr_cntrl_nbr=p2_0.cr_cntrl_nbr where p2_0.cr_corp=? and p1_0.act_activity in ('ACC','APP','REM','DEL','LOG','FRR','PRR') group by p1_0.cr_refund_type,p1_0.act_activity order by p1_0.act_activity,p1_0.cr_refund_type|select p1_0.cr_refund_type,p1_0.act_activity,count_big(*),sum(p1_0.act_activity_amt) from p09_activity p1_0 join p09_cash_receipt p2_0 on p1_0.cr_refund_type=p2_0.cr_refund_type and p1_0.cr_cntrl_date=p2_0.cr_cntrl_date and p1_0.cr_cntrl_nbr=p2_0.cr_cntrl_nbr where p2_0.cr_corp='03' and p1_0.act_activity in ('ACC','APP','REM','DEL','LOG','FRR','PRR') group by p1_0.cr_refund_type,p1_0.act_activity order by p1_0.act_activity,p1_0.cr_refund_type
1776793462879|148|statement|connection 0|url jdbc:p6spy:sqlserver://CFSFPTEST:1433;databaseName=CFSFP;encrypt=true;trustServerCertificate=true;|select p1_0.cr_refund_type,p1_0.act_activity,p1_0.cr_cntrl_date,p1_0.cr_cntrl_nbr,count_big(distinct p1_0.act_activity),sum(p1_0.act_activity_amt),p2_0.cr_corp from p09_activity p1_0 join p09_cash_receipt p2_0 on p1_0.cr_refund_type=p2_0.cr_refund_type and p1_0.cr_cntrl_date=p2_0.cr_cntrl_date and p1_0.cr_cntrl_nbr=p2_0.cr_cntrl_nbr where p2_0.cr_corp=? and p1_0.act_activity in ('ACC','APP','REM','DEL','LOG','FRR','PRR') group by p1_0.cr_refund_type,p1_0.act_activity,p1_0.cr_cntrl_date,p1_0.cr_cntrl_nbr,p2_0.cr_corp order by p1_0.act_activity,p1_0.cr_refund_type|select p1_0.cr_refund_type,p1_0.act_activity,p1_0.cr_cntrl_date,p1_0.cr_cntrl_nbr,count_big(distinct p1_0.act_activity),sum(p1_0.act_activity_amt),p2_0.cr_corp from p09_activity p1_0 join p09_cash_receipt p2_0 on p1_0.cr_refund_type=p2_0.cr_refund_type and p1_0.cr_cntrl_date=p2_0.cr_cntrl_date and p1_0.cr_cntrl_nbr=p2_0.cr_cntrl_nbr where p2_0.cr_corp='03' and p1_0.act_activity in ('ACC','APP','REM','DEL','LOG','FRR','PRR') group by p1_0.cr_refund_type,p1_0.act_activity,p1_0.cr_cntrl_date,p1_0.cr_cntrl_nbr,p2_0.cr_corp order by p1_0.act_activity,p1_0.cr_refund_type
1776793463098|172|statement|connection 0|url jdbc:p6spy:sqlserver://CFSFPTEST:1433;databaseName=CFSFP;encrypt=true;trustServerCertificate=true;|select p1_0.cr_refund_type,p1_0.act_activity,p1_0.cr_cntrl_date,p1_0.cr_cntrl_nbr,count_big(distinct p1_0.act_activity),sum(p1_0.act_activity_amt),p2_0.cr_corp from p09_activity p1_0 join p09_cash_receipt p2_0 on p1_0.cr_refund_type=p2_0.cr_refund_type and p1_0.cr_cntrl_date=p2_0.cr_cntrl_date and p1_0.cr_cntrl_nbr=p2_0.cr_cntrl_nbr where p2_0.cr_corp=? and trim(p1_0.act_activity) in ('FR','PR') group by p1_0.cr_refund_type,p1_0.act_activity,p1_0.cr_cntrl_date,p1_0.cr_cntrl_nbr,p2_0.cr_corp order by p1_0.act_activity,p1_0.cr_refund_type|select p1_0.cr_refund_type,p1_0.act_activity,p1_0.cr_cntrl_date,p1_0.cr_cntrl_nbr,count_big(distinct p1_0.act_activity),sum(p1_0.act_activity_amt),p2_0.cr_corp from p09_activity p1_0 join p09_cash_receipt p2_0 on p1_0.cr_refund_type=p2_0.cr_refund_type and p1_0.cr_cntrl_date=p2_0.cr_cntrl_date and p1_0.cr_cntrl_nbr=p2_0.cr_cntrl_nbr where p2_0.cr_corp='03' and trim(p1_0.act_activity) in ('FR','PR') group by p1_0.cr_refund_type,p1_0.act_activity,p1_0.cr_cntrl_date,p1_0.cr_cntrl_nbr,p2_0.cr_corp order by p1_0.act_activity,p1_0.cr_refund_type
1776793463313|201|statement|connection 0|url jdbc:p6spy:sqlserver://CFSFPTEST:1433;databaseName=CFSFP;encrypt=true;trustServerCertificate=true;|select p1_0.cr_refund_type,p1_0.act_activity,p1_0.cr_cntrl_date,p1_0.cr_cntrl_nbr,count_big(distinct p1_0.act_activity),sum(p1_0.act_activity_amt),p2_0.cr_corp from p09_activity p1_0 join p09_cash_receipt p2_0 on p1_0.cr_refund_type=p2_0.cr_refund_type and p1_0.cr_cntrl_date=p2_0.cr_cntrl_date and p1_0.cr_cntrl_nbr=p2_0.cr_cntrl_nbr where p2_0.cr_corp=? and trim(p1_0.act_activity) in ('RAA','RAD','RAR','RCK','OTH','RRE','CAN','MOD','PEN') group by p1_0.cr_refund_type,p1_0.act_activity,p1_0.cr_cntrl_date,p1_0.cr_cntrl_nbr,p2_0.cr_corp order by p1_0.act_activity,p1_0.cr_refund_type|select p1_0.cr_refund_type,p1_0.act_activity,p1_0.cr_cntrl_date,p1_0.cr_cntrl_nbr,count_big(distinct p1_0.act_activity),sum(p1_0.act_activity_amt),p2_0.cr_corp from p09_activity p1_0 join p09_cash_receipt p2_0 on p1_0.cr_refund_type=p2_0.cr_refund_type and p1_0.cr_cntrl_date=p2_0.cr_cntrl_date and p1_0.cr_cntrl_nbr=p2_0.cr_cntrl_nbr where p2_0.cr_corp='03' and trim(p1_0.act_activity) in ('RAA','RAD','RAR','RCK','OTH','RRE','CAN','MOD','PEN') group by p1_0.cr_refund_type,p1_0.act_activity,p1_0.cr_cntrl_date,p1_0.cr_cntrl_nbr,p2_0.cr_corp order by p1_0.act_activity,p1_0.cr_refund_type
1776793463384|1|rollback|connection 0|url jdbc:p6spy:sqlserver://CFSFPTEST:1433;databaseName=CFSFP;encrypt=true;trustServerCertificate=true;||
1776793463498|17|commit|connection 0|url jdbc:p6spy:sqlserver://CFSFPTEST:1433;databaseName=CFSFP;encrypt=true;trustServerCertificate=true;||
1776793463544|19|commit|connection 0|url jdbc:p6spy:sqlserver://CFSFPTEST:1433;databaseName=CFSFP;encrypt=true;trustServerCertificate=true;||
1776793463592|7|commit|connection 0|url jdbc:p6spy:sqlserver://CFSFPTEST:1433;databaseName=CFSFP;encrypt=true;trustServerCertificate=true;||
1776793463649|11|commit|connection 0|url jdbc:p6spy:sqlserver://CFSFPTEST:1433;databaseName=CFSFP;encrypt=true;trustServerCertificate=true;||
1776793616844|10|commit|connection 0|url jdbc:p6spy:sqlserver://CFSFPTEST:1433;databaseName=CFSFP;encrypt=true;trustServerCertificate=true;||
1776793616886|0|statement|connection 0|url jdbc:p6spy:sqlserver://CFSFPTEST:1433;databaseName=CFSFP;encrypt=true;trustServerCertificate=true;|select next value for BATCH_JOB_SEQ|select next value for BATCH_JOB_SEQ
1776793616954|4|commit|connection 0|url jdbc:p6spy:sqlserver://CFSFPTEST:1433;databaseName=CFSFP;encrypt=true;trustServerCertificate=true;||
1776793617101|4|commit|connection 0|url jdbc:p6spy:sqlserver://CFSFPTEST:1433;databaseName=CFSFP;encrypt=true;trustServerCertificate=true;||
1776793617129|0|commit|connection 0|url jdbc:p6spy:sqlserver://CFSFPTEST:1433;databaseName=CFSFP;encrypt=true;trustServerCertificate=true;||
1776793617138|0|commit|connection 0|url jdbc:p6spy:sqlserver://CFSFPTEST:1433;databaseName=CFSFP;encrypt=true;trustServerCertificate=true;||
1776793617153|4|commit|connection 0|url jdbc:p6spy:sqlserver://CFSFPTEST:1433;databaseName=CFSFP;encrypt=true;trustServerCertificate=true;||
1776793617188|4|commit|connection 0|url jdbc:p6spy:sqlserver://CFSFPTEST:1433;databaseName=CFSFP;encrypt=true;trustServerCertificate=true;||
1776793617238|4|commit|connection 0|url jdbc:p6spy:sqlserver://CFSFPTEST:1433;databaseName=CFSFP;encrypt=true;trustServerCertificate=true;||
1776793617946|2|statement|connection 0|url jdbc:p6spy:sqlserver://CFSFPTEST:1433;databaseName=CFSFP;encrypt=true;trustServerCertificate=true;|select 1 from p09_activity p1_0|select 1 from p09_activity p1_0
1776793620207|139|statement|connection 0|url jdbc:p6spy:sqlserver://CFSFPTEST:1433;databaseName=CFSFP;encrypt=true;trustServerCertificate=true;|select p1_0.cr_refund_type,p1_0.act_activity,count_big(*),sum(p1_0.act_activity_amt) from p09_activity p1_0 join p09_cash_receipt p2_0 on p1_0.cr_refund_type=p2_0.cr_refund_type and p1_0.cr_cntrl_date=p2_0.cr_cntrl_date and p1_0.cr_cntrl_nbr=p2_0.cr_cntrl_nbr where p2_0.cr_corp=? and p1_0.act_activity in ('ACC','APP','REM','DEL','LOG','FRR','PRR') group by p1_0.cr_refund_type,p1_0.act_activity order by p1_0.act_activity,p1_0.cr_refund_type|select p1_0.cr_refund_type,p1_0.act_activity,count_big(*),sum(p1_0.act_activity_amt) from p09_activity p1_0 join p09_cash_receipt p2_0 on p1_0.cr_refund_type=p2_0.cr_refund_type and p1_0.cr_cntrl_date=p2_0.cr_cntrl_date and p1_0.cr_cntrl_nbr=p2_0.cr_cntrl_nbr where p2_0.cr_corp='03' and p1_0.act_activity in ('ACC','APP','REM','DEL','LOG','FRR','PRR') group by p1_0.cr_refund_type,p1_0.act_activity order by p1_0.act_activity,p1_0.cr_refund_type
1776793620414|148|statement|connection 0|url jdbc:p6spy:sqlserver://CFSFPTEST:1433;databaseName=CFSFP;encrypt=true;trustServerCertificate=true;|select p1_0.cr_refund_type,p1_0.act_activity,p1_0.cr_cntrl_date,p1_0.cr_cntrl_nbr,count_big(distinct p1_0.act_activity),sum(p1_0.act_activity_amt),p2_0.cr_corp from p09_activity p1_0 join p09_cash_receipt p2_0 on p1_0.cr_refund_type=p2_0.cr_refund_type and p1_0.cr_cntrl_date=p2_0.cr_cntrl_date and p1_0.cr_cntrl_nbr=p2_0.cr_cntrl_nbr where p2_0.cr_corp=? and p1_0.act_activity in ('ACC','APP','REM','DEL','LOG','FRR','PRR') group by p1_0.cr_refund_type,p1_0.act_activity,p1_0.cr_cntrl_date,p1_0.cr_cntrl_nbr,p2_0.cr_corp order by p1_0.act_activity,p1_0.cr_refund_type|select p1_0.cr_refund_type,p1_0.act_activity,p1_0.cr_cntrl_date,p1_0.cr_cntrl_nbr,count_big(distinct p1_0.act_activity),sum(p1_0.act_activity_amt),p2_0.cr_corp from p09_activity p1_0 join p09_cash_receipt p2_0 on p1_0.cr_refund_type=p2_0.cr_refund_type and p1_0.cr_cntrl_date=p2_0.cr_cntrl_date and p1_0.cr_cntrl_nbr=p2_0.cr_cntrl_nbr where p2_0.cr_corp='03' and p1_0.act_activity in ('ACC','APP','REM','DEL','LOG','FRR','PRR') group by p1_0.cr_refund_type,p1_0.act_activity,p1_0.cr_cntrl_date,p1_0.cr_cntrl_nbr,p2_0.cr_corp order by p1_0.act_activity,p1_0.cr_refund_type
1776793620631|172|statement|connection 0|url jdbc:p6spy:sqlserver://CFSFPTEST:1433;databaseName=CFSFP;encrypt=true;trustServerCertificate=true;|select p1_0.cr_refund_type,p1_0.act_activity,p1_0.cr_cntrl_date,p1_0.cr_cntrl_nbr,count_big(distinct p1_0.act_activity),sum(p1_0.act_activity_amt),p2_0.cr_corp from p09_activity p1_0 join p09_cash_receipt p2_0 on p1_0.cr_refund_type=p2_0.cr_refund_type and p1_0.cr_cntrl_date=p2_0.cr_cntrl_date and p1_0.cr_cntrl_nbr=p2_0.cr_cntrl_nbr where p2_0.cr_corp=? and trim(p1_0.act_activity) in ('FR','PR') group by p1_0.cr_refund_type,p1_0.act_activity,p1_0.cr_cntrl_date,p1_0.cr_cntrl_nbr,p2_0.cr_corp order by p1_0.act_activity,p1_0.cr_refund_type|select p1_0.cr_refund_type,p1_0.act_activity,p1_0.cr_cntrl_date,p1_0.cr_cntrl_nbr,count_big(distinct p1_0.act_activity),sum(p1_0.act_activity_amt),p2_0.cr_corp from p09_activity p1_0 join p09_cash_receipt p2_0 on p1_0.cr_refund_type=p2_0.cr_refund_type and p1_0.cr_cntrl_date=p2_0.cr_cntrl_date and p1_0.cr_cntrl_nbr=p2_0.cr_cntrl_nbr where p2_0.cr_corp='03' and trim(p1_0.act_activity) in ('FR','PR') group by p1_0.cr_refund_type,p1_0.act_activity,p1_0.cr_cntrl_date,p1_0.cr_cntrl_nbr,p2_0.cr_corp order by p1_0.act_activity,p1_0.cr_refund_type
1776793620822|179|statement|connection 0|url jdbc:p6spy:sqlserver://CFSFPTEST:1433;databaseName=CFSFP;encrypt=true;trustServerCertificate=true;|select p1_0.cr_refund_type,p1_0.act_activity,p1_0.cr_cntrl_date,p1_0.cr_cntrl_nbr,count_big(distinct p1_0.act_activity),sum(p1_0.act_activity_amt),p2_0.cr_corp from p09_activity p1_0 join p09_cash_receipt p2_0 on p1_0.cr_refund_type=p2_0.cr_refund_type and p1_0.cr_cntrl_date=p2_0.cr_cntrl_date and p1_0.cr_cntrl_nbr=p2_0.cr_cntrl_nbr where p2_0.cr_corp=? and trim(p1_0.act_activity) in ('RAA','RAD','RAR','RCK','OTH','RRE','CAN','MOD','PEN') group by p1_0.cr_refund_type,p1_0.act_activity,p1_0.cr_cntrl_date,p1_0.cr_cntrl_nbr,p2_0.cr_corp order by p1_0.act_activity,p1_0.cr_refund_type|select p1_0.cr_refund_type,p1_0.act_activity,p1_0.cr_cntrl_date,p1_0.cr_cntrl_nbr,count_big(distinct p1_0.act_activity),sum(p1_0.act_activity_amt),p2_0.cr_corp from p09_activity p1_0 join p09_cash_receipt p2_0 on p1_0.cr_refund_type=p2_0.cr_refund_type and p1_0.cr_cntrl_date=p2_0.cr_cntrl_date and p1_0.cr_cntrl_nbr=p2_0.cr_cntrl_nbr where p2_0.cr_corp='03' and trim(p1_0.act_activity) in ('RAA','RAD','RAR','RCK','OTH','RRE','CAN','MOD','PEN') group by p1_0.cr_refund_type,p1_0.act_activity,p1_0.cr_cntrl_date,p1_0.cr_cntrl_nbr,p2_0.cr_corp order by p1_0.act_activity,p1_0.cr_refund_type
1776793620837|1|rollback|connection 0|url jdbc:p6spy:sqlserver://CFSFPTEST:1433;databaseName=CFSFP;encrypt=true;trustServerCertificate=true;||
1776793620898|4|commit|connection 0|url jdbc:p6spy:sqlserver://CFSFPTEST:1433;databaseName=CFSFP;encrypt=true;trustServerCertificate=true;||
1776793620922|8|commit|connection 0|url jdbc:p6spy:sqlserver://CFSFPTEST:1433;databaseName=CFSFP;encrypt=true;trustServerCertificate=true;||
1776793620954|11|commit|connection 0|url jdbc:p6spy:sqlserver://CFSFPTEST:1433;databaseName=CFSFP;encrypt=true;trustServerCertificate=true;||
1776793620972|4|commit|connection 0|url jdbc:p6spy:sqlserver://CFSFPTEST:1433;databaseName=CFSFP;encrypt=true;trustServerCertificate=true;||
1776793763466|1|commit|connection 0|url jdbc:p6spy:sqlserver://CFSFPTEST:1433;databaseName=CFSFP;encrypt=true;trustServerCertificate=true;||
1776793763503|1|statement|connection 0|url jdbc:p6spy:sqlserver://CFSFPTEST:1433;databaseName=CFSFP;encrypt=true;trustServerCertificate=true;|select next value for BATCH_JOB_SEQ|select next value for BATCH_JOB_SEQ
1776793763567|4|commit|connection 0|url jdbc:p6spy:sqlserver://CFSFPTEST:1433;databaseName=CFSFP;encrypt=true;trustServerCertificate=true;||
1776793763822|4|commit|connection 0|url jdbc:p6spy:sqlserver://CFSFPTEST:1433;databaseName=CFSFP;encrypt=true;trustServerCertificate=true;||
1776793763854|0|commit|connection 0|url jdbc:p6spy:sqlserver://CFSFPTEST:1433;databaseName=CFSFP;encrypt=true;trustServerCertificate=true;||
1776793763872|0|commit|connection 0|url jdbc:p6spy:sqlserver://CFSFPTEST:1433;databaseName=CFSFP;encrypt=true;trustServerCertificate=true;||
1776793763887|6|commit|connection 0|url jdbc:p6spy:sqlserver://CFSFPTEST:1433;databaseName=CFSFP;encrypt=true;trustServerCertificate=true;||
1776793763923|4|commit|connection 0|url jdbc:p6spy:sqlserver://CFSFPTEST:1433;databaseName=CFSFP;encrypt=true;trustServerCertificate=true;||
1776793763945|3|commit|connection 0|url jdbc:p6spy:sqlserver://CFSFPTEST:1433;databaseName=CFSFP;encrypt=true;trustServerCertificate=true;||
1776793764575|12|statement|connection 0|url jdbc:p6spy:sqlserver://CFSFPTEST:1433;databaseName=CFSFP;encrypt=true;trustServerCertificate=true;|select 1 from p09_activity p1_0|select 1 from p09_activity p1_0
1776793766803|135|statement|connection 0|url jdbc:p6spy:sqlserver://CFSFPTEST:1433;databaseName=CFSFP;encrypt=true;trustServerCertificate=true;|select p1_0.cr_refund_type,p1_0.act_activity,count_big(*),sum(p1_0.act_activity_amt) from p09_activity p1_0 join p09_cash_receipt p2_0 on p1_0.cr_refund_type=p2_0.cr_refund_type and p1_0.cr_cntrl_date=p2_0.cr_cntrl_date and p1_0.cr_cntrl_nbr=p2_0.cr_cntrl_nbr where p2_0.cr_corp=? and p1_0.act_activity in ('ACC','APP','REM','DEL','LOG','FRR','PRR') group by p1_0.cr_refund_type,p1_0.act_activity order by p1_0.act_activity,p1_0.cr_refund_type|select p1_0.cr_refund_type,p1_0.act_activity,count_big(*),sum(p1_0.act_activity_amt) from p09_activity p1_0 join p09_cash_receipt p2_0 on p1_0.cr_refund_type=p2_0.cr_refund_type and p1_0.cr_cntrl_date=p2_0.cr_cntrl_date and p1_0.cr_cntrl_nbr=p2_0.cr_cntrl_nbr where p2_0.cr_corp='03' and p1_0.act_activity in ('ACC','APP','REM','DEL','LOG','FRR','PRR') group by p1_0.cr_refund_type,p1_0.act_activity order by p1_0.act_activity,p1_0.cr_refund_type
1776793767002|149|statement|connection 0|url jdbc:p6spy:sqlserver://CFSFPTEST:1433;databaseName=CFSFP;encrypt=true;trustServerCertificate=true;|select p1_0.cr_refund_type,p1_0.act_activity,p1_0.cr_cntrl_date,p1_0.cr_cntrl_nbr,count_big(distinct p1_0.act_activity),sum(p1_0.act_activity_amt),p2_0.cr_corp from p09_activity p1_0 join p09_cash_receipt p2_0 on p1_0.cr_refund_type=p2_0.cr_refund_type and p1_0.cr_cntrl_date=p2_0.cr_cntrl_date and p1_0.cr_cntrl_nbr=p2_0.cr_cntrl_nbr where p2_0.cr_corp=? and p1_0.act_activity in ('ACC','APP','REM','DEL','LOG','FRR','PRR') group by p1_0.cr_refund_type,p1_0.act_activity,p1_0.cr_cntrl_date,p1_0.cr_cntrl_nbr,p2_0.cr_corp order by p1_0.act_activity,p1_0.cr_refund_type|select p1_0.cr_refund_type,p1_0.act_activity,p1_0.cr_cntrl_date,p1_0.cr_cntrl_nbr,count_big(distinct p1_0.act_activity),sum(p1_0.act_activity_amt),p2_0.cr_corp from p09_activity p1_0 join p09_cash_receipt p2_0 on p1_0.cr_refund_type=p2_0.cr_refund_type and p1_0.cr_cntrl_date=p2_0.cr_cntrl_date and p1_0.cr_cntrl_nbr=p2_0.cr_cntrl_nbr where p2_0.cr_corp='03' and p1_0.act_activity in ('ACC','APP','REM','DEL','LOG','FRR','PRR') group by p1_0.cr_refund_type,p1_0.act_activity,p1_0.cr_cntrl_date,p1_0.cr_cntrl_nbr,p2_0.cr_corp order by p1_0.act_activity,p1_0.cr_refund_type
1776793767220|175|statement|connection 0|url jdbc:p6spy:sqlserver://CFSFPTEST:1433;databaseName=CFSFP;encrypt=true;trustServerCertificate=true;|select p1_0.cr_refund_type,p1_0.act_activity,p1_0.cr_cntrl_date,p1_0.cr_cntrl_nbr,count_big(distinct p1_0.act_activity),sum(p1_0.act_activity_amt),p2_0.cr_corp from p09_activity p1_0 join p09_cash_receipt p2_0 on p1_0.cr_refund_type=p2_0.cr_refund_type and p1_0.cr_cntrl_date=p2_0.cr_cntrl_date and p1_0.cr_cntrl_nbr=p2_0.cr_cntrl_nbr where p2_0.cr_corp=? and trim(p1_0.act_activity) in ('FR','PR') group by p1_0.cr_refund_type,p1_0.act_activity,p1_0.cr_cntrl_date,p1_0.cr_cntrl_nbr,p2_0.cr_corp order by p1_0.act_activity,p1_0.cr_refund_type|select p1_0.cr_refund_type,p1_0.act_activity,p1_0.cr_cntrl_date,p1_0.cr_cntrl_nbr,count_big(distinct p1_0.act_activity),sum(p1_0.act_activity_amt),p2_0.cr_corp from p09_activity p1_0 join p09_cash_receipt p2_0 on p1_0.cr_refund_type=p2_0.cr_refund_type and p1_0.cr_cntrl_date=p2_0.cr_cntrl_date and p1_0.cr_cntrl_nbr=p2_0.cr_cntrl_nbr where p2_0.cr_corp='03' and trim(p1_0.act_activity) in ('FR','PR') group by p1_0.cr_refund_type,p1_0.act_activity,p1_0.cr_cntrl_date,p1_0.cr_cntrl_nbr,p2_0.cr_corp order by p1_0.act_activity,p1_0.cr_refund_type
1776793767409|179|statement|connection 0|url jdbc:p6spy:sqlserver://CFSFPTEST:1433;databaseName=CFSFP;encrypt=true;trustServerCertificate=true;|select p1_0.cr_refund_type,p1_0.act_activity,p1_0.cr_cntrl_date,p1_0.cr_cntrl_nbr,count_big(distinct p1_0.act_activity),sum(p1_0.act_activity_amt),p2_0.cr_corp from p09_activity p1_0 join p09_cash_receipt p2_0 on p1_0.cr_refund_type=p2_0.cr_refund_type and p1_0.cr_cntrl_date=p2_0.cr_cntrl_date and p1_0.cr_cntrl_nbr=p2_0.cr_cntrl_nbr where p2_0.cr_corp=? and trim(p1_0.act_activity) in ('RAA','RAD','RAR','RCK','OTH','RRE','CAN','MOD','PEN') group by p1_0.cr_refund_type,p1_0.act_activity,p1_0.cr_cntrl_date,p1_0.cr_cntrl_nbr,p2_0.cr_corp order by p1_0.act_activity,p1_0.cr_refund_type|select p1_0.cr_refund_type,p1_0.act_activity,p1_0.cr_cntrl_date,p1_0.cr_cntrl_nbr,count_big(distinct p1_0.act_activity),sum(p1_0.act_activity_amt),p2_0.cr_corp from p09_activity p1_0 join p09_cash_receipt p2_0 on p1_0.cr_refund_type=p2_0.cr_refund_type and p1_0.cr_cntrl_date=p2_0.cr_cntrl_date and p1_0.cr_cntrl_nbr=p2_0.cr_cntrl_nbr where p2_0.cr_corp='03' and trim(p1_0.act_activity) in ('RAA','RAD','RAR','RCK','OTH','RRE','CAN','MOD','PEN') group by p1_0.cr_refund_type,p1_0.act_activity,p1_0.cr_cntrl_date,p1_0.cr_cntrl_nbr,p2_0.cr_corp order by p1_0.act_activity,p1_0.cr_refund_type
1776793767432|4|rollback|connection 0|url jdbc:p6spy:sqlserver://CFSFPTEST:1433;databaseName=CFSFP;encrypt=true;trustServerCertificate=true;||
1776793767578|12|commit|connection 0|url jdbc:p6spy:sqlserver://CFSFPTEST:1433;databaseName=CFSFP;encrypt=true;trustServerCertificate=true;||
1776793767602|4|commit|connection 0|url jdbc:p6spy:sqlserver://CFSFPTEST:1433;databaseName=CFSFP;encrypt=true;trustServerCertificate=true;||
1776793767622|3|commit|connection 0|url jdbc:p6spy:sqlserver://CFSFPTEST:1433;databaseName=CFSFP;encrypt=true;trustServerCertificate=true;||
1776793767643|3|commit|connection 0|url jdbc:p6spy:sqlserver://CFSFPTEST:1433;databaseName=CFSFP;encrypt=true;trustServerCertificate=true;||
1776794087907|1|commit|connection 0|url jdbc:p6spy:sqlserver://CFSFPTEST:1433;databaseName=CFSFP;encrypt=true;trustServerCertificate=true;||
1776794087939|4|statement|connection 0|url jdbc:p6spy:sqlserver://CFSFPTEST:1433;databaseName=CFSFP;encrypt=true;trustServerCertificate=true;|select next value for BATCH_JOB_SEQ|select next value for BATCH_JOB_SEQ
1776794088031|7|commit|connection 0|url jdbc:p6spy:sqlserver://CFSFPTEST:1433;databaseName=CFSFP;encrypt=true;trustServerCertificate=true;||
1776794088251|4|commit|connection 0|url jdbc:p6spy:sqlserver://CFSFPTEST:1433;databaseName=CFSFP;encrypt=true;trustServerCertificate=true;||
1776794088268|0|commit|connection 0|url jdbc:p6spy:sqlserver://CFSFPTEST:1433;databaseName=CFSFP;encrypt=true;trustServerCertificate=true;||
1776794088280|2|commit|connection 0|url jdbc:p6spy:sqlserver://CFSFPTEST:1433;databaseName=CFSFP;encrypt=true;trustServerCertificate=true;||
1776794088302|5|commit|connection 0|url jdbc:p6spy:sqlserver://CFSFPTEST:1433;databaseName=CFSFP;encrypt=true;trustServerCertificate=true;||
1776794088333|7|commit|connection 0|url jdbc:p6spy:sqlserver://CFSFPTEST:1433;databaseName=CFSFP;encrypt=true;trustServerCertificate=true;||
1776794088361|5|commit|connection 0|url jdbc:p6spy:sqlserver://CFSFPTEST:1433;databaseName=CFSFP;encrypt=true;trustServerCertificate=true;||
1776794088982|3|statement|connection 0|url jdbc:p6spy:sqlserver://CFSFPTEST:1433;databaseName=CFSFP;encrypt=true;trustServerCertificate=true;|select 1 from p09_activity p1_0|select 1 from p09_activity p1_0
1776794091311|169|statement|connection 0|url jdbc:p6spy:sqlserver://CFSFPTEST:1433;databaseName=CFSFP;encrypt=true;trustServerCertificate=true;|select p1_0.cr_refund_type,p1_0.act_activity,p1_0.cr_cntrl_date,p1_0.cr_cntrl_nbr,count_big(distinct p1_0.act_activity),sum(p1_0.act_activity_amt),p2_0.cr_corp from p09_activity p1_0 join p09_cash_receipt p2_0 on p1_0.cr_refund_type=p2_0.cr_refund_type and p1_0.cr_cntrl_date=p2_0.cr_cntrl_date and p1_0.cr_cntrl_nbr=p2_0.cr_cntrl_nbr where p2_0.cr_corp=? and p1_0.act_activity in ('RAA','RAD','RAR','RCK','OTH','RRE','CAN','MOD','PEN') group by p1_0.cr_refund_type,p1_0.act_activity,p1_0.cr_cntrl_date,p1_0.cr_cntrl_nbr,p2_0.cr_corp order by p1_0.act_activity,p1_0.cr_refund_type|select p1_0.cr_refund_type,p1_0.act_activity,p1_0.cr_cntrl_date,p1_0.cr_cntrl_nbr,count_big(distinct p1_0.act_activity),sum(p1_0.act_activity_amt),p2_0.cr_corp from p09_activity p1_0 join p09_cash_receipt p2_0 on p1_0.cr_refund_type=p2_0.cr_refund_type and p1_0.cr_cntrl_date=p2_0.cr_cntrl_date and p1_0.cr_cntrl_nbr=p2_0.cr_cntrl_nbr where p2_0.cr_corp='03' and p1_0.act_activity in ('RAA','RAD','RAR','RCK','OTH','RRE','CAN','MOD','PEN') group by p1_0.cr_refund_type,p1_0.act_activity,p1_0.cr_cntrl_date,p1_0.cr_cntrl_nbr,p2_0.cr_corp order by p1_0.act_activity,p1_0.cr_refund_type
1776794192838|10|rollback|connection 0|url jdbc:p6spy:sqlserver://CFSFPTEST:1433;databaseName=CFSFP;encrypt=true;trustServerCertificate=true;||
1776794192925|5|commit|connection 0|url jdbc:p6spy:sqlserver://CFSFPTEST:1433;databaseName=CFSFP;encrypt=true;trustServerCertificate=true;||
1776794192969|20|commit|connection 0|url jdbc:p6spy:sqlserver://CFSFPTEST:1433;databaseName=CFSFP;encrypt=true;trustServerCertificate=true;||
1776794192991|6|commit|connection 0|url jdbc:p6spy:sqlserver://CFSFPTEST:1433;databaseName=CFSFP;encrypt=true;trustServerCertificate=true;||
1776794193018|6|commit|connection 0|url jdbc:p6spy:sqlserver://CFSFPTEST:1433;databaseName=CFSFP;encrypt=true;trustServerCertificate=true;||
1776794398657|4|commit|connection 0|url jdbc:p6spy:sqlserver://CFSFPTEST:1433;databaseName=CFSFP;encrypt=true;trustServerCertificate=true;||
1776794398695|1|statement|connection 0|url jdbc:p6spy:sqlserver://CFSFPTEST:1433;databaseName=CFSFP;encrypt=true;trustServerCertificate=true;|select next value for BATCH_JOB_SEQ|select next value for BATCH_JOB_SEQ
1776794398790|4|commit|connection 0|url jdbc:p6spy:sqlserver://CFSFPTEST:1433;databaseName=CFSFP;encrypt=true;trustServerCertificate=true;||
1776794398951|3|commit|connection 0|url jdbc:p6spy:sqlserver://CFSFPTEST:1433;databaseName=CFSFP;encrypt=true;trustServerCertificate=true;||
1776794398981|1|commit|connection 0|url jdbc:p6spy:sqlserver://CFSFPTEST:1433;databaseName=CFSFP;encrypt=true;trustServerCertificate=true;||
1776794399001|2|commit|connection 0|url jdbc:p6spy:sqlserver://CFSFPTEST:1433;databaseName=CFSFP;encrypt=true;trustServerCertificate=true;||
1776794399024|6|commit|connection 0|url jdbc:p6spy:sqlserver://CFSFPTEST:1433;databaseName=CFSFP;encrypt=true;trustServerCertificate=true;||
1776794399065|8|commit|connection 0|url jdbc:p6spy:sqlserver://CFSFPTEST:1433;databaseName=CFSFP;encrypt=true;trustServerCertificate=true;||
1776794399088|4|commit|connection 0|url jdbc:p6spy:sqlserver://CFSFPTEST:1433;databaseName=CFSFP;encrypt=true;trustServerCertificate=true;||
1776794399725|2|statement|connection 0|url jdbc:p6spy:sqlserver://CFSFPTEST:1433;databaseName=CFSFP;encrypt=true;trustServerCertificate=true;|select 1 from p09_activity p1_0|select 1 from p09_activity p1_0
1776794402028|157|statement|connection 0|url jdbc:p6spy:sqlserver://CFSFPTEST:1433;databaseName=CFSFP;encrypt=true;trustServerCertificate=true;|select p1_0.cr_refund_type,p1_0.act_activity,p1_0.cr_cntrl_date,p1_0.cr_cntrl_nbr,count_big(distinct p1_0.act_activity),sum(p1_0.act_activity_amt),p2_0.cr_corp from p09_activity p1_0 join p09_cash_receipt p2_0 on p1_0.cr_refund_type=p2_0.cr_refund_type and p1_0.cr_cntrl_date=p2_0.cr_cntrl_date and p1_0.cr_cntrl_nbr=p2_0.cr_cntrl_nbr where p2_0.cr_corp=? and p1_0.act_activity in ('RAA','RAD','RAR','RCK','OTH','RRE','CAN','MOD','PEN') group by p1_0.cr_refund_type,p1_0.act_activity,p1_0.cr_cntrl_date,p1_0.cr_cntrl_nbr,p2_0.cr_corp order by p1_0.act_activity,p1_0.cr_refund_type|select p1_0.cr_refund_type,p1_0.act_activity,p1_0.cr_cntrl_date,p1_0.cr_cntrl_nbr,count_big(distinct p1_0.act_activity),sum(p1_0.act_activity_amt),p2_0.cr_corp from p09_activity p1_0 join p09_cash_receipt p2_0 on p1_0.cr_refund_type=p2_0.cr_refund_type and p1_0.cr_cntrl_date=p2_0.cr_cntrl_date and p1_0.cr_cntrl_nbr=p2_0.cr_cntrl_nbr where p2_0.cr_corp='03' and p1_0.act_activity in ('RAA','RAD','RAR','RCK','OTH','RRE','CAN','MOD','PEN') group by p1_0.cr_refund_type,p1_0.act_activity,p1_0.cr_cntrl_date,p1_0.cr_cntrl_nbr,p2_0.cr_corp order by p1_0.act_activity,p1_0.cr_refund_type
1776794402175|2|rollback|connection 0|url jdbc:p6spy:sqlserver://CFSFPTEST:1433;databaseName=CFSFP;encrypt=true;trustServerCertificate=true;||
1776794402245|4|commit|connection 0|url jdbc:p6spy:sqlserver://CFSFPTEST:1433;databaseName=CFSFP;encrypt=true;trustServerCertificate=true;||
1776794402258|5|commit|connection 0|url jdbc:p6spy:sqlserver://CFSFPTEST:1433;databaseName=CFSFP;encrypt=true;trustServerCertificate=true;||
1776794402273|4|commit|connection 0|url jdbc:p6spy:sqlserver://CFSFPTEST:1433;databaseName=CFSFP;encrypt=true;trustServerCertificate=true;||
1776794402309|4|commit|connection 0|url jdbc:p6spy:sqlserver://CFSFPTEST:1433;databaseName=CFSFP;encrypt=true;trustServerCertificate=true;||
1776798084205|13|commit|connection 0|url jdbc:p6spy:sqlserver://CFSFPTEST:1433;databaseName=CFSFP;encrypt=true;trustServerCertificate=true;||
1776798084266|3|statement|connection 0|url jdbc:p6spy:sqlserver://CFSFPTEST:1433;databaseName=CFSFP;encrypt=true;trustServerCertificate=true;|select next value for BATCH_JOB_SEQ|select next value for BATCH_JOB_SEQ
1776798084385|8|commit|connection 0|url jdbc:p6spy:sqlserver://CFSFPTEST:1433;databaseName=CFSFP;encrypt=true;trustServerCertificate=true;||
1776798084584|4|commit|connection 0|url jdbc:p6spy:sqlserver://CFSFPTEST:1433;databaseName=CFSFP;encrypt=true;trustServerCertificate=true;||
1776798084610|5|commit|connection 0|url jdbc:p6spy:sqlserver://CFSFPTEST:1433;databaseName=CFSFP;encrypt=true;trustServerCertificate=true;||
1776798084627|0|commit|connection 0|url jdbc:p6spy:sqlserver://CFSFPTEST:1433;databaseName=CFSFP;encrypt=true;trustServerCertificate=true;||
1776798084649|3|commit|connection 0|url jdbc:p6spy:sqlserver://CFSFPTEST:1433;databaseName=CFSFP;encrypt=true;trustServerCertificate=true;||
1776798084684|11|commit|connection 0|url jdbc:p6spy:sqlserver://CFSFPTEST:1433;databaseName=CFSFP;encrypt=true;trustServerCertificate=true;||
1776798084714|3|commit|connection 0|url jdbc:p6spy:sqlserver://CFSFPTEST:1433;databaseName=CFSFP;encrypt=true;trustServerCertificate=true;||
1776798085457|2|statement|connection 0|url jdbc:p6spy:sqlserver://CFSFPTEST:1433;databaseName=CFSFP;encrypt=true;trustServerCertificate=true;|select 1 from p09_activity p1_0|select 1 from p09_activity p1_0
1776798087772|170|statement|connection 0|url jdbc:p6spy:sqlserver://CFSFPTEST:1433;databaseName=CFSFP;encrypt=true;trustServerCertificate=true;|select p1_0.cr_refund_type,p1_0.act_activity,p1_0.cr_cntrl_date,p1_0.cr_cntrl_nbr,count_big(distinct p1_0.act_activity),sum(p1_0.act_activity_amt),p2_0.cr_corp from p09_activity p1_0 join p09_cash_receipt p2_0 on p1_0.cr_refund_type=p2_0.cr_refund_type and p1_0.cr_cntrl_date=p2_0.cr_cntrl_date and p1_0.cr_cntrl_nbr=p2_0.cr_cntrl_nbr where p2_0.cr_corp=? and p1_0.act_activity in ('RAA','RAD','RAR','RCK','OTH','RRE','CAN','MOD','PEN') group by p1_0.cr_refund_type,p1_0.act_activity,p1_0.cr_cntrl_date,p1_0.cr_cntrl_nbr,p2_0.cr_corp order by p1_0.act_activity,p1_0.cr_refund_type|select p1_0.cr_refund_type,p1_0.act_activity,p1_0.cr_cntrl_date,p1_0.cr_cntrl_nbr,count_big(distinct p1_0.act_activity),sum(p1_0.act_activity_amt),p2_0.cr_corp from p09_activity p1_0 join p09_cash_receipt p2_0 on p1_0.cr_refund_type=p2_0.cr_refund_type and p1_0.cr_cntrl_date=p2_0.cr_cntrl_date and p1_0.cr_cntrl_nbr=p2_0.cr_cntrl_nbr where p2_0.cr_corp='03' and p1_0.act_activity in ('RAA','RAD','RAR','RCK','OTH','RRE','CAN','MOD','PEN') group by p1_0.cr_refund_type,p1_0.act_activity,p1_0.cr_cntrl_date,p1_0.cr_cntrl_nbr,p2_0.cr_corp order by p1_0.act_activity,p1_0.cr_refund_type
1776798087859|1|rollback|connection 0|url jdbc:p6spy:sqlserver://CFSFPTEST:1433;databaseName=CFSFP;encrypt=true;trustServerCertificate=true;||
1776798087937|4|commit|connection 0|url jdbc:p6spy:sqlserver://CFSFPTEST:1433;databaseName=CFSFP;encrypt=true;trustServerCertificate=true;||
1776798087971|13|commit|connection 0|url jdbc:p6spy:sqlserver://CFSFPTEST:1433;databaseName=CFSFP;encrypt=true;trustServerCertificate=true;||
1776798087985|3|commit|connection 0|url jdbc:p6spy:sqlserver://CFSFPTEST:1433;databaseName=CFSFP;encrypt=true;trustServerCertificate=true;||
1776798088006|4|commit|connection 0|url jdbc:p6spy:sqlserver://CFSFPTEST:1433;databaseName=CFSFP;encrypt=true;trustServerCertificate=true;||
1776798271809|1|commit|connection 0|url jdbc:p6spy:sqlserver://CFSFPTEST:1433;databaseName=CFSFP;encrypt=true;trustServerCertificate=true;||
1776798271869|3|statement|connection 0|url jdbc:p6spy:sqlserver://CFSFPTEST:1433;databaseName=CFSFP;encrypt=true;trustServerCertificate=true;|select next value for BATCH_JOB_SEQ|select next value for BATCH_JOB_SEQ
1776798271965|3|commit|connection 0|url jdbc:p6spy:sqlserver://CFSFPTEST:1433;databaseName=CFSFP;encrypt=true;trustServerCertificate=true;||
1776798272195|8|commit|connection 0|url jdbc:p6spy:sqlserver://CFSFPTEST:1433;databaseName=CFSFP;encrypt=true;trustServerCertificate=true;||
1776798272254|0|commit|connection 0|url jdbc:p6spy:sqlserver://CFSFPTEST:1433;databaseName=CFSFP;encrypt=true;trustServerCertificate=true;||
1776798272262|0|commit|connection 0|url jdbc:p6spy:sqlserver://CFSFPTEST:1433;databaseName=CFSFP;encrypt=true;trustServerCertificate=true;||
1776798272279|3|commit|connection 0|url jdbc:p6spy:sqlserver://CFSFPTEST:1433;databaseName=CFSFP;encrypt=true;trustServerCertificate=true;||
1776798272322|3|commit|connection 0|url jdbc:p6spy:sqlserver://CFSFPTEST:1433;databaseName=CFSFP;encrypt=true;trustServerCertificate=true;||
1776798272339|3|commit|connection 0|url jdbc:p6spy:sqlserver://CFSFPTEST:1433;databaseName=CFSFP;encrypt=true;trustServerCertificate=true;||
1776798272995|2|statement|connection 0|url jdbc:p6spy:sqlserver://CFSFPTEST:1433;databaseName=CFSFP;encrypt=true;trustServerCertificate=true;|select 1 from p09_activity p1_0|select 1 from p09_activity p1_0
1776798275389|156|statement|connection 0|url jdbc:p6spy:sqlserver://CFSFPTEST:1433;databaseName=CFSFP;encrypt=true;trustServerCertificate=true;|select p1_0.cr_refund_type,p1_0.act_activity,p1_0.cr_cntrl_date,p1_0.cr_cntrl_nbr,count_big(distinct p1_0.act_activity),sum(p1_0.act_activity_amt),p2_0.cr_corp from p09_activity p1_0 join p09_cash_receipt p2_0 on p1_0.cr_refund_type=p2_0.cr_refund_type and p1_0.cr_cntrl_date=p2_0.cr_cntrl_date and p1_0.cr_cntrl_nbr=p2_0.cr_cntrl_nbr where p2_0.cr_corp=? and p1_0.act_activity in ('RAA','RAD','RAR','RCK','OTH','RRE','CAN','MOD','PEN') group by p1_0.cr_refund_type,p1_0.act_activity,p1_0.cr_cntrl_date,p1_0.cr_cntrl_nbr,p2_0.cr_corp order by p1_0.act_activity,p1_0.cr_refund_type|select p1_0.cr_refund_type,p1_0.act_activity,p1_0.cr_cntrl_date,p1_0.cr_cntrl_nbr,count_big(distinct p1_0.act_activity),sum(p1_0.act_activity_amt),p2_0.cr_corp from p09_activity p1_0 join p09_cash_receipt p2_0 on p1_0.cr_refund_type=p2_0.cr_refund_type and p1_0.cr_cntrl_date=p2_0.cr_cntrl_date and p1_0.cr_cntrl_nbr=p2_0.cr_cntrl_nbr where p2_0.cr_corp='03' and p1_0.act_activity in ('RAA','RAD','RAR','RCK','OTH','RRE','CAN','MOD','PEN') group by p1_0.cr_refund_type,p1_0.act_activity,p1_0.cr_cntrl_date,p1_0.cr_cntrl_nbr,p2_0.cr_corp order by p1_0.act_activity,p1_0.cr_refund_type
1776798275528|1|rollback|connection 0|url jdbc:p6spy:sqlserver://CFSFPTEST:1433;databaseName=CFSFP;encrypt=true;trustServerCertificate=true;||
1776798275715|10|commit|connection 0|url jdbc:p6spy:sqlserver://CFSFPTEST:1433;databaseName=CFSFP;encrypt=true;trustServerCertificate=true;||
1776798275740|10|commit|connection 0|url jdbc:p6spy:sqlserver://CFSFPTEST:1433;databaseName=CFSFP;encrypt=true;trustServerCertificate=true;||
1776798275791|12|commit|connection 0|url jdbc:p6spy:sqlserver://CFSFPTEST:1433;databaseName=CFSFP;encrypt=true;trustServerCertificate=true;||
1776798275819|4|commit|connection 0|url jdbc:p6spy:sqlserver://CFSFPTEST:1433;databaseName=CFSFP;encrypt=true;trustServerCertificate=true;||
1776798436780|12|commit|connection 0|url jdbc:p6spy:sqlserver://CFSFPTEST:1433;databaseName=CFSFP;encrypt=true;trustServerCertificate=true;||
1776798436819|0|statement|connection 0|url jdbc:p6spy:sqlserver://CFSFPTEST:1433;databaseName=CFSFP;encrypt=true;trustServerCertificate=true;|select next value for BATCH_JOB_SEQ|select next value for BATCH_JOB_SEQ
1776798436869|4|commit|connection 0|url jdbc:p6spy:sqlserver://CFSFPTEST:1433;databaseName=CFSFP;encrypt=true;trustServerCertificate=true;||
1776798436996|4|commit|connection 0|url jdbc:p6spy:sqlserver://CFSFPTEST:1433;databaseName=CFSFP;encrypt=true;trustServerCertificate=true;||
1776798437031|0|commit|connection 0|url jdbc:p6spy:sqlserver://CFSFPTEST:1433;databaseName=CFSFP;encrypt=true;trustServerCertificate=true;||
1776798437039|0|commit|connection 0|url jdbc:p6spy:sqlserver://CFSFPTEST:1433;databaseName=CFSFP;encrypt=true;trustServerCertificate=true;||
1776798437076|13|commit|connection 0|url jdbc:p6spy:sqlserver://CFSFPTEST:1433;databaseName=CFSFP;encrypt=true;trustServerCertificate=true;||
1776798437127|7|commit|connection 0|url jdbc:p6spy:sqlserver://CFSFPTEST:1433;databaseName=CFSFP;encrypt=true;trustServerCertificate=true;||
1776798437154|5|commit|connection 0|url jdbc:p6spy:sqlserver://CFSFPTEST:1433;databaseName=CFSFP;encrypt=true;trustServerCertificate=true;||
1776798437608|2|statement|connection 0|url jdbc:p6spy:sqlserver://CFSFPTEST:1433;databaseName=CFSFP;encrypt=true;trustServerCertificate=true;|select 1 from p09_activity p1_0|select 1 from p09_activity p1_0
1776798439944|159|statement|connection 0|url jdbc:p6spy:sqlserver://CFSFPTEST:1433;databaseName=CFSFP;encrypt=true;trustServerCertificate=true;|select p1_0.cr_refund_type,p1_0.act_activity,p1_0.cr_cntrl_date,p1_0.cr_cntrl_nbr,count_big(distinct p1_0.act_activity),sum(p1_0.act_activity_amt),p2_0.cr_corp from p09_activity p1_0 join p09_cash_receipt p2_0 on p1_0.cr_refund_type=p2_0.cr_refund_type and p1_0.cr_cntrl_date=p2_0.cr_cntrl_date and p1_0.cr_cntrl_nbr=p2_0.cr_cntrl_nbr where p2_0.cr_corp=? and p1_0.act_activity in ('RAA','RAD','RAR','RCK','OTH','RRE','CAN','MOD','PEN') group by p1_0.cr_refund_type,p1_0.act_activity,p1_0.cr_cntrl_date,p1_0.cr_cntrl_nbr,p2_0.cr_corp order by p1_0.act_activity,p1_0.cr_refund_type|select p1_0.cr_refund_type,p1_0.act_activity,p1_0.cr_cntrl_date,p1_0.cr_cntrl_nbr,count_big(distinct p1_0.act_activity),sum(p1_0.act_activity_amt),p2_0.cr_corp from p09_activity p1_0 join p09_cash_receipt p2_0 on p1_0.cr_refund_type=p2_0.cr_refund_type and p1_0.cr_cntrl_date=p2_0.cr_cntrl_date and p1_0.cr_cntrl_nbr=p2_0.cr_cntrl_nbr where p2_0.cr_corp='03' and p1_0.act_activity in ('RAA','RAD','RAR','RCK','OTH','RRE','CAN','MOD','PEN') group by p1_0.cr_refund_type,p1_0.act_activity,p1_0.cr_cntrl_date,p1_0.cr_cntrl_nbr,p2_0.cr_corp order by p1_0.act_activity,p1_0.cr_refund_type
1776798440021|1|rollback|connection 0|url jdbc:p6spy:sqlserver://CFSFPTEST:1433;databaseName=CFSFP;encrypt=true;trustServerCertificate=true;||
1776798440079|4|commit|connection 0|url jdbc:p6spy:sqlserver://CFSFPTEST:1433;databaseName=CFSFP;encrypt=true;trustServerCertificate=true;||
1776798440095|4|commit|connection 0|url jdbc:p6spy:sqlserver://CFSFPTEST:1433;databaseName=CFSFP;encrypt=true;trustServerCertificate=true;||
1776798440117|4|commit|connection 0|url jdbc:p6spy:sqlserver://CFSFPTEST:1433;databaseName=CFSFP;encrypt=true;trustServerCertificate=true;||
1776798440137|4|commit|connection 0|url jdbc:p6spy:sqlserver://CFSFPTEST:1433;databaseName=CFSFP;encrypt=true;trustServerCertificate=true;||
1776798711655|2|commit|connection 0|url jdbc:p6spy:sqlserver://CFSFPTEST:1433;databaseName=CFSFP;encrypt=true;trustServerCertificate=true;||
1776798711684|1|statement|connection 0|url jdbc:p6spy:sqlserver://CFSFPTEST:1433;databaseName=CFSFP;encrypt=true;trustServerCertificate=true;|select next value for BATCH_JOB_SEQ|select next value for BATCH_JOB_SEQ
1776798711768|4|commit|connection 0|url jdbc:p6spy:sqlserver://CFSFPTEST:1433;databaseName=CFSFP;encrypt=true;trustServerCertificate=true;||
1776798711933|4|commit|connection 0|url jdbc:p6spy:sqlserver://CFSFPTEST:1433;databaseName=CFSFP;encrypt=true;trustServerCertificate=true;||
1776798711962|1|commit|connection 0|url jdbc:p6spy:sqlserver://CFSFPTEST:1433;databaseName=CFSFP;encrypt=true;trustServerCertificate=true;||
1776798711972|0|commit|connection 0|url jdbc:p6spy:sqlserver://CFSFPTEST:1433;databaseName=CFSFP;encrypt=true;trustServerCertificate=true;||
1776798712010|4|commit|connection 0|url jdbc:p6spy:sqlserver://CFSFPTEST:1433;databaseName=CFSFP;encrypt=true;trustServerCertificate=true;||
1776798712048|7|commit|connection 0|url jdbc:p6spy:sqlserver://CFSFPTEST:1433;databaseName=CFSFP;encrypt=true;trustServerCertificate=true;||
1776798712074|4|commit|connection 0|url jdbc:p6spy:sqlserver://CFSFPTEST:1433;databaseName=CFSFP;encrypt=true;trustServerCertificate=true;||
1776798712741|4|statement|connection 0|url jdbc:p6spy:sqlserver://CFSFPTEST:1433;databaseName=CFSFP;encrypt=true;trustServerCertificate=true;|select 1 from p09_activity p1_0|select 1 from p09_activity p1_0
1776798715084|157|statement|connection 0|url jdbc:p6spy:sqlserver://CFSFPTEST:1433;databaseName=CFSFP;encrypt=true;trustServerCertificate=true;|select p1_0.cr_refund_type,p1_0.act_activity,p1_0.cr_cntrl_date,p1_0.cr_cntrl_nbr,count_big(distinct p1_0.act_activity),sum(p1_0.act_activity_amt),p2_0.cr_corp from p09_activity p1_0 join p09_cash_receipt p2_0 on p1_0.cr_refund_type=p2_0.cr_refund_type and p1_0.cr_cntrl_date=p2_0.cr_cntrl_date and p1_0.cr_cntrl_nbr=p2_0.cr_cntrl_nbr where p2_0.cr_corp=? and p1_0.act_activity in ('RAA','RAD','RAR','RCK','OTH','RRE','CAN','MOD','PEN') group by p1_0.cr_refund_type,p1_0.act_activity,p1_0.cr_cntrl_date,p1_0.cr_cntrl_nbr,p2_0.cr_corp order by p1_0.act_activity,p1_0.cr_refund_type|select p1_0.cr_refund_type,p1_0.act_activity,p1_0.cr_cntrl_date,p1_0.cr_cntrl_nbr,count_big(distinct p1_0.act_activity),sum(p1_0.act_activity_amt),p2_0.cr_corp from p09_activity p1_0 join p09_cash_receipt p2_0 on p1_0.cr_refund_type=p2_0.cr_refund_type and p1_0.cr_cntrl_date=p2_0.cr_cntrl_date and p1_0.cr_cntrl_nbr=p2_0.cr_cntrl_nbr where p2_0.cr_corp='03' and p1_0.act_activity in ('RAA','RAD','RAR','RCK','OTH','RRE','CAN','MOD','PEN') group by p1_0.cr_refund_type,p1_0.act_activity,p1_0.cr_cntrl_date,p1_0.cr_cntrl_nbr,p2_0.cr_corp order by p1_0.act_activity,p1_0.cr_refund_type
1776798715164|1|rollback|connection 0|url jdbc:p6spy:sqlserver://CFSFPTEST:1433;databaseName=CFSFP;encrypt=true;trustServerCertificate=true;||
1776798715228|4|commit|connection 0|url jdbc:p6spy:sqlserver://CFSFPTEST:1433;databaseName=CFSFP;encrypt=true;trustServerCertificate=true;||
1776798715245|3|commit|connection 0|url jdbc:p6spy:sqlserver://CFSFPTEST:1433;databaseName=CFSFP;encrypt=true;trustServerCertificate=true;||
1776798715266|3|commit|connection 0|url jdbc:p6spy:sqlserver://CFSFPTEST:1433;databaseName=CFSFP;encrypt=true;trustServerCertificate=true;||
1776798715287|4|commit|connection 0|url jdbc:p6spy:sqlserver://CFSFPTEST:1433;databaseName=CFSFP;encrypt=true;trustServerCertificate=true;||
1776798842106|1|commit|connection 0|url jdbc:p6spy:sqlserver://CFSFPTEST:1433;databaseName=CFSFP;encrypt=true;trustServerCertificate=true;||
1776798842138|1|statement|connection 0|url jdbc:p6spy:sqlserver://CFSFPTEST:1433;databaseName=CFSFP;encrypt=true;trustServerCertificate=true;|select next value for BATCH_JOB_SEQ|select next value for BATCH_JOB_SEQ
1776798842217|5|commit|connection 0|url jdbc:p6spy:sqlserver://CFSFPTEST:1433;databaseName=CFSFP;encrypt=true;trustServerCertificate=true;||
1776798842430|6|commit|connection 0|url jdbc:p6spy:sqlserver://CFSFPTEST:1433;databaseName=CFSFP;encrypt=true;trustServerCertificate=true;||
1776798842470|10|commit|connection 0|url jdbc:p6spy:sqlserver://CFSFPTEST:1433;databaseName=CFSFP;encrypt=true;trustServerCertificate=true;||
1776798842498|1|commit|connection 0|url jdbc:p6spy:sqlserver://CFSFPTEST:1433;databaseName=CFSFP;encrypt=true;trustServerCertificate=true;||
1776798842522|5|commit|connection 0|url jdbc:p6spy:sqlserver://CFSFPTEST:1433;databaseName=CFSFP;encrypt=true;trustServerCertificate=true;||
1776798842567|6|commit|connection 0|url jdbc:p6spy:sqlserver://CFSFPTEST:1433;databaseName=CFSFP;encrypt=true;trustServerCertificate=true;||
1776798842602|4|commit|connection 0|url jdbc:p6spy:sqlserver://CFSFPTEST:1433;databaseName=CFSFP;encrypt=true;trustServerCertificate=true;||
1776798843255|2|statement|connection 0|url jdbc:p6spy:sqlserver://CFSFPTEST:1433;databaseName=CFSFP;encrypt=true;trustServerCertificate=true;|select 1 from p09_activity p1_0|select 1 from p09_activity p1_0
1776798845535|155|statement|connection 0|url jdbc:p6spy:sqlserver://CFSFPTEST:1433;databaseName=CFSFP;encrypt=true;trustServerCertificate=true;|select p1_0.cr_refund_type,p1_0.act_activity,p1_0.cr_cntrl_date,p1_0.cr_cntrl_nbr,count_big(distinct p1_0.act_activity),sum(p1_0.act_activity_amt),p2_0.cr_corp from p09_activity p1_0 join p09_cash_receipt p2_0 on p1_0.cr_refund_type=p2_0.cr_refund_type and p1_0.cr_cntrl_date=p2_0.cr_cntrl_date and p1_0.cr_cntrl_nbr=p2_0.cr_cntrl_nbr where p2_0.cr_corp=? and p1_0.act_activity in ('RAA','RAD','RAR','RCK','OTH','RRE','CAN','MOD','PEN') group by p1_0.cr_refund_type,p1_0.act_activity,p1_0.cr_cntrl_date,p1_0.cr_cntrl_nbr,p2_0.cr_corp order by p1_0.act_activity,p1_0.cr_refund_type|select p1_0.cr_refund_type,p1_0.act_activity,p1_0.cr_cntrl_date,p1_0.cr_cntrl_nbr,count_big(distinct p1_0.act_activity),sum(p1_0.act_activity_amt),p2_0.cr_corp from p09_activity p1_0 join p09_cash_receipt p2_0 on p1_0.cr_refund_type=p2_0.cr_refund_type and p1_0.cr_cntrl_date=p2_0.cr_cntrl_date and p1_0.cr_cntrl_nbr=p2_0.cr_cntrl_nbr where p2_0.cr_corp='03' and p1_0.act_activity in ('RAA','RAD','RAR','RCK','OTH','RRE','CAN','MOD','PEN') group by p1_0.cr_refund_type,p1_0.act_activity,p1_0.cr_cntrl_date,p1_0.cr_cntrl_nbr,p2_0.cr_corp order by p1_0.act_activity,p1_0.cr_refund_type
1776798845687|1|rollback|connection 0|url jdbc:p6spy:sqlserver://CFSFPTEST:1433;databaseName=CFSFP;encrypt=true;trustServerCertificate=true;||
1776798845751|4|commit|connection 0|url jdbc:p6spy:sqlserver://CFSFPTEST:1433;databaseName=CFSFP;encrypt=true;trustServerCertificate=true;||
1776798845790|16|commit|connection 0|url jdbc:p6spy:sqlserver://CFSFPTEST:1433;databaseName=CFSFP;encrypt=true;trustServerCertificate=true;||
1776798845832|9|commit|connection 0|url jdbc:p6spy:sqlserver://CFSFPTEST:1433;databaseName=CFSFP;encrypt=true;trustServerCertificate=true;||
1776798845849|3|commit|connection 0|url jdbc:p6spy:sqlserver://CFSFPTEST:1433;databaseName=CFSFP;encrypt=true;trustServerCertificate=true;||
1776799003744|2|commit|connection 0|url jdbc:p6spy:sqlserver://CFSFPTEST:1433;databaseName=CFSFP;encrypt=true;trustServerCertificate=true;||
1776799003784|3|statement|connection 0|url jdbc:p6spy:sqlserver://CFSFPTEST:1433;databaseName=CFSFP;encrypt=true;trustServerCertificate=true;|select next value for BATCH_JOB_SEQ|select next value for BATCH_JOB_SEQ
1776799003846|4|commit|connection 0|url jdbc:p6spy:sqlserver://CFSFPTEST:1433;databaseName=CFSFP;encrypt=true;trustServerCertificate=true;||
1776799004054|9|commit|connection 0|url jdbc:p6spy:sqlserver://CFSFPTEST:1433;databaseName=CFSFP;encrypt=true;trustServerCertificate=true;||
1776799004088|4|commit|connection 0|url jdbc:p6spy:sqlserver://CFSFPTEST:1433;databaseName=CFSFP;encrypt=true;trustServerCertificate=true;||
1776799004110|5|commit|connection 0|url jdbc:p6spy:sqlserver://CFSFPTEST:1433;databaseName=CFSFP;encrypt=true;trustServerCertificate=true;||
1776799004140|8|commit|connection 0|url jdbc:p6spy:sqlserver://CFSFPTEST:1433;databaseName=CFSFP;encrypt=true;trustServerCertificate=true;||
1776799004168|7|commit|connection 0|url jdbc:p6spy:sqlserver://CFSFPTEST:1433;databaseName=CFSFP;encrypt=true;trustServerCertificate=true;||
1776799004192|3|commit|connection 0|url jdbc:p6spy:sqlserver://CFSFPTEST:1433;databaseName=CFSFP;encrypt=true;trustServerCertificate=true;||
1776799004737|2|statement|connection 0|url jdbc:p6spy:sqlserver://CFSFPTEST:1433;databaseName=CFSFP;encrypt=true;trustServerCertificate=true;|select 1 from p09_activity p1_0|select 1 from p09_activity p1_0
1776799007038|158|statement|connection 0|url jdbc:p6spy:sqlserver://CFSFPTEST:1433;databaseName=CFSFP;encrypt=true;trustServerCertificate=true;|select p1_0.cr_refund_type,p1_0.act_activity,p1_0.cr_cntrl_date,p1_0.cr_cntrl_nbr,count_big(distinct p1_0.act_activity),sum(p1_0.act_activity_amt),p2_0.cr_corp from p09_activity p1_0 join p09_cash_receipt p2_0 on p1_0.cr_refund_type=p2_0.cr_refund_type and p1_0.cr_cntrl_date=p2_0.cr_cntrl_date and p1_0.cr_cntrl_nbr=p2_0.cr_cntrl_nbr where p2_0.cr_corp=? and p1_0.act_activity in ('RAA','RAD','RAR','RCK','OTH','RRE','CAN','MOD','PEN') group by p1_0.cr_refund_type,p1_0.act_activity,p1_0.cr_cntrl_date,p1_0.cr_cntrl_nbr,p2_0.cr_corp order by p1_0.act_activity,p1_0.cr_refund_type|select p1_0.cr_refund_type,p1_0.act_activity,p1_0.cr_cntrl_date,p1_0.cr_cntrl_nbr,count_big(distinct p1_0.act_activity),sum(p1_0.act_activity_amt),p2_0.cr_corp from p09_activity p1_0 join p09_cash_receipt p2_0 on p1_0.cr_refund_type=p2_0.cr_refund_type and p1_0.cr_cntrl_date=p2_0.cr_cntrl_date and p1_0.cr_cntrl_nbr=p2_0.cr_cntrl_nbr where p2_0.cr_corp='03' and p1_0.act_activity in ('RAA','RAD','RAR','RCK','OTH','RRE','CAN','MOD','PEN') group by p1_0.cr_refund_type,p1_0.act_activity,p1_0.cr_cntrl_date,p1_0.cr_cntrl_nbr,p2_0.cr_corp order by p1_0.act_activity,p1_0.cr_refund_type
1776799007105|1|rollback|connection 0|url jdbc:p6spy:sqlserver://CFSFPTEST:1433;databaseName=CFSFP;encrypt=true;trustServerCertificate=true;||
1776799007146|4|commit|connection 0|url jdbc:p6spy:sqlserver://CFSFPTEST:1433;databaseName=CFSFP;encrypt=true;trustServerCertificate=true;||
1776799007159|4|commit|connection 0|url jdbc:p6spy:sqlserver://CFSFPTEST:1433;databaseName=CFSFP;encrypt=true;trustServerCertificate=true;||
1776799007171|3|commit|connection 0|url jdbc:p6spy:sqlserver://CFSFPTEST:1433;databaseName=CFSFP;encrypt=true;trustServerCertificate=true;||
1776799007183|3|commit|connection 0|url jdbc:p6spy:sqlserver://CFSFPTEST:1433;databaseName=CFSFP;encrypt=true;trustServerCertificate=true;||
1776799251638|3|commit|connection 0|url jdbc:p6spy:sqlserver://CFSFPTEST:1433;databaseName=CFSFP;encrypt=true;trustServerCertificate=true;||
1776799251685|4|statement|connection 0|url jdbc:p6spy:sqlserver://CFSFPTEST:1433;databaseName=CFSFP;encrypt=true;trustServerCertificate=true;|select next value for BATCH_JOB_SEQ|select next value for BATCH_JOB_SEQ
1776799251778|4|commit|connection 0|url jdbc:p6spy:sqlserver://CFSFPTEST:1433;databaseName=CFSFP;encrypt=true;trustServerCertificate=true;||
1776799251987|4|commit|connection 0|url jdbc:p6spy:sqlserver://CFSFPTEST:1433;databaseName=CFSFP;encrypt=true;trustServerCertificate=true;||
1776799252016|4|commit|connection 0|url jdbc:p6spy:sqlserver://CFSFPTEST:1433;databaseName=CFSFP;encrypt=true;trustServerCertificate=true;||
1776799252030|1|commit|connection 0|url jdbc:p6spy:sqlserver://CFSFPTEST:1433;databaseName=CFSFP;encrypt=true;trustServerCertificate=true;||
1776799252065|11|commit|connection 0|url jdbc:p6spy:sqlserver://CFSFPTEST:1433;databaseName=CFSFP;encrypt=true;trustServerCertificate=true;||
1776799252093|4|commit|connection 0|url jdbc:p6spy:sqlserver://CFSFPTEST:1433;databaseName=CFSFP;encrypt=true;trustServerCertificate=true;||
1776799252118|6|commit|connection 0|url jdbc:p6spy:sqlserver://CFSFPTEST:1433;databaseName=CFSFP;encrypt=true;trustServerCertificate=true;||
1776799252886|2|statement|connection 0|url jdbc:p6spy:sqlserver://CFSFPTEST:1433;databaseName=CFSFP;encrypt=true;trustServerCertificate=true;|select 1 from p09_activity p1_0|select 1 from p09_activity p1_0
1776799255220|156|statement|connection 0|url jdbc:p6spy:sqlserver://CFSFPTEST:1433;databaseName=CFSFP;encrypt=true;trustServerCertificate=true;|select p1_0.cr_refund_type,p1_0.act_activity,p1_0.cr_cntrl_date,p1_0.cr_cntrl_nbr,count_big(distinct p1_0.act_activity),sum(p1_0.act_activity_amt),p2_0.cr_corp from p09_activity p1_0 join p09_cash_receipt p2_0 on p1_0.cr_refund_type=p2_0.cr_refund_type and p1_0.cr_cntrl_date=p2_0.cr_cntrl_date and p1_0.cr_cntrl_nbr=p2_0.cr_cntrl_nbr where p2_0.cr_corp=? and p1_0.act_activity in ('RAA','RAD','RAR','RCK','OTH','RRE','CAN','MOD','PEN') group by p1_0.cr_refund_type,p1_0.act_activity,p1_0.cr_cntrl_date,p1_0.cr_cntrl_nbr,p2_0.cr_corp order by p1_0.act_activity,p1_0.cr_refund_type|select p1_0.cr_refund_type,p1_0.act_activity,p1_0.cr_cntrl_date,p1_0.cr_cntrl_nbr,count_big(distinct p1_0.act_activity),sum(p1_0.act_activity_amt),p2_0.cr_corp from p09_activity p1_0 join p09_cash_receipt p2_0 on p1_0.cr_refund_type=p2_0.cr_refund_type and p1_0.cr_cntrl_date=p2_0.cr_cntrl_date and p1_0.cr_cntrl_nbr=p2_0.cr_cntrl_nbr where p2_0.cr_corp='03' and p1_0.act_activity in ('RAA','RAD','RAR','RCK','OTH','RRE','CAN','MOD','PEN') group by p1_0.cr_refund_type,p1_0.act_activity,p1_0.cr_cntrl_date,p1_0.cr_cntrl_nbr,p2_0.cr_corp order by p1_0.act_activity,p1_0.cr_refund_type
1776799255320|1|rollback|connection 0|url jdbc:p6spy:sqlserver://CFSFPTEST:1433;databaseName=CFSFP;encrypt=true;trustServerCertificate=true;||
1776799255402|11|commit|connection 0|url jdbc:p6spy:sqlserver://CFSFPTEST:1433;databaseName=CFSFP;encrypt=true;trustServerCertificate=true;||
1776799255449|6|commit|connection 0|url jdbc:p6spy:sqlserver://CFSFPTEST:1433;databaseName=CFSFP;encrypt=true;trustServerCertificate=true;||
1776799255471|4|commit|connection 0|url jdbc:p6spy:sqlserver://CFSFPTEST:1433;databaseName=CFSFP;encrypt=true;trustServerCertificate=true;||
1776799255485|4|commit|connection 0|url jdbc:p6spy:sqlserver://CFSFPTEST:1433;databaseName=CFSFP;encrypt=true;trustServerCertificate=true;||
1776799334052|1|commit|connection 0|url jdbc:p6spy:sqlserver://CFSFPTEST:1433;databaseName=CFSFP;encrypt=true;trustServerCertificate=true;||
1776799334116|8|statement|connection 0|url jdbc:p6spy:sqlserver://CFSFPTEST:1433;databaseName=CFSFP;encrypt=true;trustServerCertificate=true;|select next value for BATCH_JOB_SEQ|select next value for BATCH_JOB_SEQ
1776799334199|11|commit|connection 0|url jdbc:p6spy:sqlserver://CFSFPTEST:1433;databaseName=CFSFP;encrypt=true;trustServerCertificate=true;||
1776799334435|6|commit|connection 0|url jdbc:p6spy:sqlserver://CFSFPTEST:1433;databaseName=CFSFP;encrypt=true;trustServerCertificate=true;||
1776799334470|1|commit|connection 0|url jdbc:p6spy:sqlserver://CFSFPTEST:1433;databaseName=CFSFP;encrypt=true;trustServerCertificate=true;||
1776799334484|0|commit|connection 0|url jdbc:p6spy:sqlserver://CFSFPTEST:1433;databaseName=CFSFP;encrypt=true;trustServerCertificate=true;||
1776799334505|6|commit|connection 0|url jdbc:p6spy:sqlserver://CFSFPTEST:1433;databaseName=CFSFP;encrypt=true;trustServerCertificate=true;||
1776799334547|4|commit|connection 0|url jdbc:p6spy:sqlserver://CFSFPTEST:1433;databaseName=CFSFP;encrypt=true;trustServerCertificate=true;||
1776799334582|4|commit|connection 0|url jdbc:p6spy:sqlserver://CFSFPTEST:1433;databaseName=CFSFP;encrypt=true;trustServerCertificate=true;||
1776799335222|2|statement|connection 0|url jdbc:p6spy:sqlserver://CFSFPTEST:1433;databaseName=CFSFP;encrypt=true;trustServerCertificate=true;|select 1 from p09_activity p1_0|select 1 from p09_activity p1_0
1776799337601|162|statement|connection 0|url jdbc:p6spy:sqlserver://CFSFPTEST:1433;databaseName=CFSFP;encrypt=true;trustServerCertificate=true;|select p1_0.cr_refund_type,p1_0.act_activity,p1_0.cr_cntrl_date,p1_0.cr_cntrl_nbr,count_big(distinct p1_0.act_activity),sum(p1_0.act_activity_amt),p2_0.cr_corp from p09_activity p1_0 join p09_cash_receipt p2_0 on p1_0.cr_refund_type=p2_0.cr_refund_type and p1_0.cr_cntrl_date=p2_0.cr_cntrl_date and p1_0.cr_cntrl_nbr=p2_0.cr_cntrl_nbr where p2_0.cr_corp=? and p1_0.act_activity in ('RAA','RAD','RAR','RCK','OTH','RRE','CAN','MOD','PEN') group by p1_0.cr_refund_type,p1_0.act_activity,p1_0.cr_cntrl_date,p1_0.cr_cntrl_nbr,p2_0.cr_corp order by p1_0.act_activity,p1_0.cr_refund_type|select p1_0.cr_refund_type,p1_0.act_activity,p1_0.cr_cntrl_date,p1_0.cr_cntrl_nbr,count_big(distinct p1_0.act_activity),sum(p1_0.act_activity_amt),p2_0.cr_corp from p09_activity p1_0 join p09_cash_receipt p2_0 on p1_0.cr_refund_type=p2_0.cr_refund_type and p1_0.cr_cntrl_date=p2_0.cr_cntrl_date and p1_0.cr_cntrl_nbr=p2_0.cr_cntrl_nbr where p2_0.cr_corp='03' and p1_0.act_activity in ('RAA','RAD','RAR','RCK','OTH','RRE','CAN','MOD','PEN') group by p1_0.cr_refund_type,p1_0.act_activity,p1_0.cr_cntrl_date,p1_0.cr_cntrl_nbr,p2_0.cr_corp order by p1_0.act_activity,p1_0.cr_refund_type
1776799337735|16|commit|connection 0|url jdbc:p6spy:sqlserver://CFSFPTEST:1433;databaseName=CFSFP;encrypt=true;trustServerCertificate=true;||
1776799337760|3|commit|connection 0|url jdbc:p6spy:sqlserver://CFSFPTEST:1433;databaseName=CFSFP;encrypt=true;trustServerCertificate=true;||
1776799337781|12|commit|connection 0|url jdbc:p6spy:sqlserver://CFSFPTEST:1433;databaseName=CFSFP;encrypt=true;trustServerCertificate=true;||
1776799337819|4|commit|connection 0|url jdbc:p6spy:sqlserver://CFSFPTEST:1433;databaseName=CFSFP;encrypt=true;trustServerCertificate=true;||
1776799337839|3|commit|connection 0|url jdbc:p6spy:sqlserver://CFSFPTEST:1433;databaseName=CFSFP;encrypt=true;trustServerCertificate=true;||
1776799473603|1|commit|connection 0|url jdbc:p6spy:sqlserver://CFSFPTEST:1433;databaseName=CFSFP;encrypt=true;trustServerCertificate=true;||
1776799473631|6|statement|connection 0|url jdbc:p6spy:sqlserver://CFSFPTEST:1433;databaseName=CFSFP;encrypt=true;trustServerCertificate=true;|select next value for BATCH_JOB_SEQ|select next value for BATCH_JOB_SEQ
1776799473710|5|commit|connection 0|url jdbc:p6spy:sqlserver://CFSFPTEST:1433;databaseName=CFSFP;encrypt=true;trustServerCertificate=true;||
1776799473983|4|commit|connection 0|url jdbc:p6spy:sqlserver://CFSFPTEST:1433;databaseName=CFSFP;encrypt=true;trustServerCertificate=true;||
1776799474010|1|commit|connection 0|url jdbc:p6spy:sqlserver://CFSFPTEST:1433;databaseName=CFSFP;encrypt=true;trustServerCertificate=true;||
1776799474038|0|commit|connection 0|url jdbc:p6spy:sqlserver://CFSFPTEST:1433;databaseName=CFSFP;encrypt=true;trustServerCertificate=true;||
1776799474073|5|commit|connection 0|url jdbc:p6spy:sqlserver://CFSFPTEST:1433;databaseName=CFSFP;encrypt=true;trustServerCertificate=true;||
1776799474110|9|commit|connection 0|url jdbc:p6spy:sqlserver://CFSFPTEST:1433;databaseName=CFSFP;encrypt=true;trustServerCertificate=true;||
1776799474131|4|commit|connection 0|url jdbc:p6spy:sqlserver://CFSFPTEST:1433;databaseName=CFSFP;encrypt=true;trustServerCertificate=true;||
1776799474702|2|statement|connection 0|url jdbc:p6spy:sqlserver://CFSFPTEST:1433;databaseName=CFSFP;encrypt=true;trustServerCertificate=true;|select 1 from p09_activity p1_0|select 1 from p09_activity p1_0
1776799479356|2446|statement|connection 0|url jdbc:p6spy:sqlserver://CFSFPTEST:1433;databaseName=CFSFP;encrypt=true;trustServerCertificate=true;|select p1_0.cr_refund_type,p1_0.act_activity,p1_0.cr_cntrl_date,p1_0.cr_cntrl_nbr,count_big(distinct p1_0.act_activity),sum(p1_0.act_activity_amt),p2_0.cr_corp from p09_activity p1_0 join p09_cash_receipt p2_0 on p1_0.cr_refund_type=p2_0.cr_refund_type and p1_0.cr_cntrl_date=p2_0.cr_cntrl_date and p1_0.cr_cntrl_nbr=p2_0.cr_cntrl_nbr where p2_0.cr_corp='01' and p1_0.act_activity in ('RAA','RAD','RAR','RCK','OTH','RRE','CAN','MOD','PEN') group by p1_0.cr_refund_type,p1_0.act_activity,p1_0.cr_cntrl_date,p1_0.cr_cntrl_nbr,p2_0.cr_corp order by p1_0.act_activity,p1_0.cr_refund_type|select p1_0.cr_refund_type,p1_0.act_activity,p1_0.cr_cntrl_date,p1_0.cr_cntrl_nbr,count_big(distinct p1_0.act_activity),sum(p1_0.act_activity_amt),p2_0.cr_corp from p09_activity p1_0 join p09_cash_receipt p2_0 on p1_0.cr_refund_type=p2_0.cr_refund_type and p1_0.cr_cntrl_date=p2_0.cr_cntrl_date and p1_0.cr_cntrl_nbr=p2_0.cr_cntrl_nbr where p2_0.cr_corp='01' and p1_0.act_activity in ('RAA','RAD','RAR','RCK','OTH','RRE','CAN','MOD','PEN') group by p1_0.cr_refund_type,p1_0.act_activity,p1_0.cr_cntrl_date,p1_0.cr_cntrl_nbr,p2_0.cr_corp order by p1_0.act_activity,p1_0.cr_refund_type
1776799485838|3|commit|connection 0|url jdbc:p6spy:sqlserver://CFSFPTEST:1433;databaseName=CFSFP;encrypt=true;trustServerCertificate=true;||
1776799485859|3|commit|connection 0|url jdbc:p6spy:sqlserver://CFSFPTEST:1433;databaseName=CFSFP;encrypt=true;trustServerCertificate=true;||
1776799485872|3|commit|connection 0|url jdbc:p6spy:sqlserver://CFSFPTEST:1433;databaseName=CFSFP;encrypt=true;trustServerCertificate=true;||
1776799485882|4|commit|connection 0|url jdbc:p6spy:sqlserver://CFSFPTEST:1433;databaseName=CFSFP;encrypt=true;trustServerCertificate=true;||
1776799485892|3|commit|connection 0|url jdbc:p6spy:sqlserver://CFSFPTEST:1433;databaseName=CFSFP;encrypt=true;trustServerCertificate=true;||
1776799879553|1|commit|connection 0|url jdbc:p6spy:sqlserver://CFSFPTEST:1433;databaseName=CFSFP;encrypt=true;trustServerCertificate=true;||
1776799879581|0|statement|connection 0|url jdbc:p6spy:sqlserver://CFSFPTEST:1433;databaseName=CFSFP;encrypt=true;trustServerCertificate=true;|select next value for BATCH_JOB_SEQ|select next value for BATCH_JOB_SEQ
1776799879655|5|commit|connection 0|url jdbc:p6spy:sqlserver://CFSFPTEST:1433;databaseName=CFSFP;encrypt=true;trustServerCertificate=true;||
1776799879823|7|commit|connection 0|url jdbc:p6spy:sqlserver://CFSFPTEST:1433;databaseName=CFSFP;encrypt=true;trustServerCertificate=true;||
1776799879851|1|commit|connection 0|url jdbc:p6spy:sqlserver://CFSFPTEST:1433;databaseName=CFSFP;encrypt=true;trustServerCertificate=true;||
1776799879863|1|commit|connection 0|url jdbc:p6spy:sqlserver://CFSFPTEST:1433;databaseName=CFSFP;encrypt=true;trustServerCertificate=true;||
1776799879881|3|commit|connection 0|url jdbc:p6spy:sqlserver://CFSFPTEST:1433;databaseName=CFSFP;encrypt=true;trustServerCertificate=true;||
1776799879908|4|commit|connection 0|url jdbc:p6spy:sqlserver://CFSFPTEST:1433;databaseName=CFSFP;encrypt=true;trustServerCertificate=true;||
1776799879927|6|commit|connection 0|url jdbc:p6spy:sqlserver://CFSFPTEST:1433;databaseName=CFSFP;encrypt=true;trustServerCertificate=true;||
1776799880680|2|statement|connection 0|url jdbc:p6spy:sqlserver://CFSFPTEST:1433;databaseName=CFSFP;encrypt=true;trustServerCertificate=true;|select 1 from p09_activity p1_0|select 1 from p09_activity p1_0
1776799883004|134|statement|connection 0|url jdbc:p6spy:sqlserver://CFSFPTEST:1433;databaseName=CFSFP;encrypt=true;trustServerCertificate=true;|select p1_0.cr_refund_type,p1_0.act_activity,count_big(*),sum(p1_0.act_activity_amt) from p09_activity p1_0 join p09_cash_receipt p2_0 on p1_0.cr_refund_type=p2_0.cr_refund_type and p1_0.cr_cntrl_date=p2_0.cr_cntrl_date and p1_0.cr_cntrl_nbr=p2_0.cr_cntrl_nbr where p2_0.cr_corp=? and p1_0.act_activity in ('ACC','APP','REM','DEL','LOG','FRR','PRR') group by p1_0.cr_refund_type,p1_0.act_activity order by p1_0.act_activity,p1_0.cr_refund_type|select p1_0.cr_refund_type,p1_0.act_activity,count_big(*),sum(p1_0.act_activity_amt) from p09_activity p1_0 join p09_cash_receipt p2_0 on p1_0.cr_refund_type=p2_0.cr_refund_type and p1_0.cr_cntrl_date=p2_0.cr_cntrl_date and p1_0.cr_cntrl_nbr=p2_0.cr_cntrl_nbr where p2_0.cr_corp='03' and p1_0.act_activity in ('ACC','APP','REM','DEL','LOG','FRR','PRR') group by p1_0.cr_refund_type,p1_0.act_activity order by p1_0.act_activity,p1_0.cr_refund_type
1776799883246|160|statement|connection 0|url jdbc:p6spy:sqlserver://CFSFPTEST:1433;databaseName=CFSFP;encrypt=true;trustServerCertificate=true;|select p1_0.cr_refund_type,p1_0.act_activity,p1_0.cr_cntrl_date,p1_0.cr_cntrl_nbr,count_big(distinct p1_0.act_activity),sum(p1_0.act_activity_amt),p2_0.cr_corp from p09_activity p1_0 join p09_cash_receipt p2_0 on p1_0.cr_refund_type=p2_0.cr_refund_type and p1_0.cr_cntrl_date=p2_0.cr_cntrl_date and p1_0.cr_cntrl_nbr=p2_0.cr_cntrl_nbr where p2_0.cr_corp=? and p1_0.act_activity in ('ACC','APP','REM','DEL','LOG','FRR','PRR') group by p1_0.cr_refund_type,p1_0.act_activity,p1_0.cr_cntrl_date,p1_0.cr_cntrl_nbr,p2_0.cr_corp order by p1_0.act_activity,p1_0.cr_refund_type|select p1_0.cr_refund_type,p1_0.act_activity,p1_0.cr_cntrl_date,p1_0.cr_cntrl_nbr,count_big(distinct p1_0.act_activity),sum(p1_0.act_activity_amt),p2_0.cr_corp from p09_activity p1_0 join p09_cash_receipt p2_0 on p1_0.cr_refund_type=p2_0.cr_refund_type and p1_0.cr_cntrl_date=p2_0.cr_cntrl_date and p1_0.cr_cntrl_nbr=p2_0.cr_cntrl_nbr where p2_0.cr_corp='03' and p1_0.act_activity in ('ACC','APP','REM','DEL','LOG','FRR','PRR') group by p1_0.cr_refund_type,p1_0.act_activity,p1_0.cr_cntrl_date,p1_0.cr_cntrl_nbr,p2_0.cr_corp order by p1_0.act_activity,p1_0.cr_refund_type
1776799883465|169|statement|connection 0|url jdbc:p6spy:sqlserver://CFSFPTEST:1433;databaseName=CFSFP;encrypt=true;trustServerCertificate=true;|select p1_0.cr_refund_type,p1_0.act_activity,p1_0.cr_cntrl_date,p1_0.cr_cntrl_nbr,count_big(distinct p1_0.act_activity),sum(p1_0.act_activity_amt),p2_0.cr_corp from p09_activity p1_0 join p09_cash_receipt p2_0 on p1_0.cr_refund_type=p2_0.cr_refund_type and p1_0.cr_cntrl_date=p2_0.cr_cntrl_date and p1_0.cr_cntrl_nbr=p2_0.cr_cntrl_nbr where p2_0.cr_corp=? and trim(p1_0.act_activity) in ('FR','PR') group by p1_0.cr_refund_type,p1_0.act_activity,p1_0.cr_cntrl_date,p1_0.cr_cntrl_nbr,p2_0.cr_corp order by p1_0.act_activity,p1_0.cr_refund_type|select p1_0.cr_refund_type,p1_0.act_activity,p1_0.cr_cntrl_date,p1_0.cr_cntrl_nbr,count_big(distinct p1_0.act_activity),sum(p1_0.act_activity_amt),p2_0.cr_corp from p09_activity p1_0 join p09_cash_receipt p2_0 on p1_0.cr_refund_type=p2_0.cr_refund_type and p1_0.cr_cntrl_date=p2_0.cr_cntrl_date and p1_0.cr_cntrl_nbr=p2_0.cr_cntrl_nbr where p2_0.cr_corp='03' and trim(p1_0.act_activity) in ('FR','PR') group by p1_0.cr_refund_type,p1_0.act_activity,p1_0.cr_cntrl_date,p1_0.cr_cntrl_nbr,p2_0.cr_corp order by p1_0.act_activity,p1_0.cr_refund_type
1776799885920|2446|statement|connection 0|url jdbc:p6spy:sqlserver://CFSFPTEST:1433;databaseName=CFSFP;encrypt=true;trustServerCertificate=true;|select p1_0.cr_refund_type,p1_0.act_activity,p1_0.cr_cntrl_date,p1_0.cr_cntrl_nbr,count_big(distinct p1_0.act_activity),sum(p1_0.act_activity_amt),p2_0.cr_corp from p09_activity p1_0 join p09_cash_receipt p2_0 on p1_0.cr_refund_type=p2_0.cr_refund_type and p1_0.cr_cntrl_date=p2_0.cr_cntrl_date and p1_0.cr_cntrl_nbr=p2_0.cr_cntrl_nbr where p2_0.cr_corp='01' and p1_0.act_activity in ('RAA','RAD','RAR','RCK','OTH','RRE','CAN','MOD','PEN') group by p1_0.cr_refund_type,p1_0.act_activity,p1_0.cr_cntrl_date,p1_0.cr_cntrl_nbr,p2_0.cr_corp order by p1_0.act_activity,p1_0.cr_refund_type|select p1_0.cr_refund_type,p1_0.act_activity,p1_0.cr_cntrl_date,p1_0.cr_cntrl_nbr,count_big(distinct p1_0.act_activity),sum(p1_0.act_activity_amt),p2_0.cr_corp from p09_activity p1_0 join p09_cash_receipt p2_0 on p1_0.cr_refund_type=p2_0.cr_refund_type and p1_0.cr_cntrl_date=p2_0.cr_cntrl_date and p1_0.cr_cntrl_nbr=p2_0.cr_cntrl_nbr where p2_0.cr_corp='01' and p1_0.act_activity in ('RAA','RAD','RAR','RCK','OTH','RRE','CAN','MOD','PEN') group by p1_0.cr_refund_type,p1_0.act_activity,p1_0.cr_cntrl_date,p1_0.cr_cntrl_nbr,p2_0.cr_corp order by p1_0.act_activity,p1_0.cr_refund_type
1776799892138|7|commit|connection 0|url jdbc:p6spy:sqlserver://CFSFPTEST:1433;databaseName=CFSFP;encrypt=true;trustServerCertificate=true;||
1776799892163|8|commit|connection 0|url jdbc:p6spy:sqlserver://CFSFPTEST:1433;databaseName=CFSFP;encrypt=true;trustServerCertificate=true;||
1776799892183|3|commit|connection 0|url jdbc:p6spy:sqlserver://CFSFPTEST:1433;databaseName=CFSFP;encrypt=true;trustServerCertificate=true;||
1776799892207|6|commit|connection 0|url jdbc:p6spy:sqlserver://CFSFPTEST:1433;databaseName=CFSFP;encrypt=true;trustServerCertificate=true;||
1776799892239|3|commit|connection 0|url jdbc:p6spy:sqlserver://CFSFPTEST:1433;databaseName=CFSFP;encrypt=true;trustServerCertificate=true;||
1776800979791|1|commit|connection 0|url jdbc:p6spy:sqlserver://CFSFPTEST:1433;databaseName=CFSFP;encrypt=true;trustServerCertificate=true;||
1776800979815|3|statement|connection 0|url jdbc:p6spy:sqlserver://CFSFPTEST:1433;databaseName=CFSFP;encrypt=true;trustServerCertificate=true;|select next value for BATCH_JOB_SEQ|select next value for BATCH_JOB_SEQ
1776800979893|8|commit|connection 0|url jdbc:p6spy:sqlserver://CFSFPTEST:1433;databaseName=CFSFP;encrypt=true;trustServerCertificate=true;||
1776800980041|5|commit|connection 0|url jdbc:p6spy:sqlserver://CFSFPTEST:1433;databaseName=CFSFP;encrypt=true;trustServerCertificate=true;||
1776800980070|7|commit|connection 0|url jdbc:p6spy:sqlserver://CFSFPTEST:1433;databaseName=CFSFP;encrypt=true;trustServerCertificate=true;||
1776800980087|1|commit|connection 0|url jdbc:p6spy:sqlserver://CFSFPTEST:1433;databaseName=CFSFP;encrypt=true;trustServerCertificate=true;||
1776800980116|5|commit|connection 0|url jdbc:p6spy:sqlserver://CFSFPTEST:1433;databaseName=CFSFP;encrypt=true;trustServerCertificate=true;||
1776800980145|4|commit|connection 0|url jdbc:p6spy:sqlserver://CFSFPTEST:1433;databaseName=CFSFP;encrypt=true;trustServerCertificate=true;||
1776800980178|10|commit|connection 0|url jdbc:p6spy:sqlserver://CFSFPTEST:1433;databaseName=CFSFP;encrypt=true;trustServerCertificate=true;||
1776800980719|2|statement|connection 0|url jdbc:p6spy:sqlserver://CFSFPTEST:1433;databaseName=CFSFP;encrypt=true;trustServerCertificate=true;|select 1 from p09_activity p1_0|select 1 from p09_activity p1_0
1776800983231|210|statement|connection 0|url jdbc:p6spy:sqlserver://CFSFPTEST:1433;databaseName=CFSFP;encrypt=true;trustServerCertificate=true;|select p1_0.cr_refund_type,p1_0.act_activity,p1_0.cr_cntrl_date,p1_0.cr_cntrl_nbr,count_big(distinct p1_0.act_activity),sum(p1_0.act_activity_amt),p2_0.cr_corp from p09_activity p1_0 join p09_cash_receipt p2_0 on p1_0.cr_refund_type=p2_0.cr_refund_type and p1_0.cr_cntrl_date=p2_0.cr_cntrl_date and p1_0.cr_cntrl_nbr=p2_0.cr_cntrl_nbr where p2_0.cr_corp=? and p1_0.act_activity in (?) group by p1_0.cr_refund_type,p1_0.act_activity,p1_0.cr_cntrl_date,p1_0.cr_cntrl_nbr,p2_0.cr_corp order by p1_0.act_activity,p1_0.cr_refund_type|select p1_0.cr_refund_type,p1_0.act_activity,p1_0.cr_cntrl_date,p1_0.cr_cntrl_nbr,count_big(distinct p1_0.act_activity),sum(p1_0.act_activity_amt),p2_0.cr_corp from p09_activity p1_0 join p09_cash_receipt p2_0 on p1_0.cr_refund_type=p2_0.cr_refund_type and p1_0.cr_cntrl_date=p2_0.cr_cntrl_date and p1_0.cr_cntrl_nbr=p2_0.cr_cntrl_nbr where p2_0.cr_corp='03' and p1_0.act_activity in ('EST') group by p1_0.cr_refund_type,p1_0.act_activity,p1_0.cr_cntrl_date,p1_0.cr_cntrl_nbr,p2_0.cr_corp order by p1_0.act_activity,p1_0.cr_refund_type
1776800983327|4|commit|connection 0|url jdbc:p6spy:sqlserver://CFSFPTEST:1433;databaseName=CFSFP;encrypt=true;trustServerCertificate=true;||
1776800983349|3|commit|connection 0|url jdbc:p6spy:sqlserver://CFSFPTEST:1433;databaseName=CFSFP;encrypt=true;trustServerCertificate=true;||
1776800983371|11|commit|connection 0|url jdbc:p6spy:sqlserver://CFSFPTEST:1433;databaseName=CFSFP;encrypt=true;trustServerCertificate=true;||
1776800983382|4|commit|connection 0|url jdbc:p6spy:sqlserver://CFSFPTEST:1433;databaseName=CFSFP;encrypt=true;trustServerCertificate=true;||
1776800983403|5|commit|connection 0|url jdbc:p6spy:sqlserver://CFSFPTEST:1433;databaseName=CFSFP;encrypt=true;trustServerCertificate=true;||
1776801247650|3|commit|connection 0|url jdbc:p6spy:sqlserver://CFSFPTEST:1433;databaseName=CFSFP;encrypt=true;trustServerCertificate=true;||
1776801247678|3|statement|connection 0|url jdbc:p6spy:sqlserver://CFSFPTEST:1433;databaseName=CFSFP;encrypt=true;trustServerCertificate=true;|select next value for BATCH_JOB_SEQ|select next value for BATCH_JOB_SEQ
1776801247763|9|commit|connection 0|url jdbc:p6spy:sqlserver://CFSFPTEST:1433;databaseName=CFSFP;encrypt=true;trustServerCertificate=true;||
1776801247929|4|commit|connection 0|url jdbc:p6spy:sqlserver://CFSFPTEST:1433;databaseName=CFSFP;encrypt=true;trustServerCertificate=true;||
1776801247974|3|commit|connection 0|url jdbc:p6spy:sqlserver://CFSFPTEST:1433;databaseName=CFSFP;encrypt=true;trustServerCertificate=true;||
1776801247983|0|commit|connection 0|url jdbc:p6spy:sqlserver://CFSFPTEST:1433;databaseName=CFSFP;encrypt=true;trustServerCertificate=true;||
1776801248000|4|commit|connection 0|url jdbc:p6spy:sqlserver://CFSFPTEST:1433;databaseName=CFSFP;encrypt=true;trustServerCertificate=true;||
1776801248029|4|commit|connection 0|url jdbc:p6spy:sqlserver://CFSFPTEST:1433;databaseName=CFSFP;encrypt=true;trustServerCertificate=true;||
1776801248051|3|commit|connection 0|url jdbc:p6spy:sqlserver://CFSFPTEST:1433;databaseName=CFSFP;encrypt=true;trustServerCertificate=true;||
1776801248632|4|statement|connection 0|url jdbc:p6spy:sqlserver://CFSFPTEST:1433;databaseName=CFSFP;encrypt=true;trustServerCertificate=true;|select 1 from p09_activity p1_0|select 1 from p09_activity p1_0
1776801251826|1030|statement|connection 0|url jdbc:p6spy:sqlserver://CFSFPTEST:1433;databaseName=CFSFP;encrypt=true;trustServerCertificate=true;|select p1_0.cr_refund_type,p1_0.act_activity,p1_0.cr_cntrl_date,p1_0.cr_cntrl_nbr,count_big(distinct p1_0.act_activity),sum(p1_0.act_activity_amt),p2_0.cr_corp from p09_activity p1_0 join p09_cash_receipt p2_0 on p1_0.cr_refund_type=p2_0.cr_refund_type and p1_0.cr_cntrl_date=p2_0.cr_cntrl_date and p1_0.cr_cntrl_nbr=p2_0.cr_cntrl_nbr where p2_0.cr_corp='01' and p1_0.act_activity in (?) group by p1_0.cr_refund_type,p1_0.act_activity,p1_0.cr_cntrl_date,p1_0.cr_cntrl_nbr,p2_0.cr_corp order by p1_0.act_activity,p1_0.cr_refund_type|select p1_0.cr_refund_type,p1_0.act_activity,p1_0.cr_cntrl_date,p1_0.cr_cntrl_nbr,count_big(distinct p1_0.act_activity),sum(p1_0.act_activity_amt),p2_0.cr_corp from p09_activity p1_0 join p09_cash_receipt p2_0 on p1_0.cr_refund_type=p2_0.cr_refund_type and p1_0.cr_cntrl_date=p2_0.cr_cntrl_date and p1_0.cr_cntrl_nbr=p2_0.cr_cntrl_nbr where p2_0.cr_corp='01' and p1_0.act_activity in ('EST') group by p1_0.cr_refund_type,p1_0.act_activity,p1_0.cr_cntrl_date,p1_0.cr_cntrl_nbr,p2_0.cr_corp order by p1_0.act_activity,p1_0.cr_refund_type
1776801257559|4|commit|connection 0|url jdbc:p6spy:sqlserver://CFSFPTEST:1433;databaseName=CFSFP;encrypt=true;trustServerCertificate=true;||
1776801257578|3|commit|connection 0|url jdbc:p6spy:sqlserver://CFSFPTEST:1433;databaseName=CFSFP;encrypt=true;trustServerCertificate=true;||
1776801257594|3|commit|connection 0|url jdbc:p6spy:sqlserver://CFSFPTEST:1433;databaseName=CFSFP;encrypt=true;trustServerCertificate=true;||
1776801257617|3|commit|connection 0|url jdbc:p6spy:sqlserver://CFSFPTEST:1433;databaseName=CFSFP;encrypt=true;trustServerCertificate=true;||
1776801257631|3|commit|connection 0|url jdbc:p6spy:sqlserver://CFSFPTEST:1433;databaseName=CFSFP;encrypt=true;trustServerCertificate=true;||
1776801625097|6|commit|connection 0|url jdbc:p6spy:sqlserver://CFSFPTEST:1433;databaseName=CFSFP;encrypt=true;trustServerCertificate=true;||
1776801625147|6|statement|connection 0|url jdbc:p6spy:sqlserver://CFSFPTEST:1433;databaseName=CFSFP;encrypt=true;trustServerCertificate=true;|select next value for BATCH_JOB_SEQ|select next value for BATCH_JOB_SEQ
1776801625338|5|commit|connection 0|url jdbc:p6spy:sqlserver://CFSFPTEST:1433;databaseName=CFSFP;encrypt=true;trustServerCertificate=true;||
1776801625573|7|commit|connection 0|url jdbc:p6spy:sqlserver://CFSFPTEST:1433;databaseName=CFSFP;encrypt=true;trustServerCertificate=true;||
1776801625589|0|commit|connection 0|url jdbc:p6spy:sqlserver://CFSFPTEST:1433;databaseName=CFSFP;encrypt=true;trustServerCertificate=true;||
1776801625604|0|commit|connection 0|url jdbc:p6spy:sqlserver://CFSFPTEST:1433;databaseName=CFSFP;encrypt=true;trustServerCertificate=true;||
1776801625626|6|commit|connection 0|url jdbc:p6spy:sqlserver://CFSFPTEST:1433;databaseName=CFSFP;encrypt=true;trustServerCertificate=true;||
1776801625685|4|commit|connection 0|url jdbc:p6spy:sqlserver://CFSFPTEST:1433;databaseName=CFSFP;encrypt=true;trustServerCertificate=true;||
1776801625724|6|commit|connection 0|url jdbc:p6spy:sqlserver://CFSFPTEST:1433;databaseName=CFSFP;encrypt=true;trustServerCertificate=true;||
1776801626441|11|statement|connection 0|url jdbc:p6spy:sqlserver://CFSFPTEST:1433;databaseName=CFSFP;encrypt=true;trustServerCertificate=true;|select 1 from p09_activity p1_0|select 1 from p09_activity p1_0
1776801629662|1014|statement|connection 0|url jdbc:p6spy:sqlserver://CFSFPTEST:1433;databaseName=CFSFP;encrypt=true;trustServerCertificate=true;|select p1_0.cr_refund_type,p1_0.act_activity,p1_0.cr_cntrl_date,p1_0.cr_cntrl_nbr,count_big(distinct p1_0.act_activity),sum(p1_0.act_activity_amt),p2_0.cr_corp from p09_activity p1_0 join p09_cash_receipt p2_0 on p1_0.cr_refund_type=p2_0.cr_refund_type and p1_0.cr_cntrl_date=p2_0.cr_cntrl_date and p1_0.cr_cntrl_nbr=p2_0.cr_cntrl_nbr where p2_0.cr_corp='01' and p1_0.act_activity in (?) group by p1_0.cr_refund_type,p1_0.act_activity,p1_0.cr_cntrl_date,p1_0.cr_cntrl_nbr,p2_0.cr_corp order by p1_0.act_activity,p1_0.cr_refund_type|select p1_0.cr_refund_type,p1_0.act_activity,p1_0.cr_cntrl_date,p1_0.cr_cntrl_nbr,count_big(distinct p1_0.act_activity),sum(p1_0.act_activity_amt),p2_0.cr_corp from p09_activity p1_0 join p09_cash_receipt p2_0 on p1_0.cr_refund_type=p2_0.cr_refund_type and p1_0.cr_cntrl_date=p2_0.cr_cntrl_date and p1_0.cr_cntrl_nbr=p2_0.cr_cntrl_nbr where p2_0.cr_corp='01' and p1_0.act_activity in ('EST') group by p1_0.cr_refund_type,p1_0.act_activity,p1_0.cr_cntrl_date,p1_0.cr_cntrl_nbr,p2_0.cr_corp order by p1_0.act_activity,p1_0.cr_refund_type
1776804363789|1|commit|connection 0|url jdbc:p6spy:sqlserver://CFSFPTEST:1433;databaseName=CFSFP;encrypt=true;trustServerCertificate=true;||
1776804363810|3|statement|connection 0|url jdbc:p6spy:sqlserver://CFSFPTEST:1433;databaseName=CFSFP;encrypt=true;trustServerCertificate=true;|select next value for BATCH_JOB_SEQ|select next value for BATCH_JOB_SEQ
1776804363925|4|commit|connection 0|url jdbc:p6spy:sqlserver://CFSFPTEST:1433;databaseName=CFSFP;encrypt=true;trustServerCertificate=true;||
1776804364115|4|commit|connection 0|url jdbc:p6spy:sqlserver://CFSFPTEST:1433;databaseName=CFSFP;encrypt=true;trustServerCertificate=true;||
1776804364145|1|commit|connection 0|url jdbc:p6spy:sqlserver://CFSFPTEST:1433;databaseName=CFSFP;encrypt=true;trustServerCertificate=true;||
1776804364159|0|commit|connection 0|url jdbc:p6spy:sqlserver://CFSFPTEST:1433;databaseName=CFSFP;encrypt=true;trustServerCertificate=true;||
1776804364179|3|commit|connection 0|url jdbc:p6spy:sqlserver://CFSFPTEST:1433;databaseName=CFSFP;encrypt=true;trustServerCertificate=true;||
1776804364208|4|commit|connection 0|url jdbc:p6spy:sqlserver://CFSFPTEST:1433;databaseName=CFSFP;encrypt=true;trustServerCertificate=true;||
1776804364231|4|commit|connection 0|url jdbc:p6spy:sqlserver://CFSFPTEST:1433;databaseName=CFSFP;encrypt=true;trustServerCertificate=true;||
1776804364827|2|statement|connection 0|url jdbc:p6spy:sqlserver://CFSFPTEST:1433;databaseName=CFSFP;encrypt=true;trustServerCertificate=true;|select 1 from p09_activity p1_0|select 1 from p09_activity p1_0
1776804368000|1023|statement|connection 0|url jdbc:p6spy:sqlserver://CFSFPTEST:1433;databaseName=CFSFP;encrypt=true;trustServerCertificate=true;|select p1_0.cr_refund_type,p1_0.act_activity,p1_0.cr_cntrl_date,p1_0.cr_cntrl_nbr,count_big(distinct p1_0.act_activity),sum(p1_0.act_activity_amt),p2_0.cr_corp from p09_activity p1_0 join p09_cash_receipt p2_0 on p1_0.cr_refund_type=p2_0.cr_refund_type and p1_0.cr_cntrl_date=p2_0.cr_cntrl_date and p1_0.cr_cntrl_nbr=p2_0.cr_cntrl_nbr where p2_0.cr_corp='01' and p1_0.act_activity in (?) group by p1_0.cr_refund_type,p1_0.act_activity,p1_0.cr_cntrl_date,p1_0.cr_cntrl_nbr,p2_0.cr_corp order by p1_0.act_activity,p1_0.cr_refund_type|select p1_0.cr_refund_type,p1_0.act_activity,p1_0.cr_cntrl_date,p1_0.cr_cntrl_nbr,count_big(distinct p1_0.act_activity),sum(p1_0.act_activity_amt),p2_0.cr_corp from p09_activity p1_0 join p09_cash_receipt p2_0 on p1_0.cr_refund_type=p2_0.cr_refund_type and p1_0.cr_cntrl_date=p2_0.cr_cntrl_date and p1_0.cr_cntrl_nbr=p2_0.cr_cntrl_nbr where p2_0.cr_corp='01' and p1_0.act_activity in ('EST') group by p1_0.cr_refund_type,p1_0.act_activity,p1_0.cr_cntrl_date,p1_0.cr_cntrl_nbr,p2_0.cr_corp order by p1_0.act_activity,p1_0.cr_refund_type
1776804372703|4|commit|connection 0|url jdbc:p6spy:sqlserver://CFSFPTEST:1433;databaseName=CFSFP;encrypt=true;trustServerCertificate=true;||
1776804372723|4|commit|connection 0|url jdbc:p6spy:sqlserver://CFSFPTEST:1433;databaseName=CFSFP;encrypt=true;trustServerCertificate=true;||
1776804372738|3|commit|connection 0|url jdbc:p6spy:sqlserver://CFSFPTEST:1433;databaseName=CFSFP;encrypt=true;trustServerCertificate=true;||
1776804372768|4|commit|connection 0|url jdbc:p6spy:sqlserver://CFSFPTEST:1433;databaseName=CFSFP;encrypt=true;trustServerCertificate=true;||
1776804372783|3|commit|connection 0|url jdbc:p6spy:sqlserver://CFSFPTEST:1433;databaseName=CFSFP;encrypt=true;trustServerCertificate=true;||
1776805070531|1|commit|connection 0|url jdbc:p6spy:sqlserver://CFSFPTEST:1433;databaseName=CFSFP;encrypt=true;trustServerCertificate=true;||
1776805070597|18|statement|connection 0|url jdbc:p6spy:sqlserver://CFSFPTEST:1433;databaseName=CFSFP;encrypt=true;trustServerCertificate=true;|select next value for BATCH_JOB_SEQ|select next value for BATCH_JOB_SEQ
1776805070673|4|commit|connection 0|url jdbc:p6spy:sqlserver://CFSFPTEST:1433;databaseName=CFSFP;encrypt=true;trustServerCertificate=true;||
1776805070826|3|commit|connection 0|url jdbc:p6spy:sqlserver://CFSFPTEST:1433;databaseName=CFSFP;encrypt=true;trustServerCertificate=true;||
1776805070861|1|commit|connection 0|url jdbc:p6spy:sqlserver://CFSFPTEST:1433;databaseName=CFSFP;encrypt=true;trustServerCertificate=true;||
1776805070876|1|commit|connection 0|url jdbc:p6spy:sqlserver://CFSFPTEST:1433;databaseName=CFSFP;encrypt=true;trustServerCertificate=true;||
1776805070904|4|commit|connection 0|url jdbc:p6spy:sqlserver://CFSFPTEST:1433;databaseName=CFSFP;encrypt=true;trustServerCertificate=true;||
1776805070940|4|commit|connection 0|url jdbc:p6spy:sqlserver://CFSFPTEST:1433;databaseName=CFSFP;encrypt=true;trustServerCertificate=true;||
1776805070968|11|commit|connection 0|url jdbc:p6spy:sqlserver://CFSFPTEST:1433;databaseName=CFSFP;encrypt=true;trustServerCertificate=true;||
1776805071513|2|statement|connection 0|url jdbc:p6spy:sqlserver://CFSFPTEST:1433;databaseName=CFSFP;encrypt=true;trustServerCertificate=true;|select 1 from p09_activity p1_0|select 1 from p09_activity p1_0
1776805074597|1036|statement|connection 0|url jdbc:p6spy:sqlserver://CFSFPTEST:1433;databaseName=CFSFP;encrypt=true;trustServerCertificate=true;|select p1_0.cr_refund_type,p1_0.act_activity,p1_0.cr_cntrl_date,p1_0.cr_cntrl_nbr,count_big(distinct p1_0.act_activity),sum(p1_0.act_activity_amt),p2_0.cr_corp from p09_activity p1_0 join p09_cash_receipt p2_0 on p1_0.cr_refund_type=p2_0.cr_refund_type and p1_0.cr_cntrl_date=p2_0.cr_cntrl_date and p1_0.cr_cntrl_nbr=p2_0.cr_cntrl_nbr where p2_0.cr_corp='01' and p1_0.act_activity in (?) group by p1_0.cr_refund_type,p1_0.act_activity,p1_0.cr_cntrl_date,p1_0.cr_cntrl_nbr,p2_0.cr_corp order by p1_0.act_activity,p1_0.cr_refund_type|select p1_0.cr_refund_type,p1_0.act_activity,p1_0.cr_cntrl_date,p1_0.cr_cntrl_nbr,count_big(distinct p1_0.act_activity),sum(p1_0.act_activity_amt),p2_0.cr_corp from p09_activity p1_0 join p09_cash_receipt p2_0 on p1_0.cr_refund_type=p2_0.cr_refund_type and p1_0.cr_cntrl_date=p2_0.cr_cntrl_date and p1_0.cr_cntrl_nbr=p2_0.cr_cntrl_nbr where p2_0.cr_corp='01' and p1_0.act_activity in ('EST') group by p1_0.cr_refund_type,p1_0.act_activity,p1_0.cr_cntrl_date,p1_0.cr_cntrl_nbr,p2_0.cr_corp order by p1_0.act_activity,p1_0.cr_refund_type
1776805080135|11|commit|connection 0|url jdbc:p6spy:sqlserver://CFSFPTEST:1433;databaseName=CFSFP;encrypt=true;trustServerCertificate=true;||
1776805080188|5|commit|connection 0|url jdbc:p6spy:sqlserver://CFSFPTEST:1433;databaseName=CFSFP;encrypt=true;trustServerCertificate=true;||
1776805080238|5|commit|connection 0|url jdbc:p6spy:sqlserver://CFSFPTEST:1433;databaseName=CFSFP;encrypt=true;trustServerCertificate=true;||
1776805080265|8|commit|connection 0|url jdbc:p6spy:sqlserver://CFSFPTEST:1433;databaseName=CFSFP;encrypt=true;trustServerCertificate=true;||
1776805080344|11|commit|connection 0|url jdbc:p6spy:sqlserver://CFSFPTEST:1433;databaseName=CFSFP;encrypt=true;trustServerCertificate=true;||
1776805930545|4|commit|connection 0|url jdbc:p6spy:sqlserver://CFSFPTEST:1433;databaseName=CFSFP;encrypt=true;trustServerCertificate=true;||
1776805930564|3|statement|connection 0|url jdbc:p6spy:sqlserver://CFSFPTEST:1433;databaseName=CFSFP;encrypt=true;trustServerCertificate=true;|select next value for BATCH_JOB_SEQ|select next value for BATCH_JOB_SEQ
1776805930613|3|commit|connection 0|url jdbc:p6spy:sqlserver://CFSFPTEST:1433;databaseName=CFSFP;encrypt=true;trustServerCertificate=true;||
1776805930714|3|commit|connection 0|url jdbc:p6spy:sqlserver://CFSFPTEST:1433;databaseName=CFSFP;encrypt=true;trustServerCertificate=true;||
1776805930726|0|commit|connection 0|url jdbc:p6spy:sqlserver://CFSFPTEST:1433;databaseName=CFSFP;encrypt=true;trustServerCertificate=true;||
1776805930734|0|commit|connection 0|url jdbc:p6spy:sqlserver://CFSFPTEST:1433;databaseName=CFSFP;encrypt=true;trustServerCertificate=true;||
1776805930749|3|commit|connection 0|url jdbc:p6spy:sqlserver://CFSFPTEST:1433;databaseName=CFSFP;encrypt=true;trustServerCertificate=true;||
1776805930771|3|commit|connection 0|url jdbc:p6spy:sqlserver://CFSFPTEST:1433;databaseName=CFSFP;encrypt=true;trustServerCertificate=true;||
1776805930788|3|commit|connection 0|url jdbc:p6spy:sqlserver://CFSFPTEST:1433;databaseName=CFSFP;encrypt=true;trustServerCertificate=true;||
1776805931150|6|statement|connection 0|url jdbc:p6spy:sqlserver://CFSFPTEST:1433;databaseName=CFSFP;encrypt=true;trustServerCertificate=true;|select 1 from p09_activity p1_0|select 1 from p09_activity p1_0
1776805934498|1026|statement|connection 0|url jdbc:p6spy:sqlserver://CFSFPTEST:1433;databaseName=CFSFP;encrypt=true;trustServerCertificate=true;|select p1_0.cr_refund_type,p1_0.act_activity,p1_0.cr_cntrl_date,p1_0.cr_cntrl_nbr,count_big(distinct p1_0.act_activity),sum(p1_0.act_activity_amt),p2_0.cr_corp from p09_activity p1_0 join p09_cash_receipt p2_0 on p1_0.cr_refund_type=p2_0.cr_refund_type and p1_0.cr_cntrl_date=p2_0.cr_cntrl_date and p1_0.cr_cntrl_nbr=p2_0.cr_cntrl_nbr where p2_0.cr_corp='01' and p1_0.act_activity in (?) group by p1_0.cr_refund_type,p1_0.act_activity,p1_0.cr_cntrl_date,p1_0.cr_cntrl_nbr,p2_0.cr_corp order by p1_0.act_activity,p1_0.cr_refund_type|select p1_0.cr_refund_type,p1_0.act_activity,p1_0.cr_cntrl_date,p1_0.cr_cntrl_nbr,count_big(distinct p1_0.act_activity),sum(p1_0.act_activity_amt),p2_0.cr_corp from p09_activity p1_0 join p09_cash_receipt p2_0 on p1_0.cr_refund_type=p2_0.cr_refund_type and p1_0.cr_cntrl_date=p2_0.cr_cntrl_date and p1_0.cr_cntrl_nbr=p2_0.cr_cntrl_nbr where p2_0.cr_corp='01' and p1_0.act_activity in ('EST') group by p1_0.cr_refund_type,p1_0.act_activity,p1_0.cr_cntrl_date,p1_0.cr_cntrl_nbr,p2_0.cr_corp order by p1_0.act_activity,p1_0.cr_refund_type
1776805940068|5|commit|connection 0|url jdbc:p6spy:sqlserver://CFSFPTEST:1433;databaseName=CFSFP;encrypt=true;trustServerCertificate=true;||
1776805940080|3|commit|connection 0|url jdbc:p6spy:sqlserver://CFSFPTEST:1433;databaseName=CFSFP;encrypt=true;trustServerCertificate=true;||
1776805940094|5|commit|connection 0|url jdbc:p6spy:sqlserver://CFSFPTEST:1433;databaseName=CFSFP;encrypt=true;trustServerCertificate=true;||
1776805940110|4|commit|connection 0|url jdbc:p6spy:sqlserver://CFSFPTEST:1433;databaseName=CFSFP;encrypt=true;trustServerCertificate=true;||
1776805940136|7|commit|connection 0|url jdbc:p6spy:sqlserver://CFSFPTEST:1433;databaseName=CFSFP;encrypt=true;trustServerCertificate=true;||
1776806186837|1|commit|connection 0|url jdbc:p6spy:sqlserver://CFSFPTEST:1433;databaseName=CFSFP;encrypt=true;trustServerCertificate=true;||
1776806186860|3|statement|connection 0|url jdbc:p6spy:sqlserver://CFSFPTEST:1433;databaseName=CFSFP;encrypt=true;trustServerCertificate=true;|select next value for BATCH_JOB_SEQ|select next value for BATCH_JOB_SEQ
1776806186953|13|commit|connection 0|url jdbc:p6spy:sqlserver://CFSFPTEST:1433;databaseName=CFSFP;encrypt=true;trustServerCertificate=true;||
1776806187146|4|commit|connection 0|url jdbc:p6spy:sqlserver://CFSFPTEST:1433;databaseName=CFSFP;encrypt=true;trustServerCertificate=true;||
1776806187182|7|commit|connection 0|url jdbc:p6spy:sqlserver://CFSFPTEST:1433;databaseName=CFSFP;encrypt=true;trustServerCertificate=true;||
1776806187201|0|commit|connection 0|url jdbc:p6spy:sqlserver://CFSFPTEST:1433;databaseName=CFSFP;encrypt=true;trustServerCertificate=true;||
1776806187215|4|commit|connection 0|url jdbc:p6spy:sqlserver://CFSFPTEST:1433;databaseName=CFSFP;encrypt=true;trustServerCertificate=true;||
1776806187294|5|commit|connection 0|url jdbc:p6spy:sqlserver://CFSFPTEST:1433;databaseName=CFSFP;encrypt=true;trustServerCertificate=true;||
1776806187314|4|commit|connection 0|url jdbc:p6spy:sqlserver://CFSFPTEST:1433;databaseName=CFSFP;encrypt=true;trustServerCertificate=true;||
1776806187820|2|statement|connection 0|url jdbc:p6spy:sqlserver://CFSFPTEST:1433;databaseName=CFSFP;encrypt=true;trustServerCertificate=true;|select 1 from p09_activity p1_0|select 1 from p09_activity p1_0
1776806191791|1805|statement|connection 0|url jdbc:p6spy:sqlserver://CFSFPTEST:1433;databaseName=CFSFP;encrypt=true;trustServerCertificate=true;|select p1_0.cr_refund_type,p1_0.act_activity,p1_0.cr_cntrl_date,p1_0.cr_cntrl_nbr,count_big(distinct p1_0.act_activity),sum(p1_0.act_activity_amt),p2_0.cr_corp from p09_activity p1_0 join p09_cash_receipt p2_0 on p1_0.cr_refund_type=p2_0.cr_refund_type and p1_0.cr_cntrl_date=p2_0.cr_cntrl_date and p1_0.cr_cntrl_nbr=p2_0.cr_cntrl_nbr where p2_0.cr_corp='01' and p1_0.act_activity in (?,?,?,?,?,?,?) group by p1_0.cr_refund_type,p1_0.act_activity,p1_0.cr_cntrl_date,p1_0.cr_cntrl_nbr,p2_0.cr_corp order by p1_0.act_activity,p1_0.cr_refund_type|select p1_0.cr_refund_type,p1_0.act_activity,p1_0.cr_cntrl_date,p1_0.cr_cntrl_nbr,count_big(distinct p1_0.act_activity),sum(p1_0.act_activity_amt),p2_0.cr_corp from p09_activity p1_0 join p09_cash_receipt p2_0 on p1_0.cr_refund_type=p2_0.cr_refund_type and p1_0.cr_cntrl_date=p2_0.cr_cntrl_date and p1_0.cr_cntrl_nbr=p2_0.cr_cntrl_nbr where p2_0.cr_corp='01' and p1_0.act_activity in ('ACC','APP','REM','DEL','LOG','FRR','PRR') group by p1_0.cr_refund_type,p1_0.act_activity,p1_0.cr_cntrl_date,p1_0.cr_cntrl_nbr,p2_0.cr_corp order by p1_0.act_activity,p1_0.cr_refund_type
1776806197828|4|commit|connection 0|url jdbc:p6spy:sqlserver://CFSFPTEST:1433;databaseName=CFSFP;encrypt=true;trustServerCertificate=true;||
1776806197841|3|commit|connection 0|url jdbc:p6spy:sqlserver://CFSFPTEST:1433;databaseName=CFSFP;encrypt=true;trustServerCertificate=true;||
1776806197854|3|commit|connection 0|url jdbc:p6spy:sqlserver://CFSFPTEST:1433;databaseName=CFSFP;encrypt=true;trustServerCertificate=true;||
1776806197869|3|commit|connection 0|url jdbc:p6spy:sqlserver://CFSFPTEST:1433;databaseName=CFSFP;encrypt=true;trustServerCertificate=true;||
1776806197884|3|commit|connection 0|url jdbc:p6spy:sqlserver://CFSFPTEST:1433;databaseName=CFSFP;encrypt=true;trustServerCertificate=true;||
1776806365435|1|commit|connection 0|url jdbc:p6spy:sqlserver://CFSFPTEST:1433;databaseName=CFSFP;encrypt=true;trustServerCertificate=true;||
1776806365462|1|statement|connection 0|url jdbc:p6spy:sqlserver://CFSFPTEST:1433;databaseName=CFSFP;encrypt=true;trustServerCertificate=true;|select next value for BATCH_JOB_SEQ|select next value for BATCH_JOB_SEQ
1776806365534|4|commit|connection 0|url jdbc:p6spy:sqlserver://CFSFPTEST:1433;databaseName=CFSFP;encrypt=true;trustServerCertificate=true;||
1776806365697|4|commit|connection 0|url jdbc:p6spy:sqlserver://CFSFPTEST:1433;databaseName=CFSFP;encrypt=true;trustServerCertificate=true;||
1776806365726|0|commit|connection 0|url jdbc:p6spy:sqlserver://CFSFPTEST:1433;databaseName=CFSFP;encrypt=true;trustServerCertificate=true;||
1776806365741|0|commit|connection 0|url jdbc:p6spy:sqlserver://CFSFPTEST:1433;databaseName=CFSFP;encrypt=true;trustServerCertificate=true;||
1776806365757|8|commit|connection 0|url jdbc:p6spy:sqlserver://CFSFPTEST:1433;databaseName=CFSFP;encrypt=true;trustServerCertificate=true;||
1776806365784|3|commit|connection 0|url jdbc:p6spy:sqlserver://CFSFPTEST:1433;databaseName=CFSFP;encrypt=true;trustServerCertificate=true;||
1776806365828|4|commit|connection 0|url jdbc:p6spy:sqlserver://CFSFPTEST:1433;databaseName=CFSFP;encrypt=true;trustServerCertificate=true;||
1776806366532|2|statement|connection 0|url jdbc:p6spy:sqlserver://CFSFPTEST:1433;databaseName=CFSFP;encrypt=true;trustServerCertificate=true;|select 1 from p09_activity p1_0|select 1 from p09_activity p1_0
1776806369342|583|statement|connection 0|url jdbc:p6spy:sqlserver://CFSFPTEST:1433;databaseName=CFSFP;encrypt=true;trustServerCertificate=true;|select p1_0.cr_refund_type,p1_0.act_activity,p1_0.cr_cntrl_date,p1_0.cr_cntrl_nbr,count_big(distinct p1_0.act_activity),sum(p1_0.act_activity_amt),p2_0.cr_corp from p09_activity p1_0 join p09_cash_receipt p2_0 on p1_0.cr_refund_type=p2_0.cr_refund_type and p1_0.cr_cntrl_date=p2_0.cr_cntrl_date and p1_0.cr_cntrl_nbr=p2_0.cr_cntrl_nbr where p2_0.cr_corp='01' and p1_0.act_activity in (?,?) group by p1_0.cr_refund_type,p1_0.act_activity,p1_0.cr_cntrl_date,p1_0.cr_cntrl_nbr,p2_0.cr_corp order by p1_0.act_activity,p1_0.cr_refund_type|select p1_0.cr_refund_type,p1_0.act_activity,p1_0.cr_cntrl_date,p1_0.cr_cntrl_nbr,count_big(distinct p1_0.act_activity),sum(p1_0.act_activity_amt),p2_0.cr_corp from p09_activity p1_0 join p09_cash_receipt p2_0 on p1_0.cr_refund_type=p2_0.cr_refund_type and p1_0.cr_cntrl_date=p2_0.cr_cntrl_date and p1_0.cr_cntrl_nbr=p2_0.cr_cntrl_nbr where p2_0.cr_corp='01' and p1_0.act_activity in ('FR','PR') group by p1_0.cr_refund_type,p1_0.act_activity,p1_0.cr_cntrl_date,p1_0.cr_cntrl_nbr,p2_0.cr_corp order by p1_0.act_activity,p1_0.cr_refund_type
1776806370632|9|commit|connection 0|url jdbc:p6spy:sqlserver://CFSFPTEST:1433;databaseName=CFSFP;encrypt=true;trustServerCertificate=true;||
1776806370652|8|commit|connection 0|url jdbc:p6spy:sqlserver://CFSFPTEST:1433;databaseName=CFSFP;encrypt=true;trustServerCertificate=true;||
1776806370676|10|commit|connection 0|url jdbc:p6spy:sqlserver://CFSFPTEST:1433;databaseName=CFSFP;encrypt=true;trustServerCertificate=true;||
1776806370696|8|commit|connection 0|url jdbc:p6spy:sqlserver://CFSFPTEST:1433;databaseName=CFSFP;encrypt=true;trustServerCertificate=true;||
1776806370721|7|commit|connection 0|url jdbc:p6spy:sqlserver://CFSFPTEST:1433;databaseName=CFSFP;encrypt=true;trustServerCertificate=true;||
1776806887378|1|commit|connection 0|url jdbc:p6spy:sqlserver://CFSFPTEST:1433;databaseName=CFSFP;encrypt=true;trustServerCertificate=true;||
1776806887408|3|statement|connection 0|url jdbc:p6spy:sqlserver://CFSFPTEST:1433;databaseName=CFSFP;encrypt=true;trustServerCertificate=true;|select next value for BATCH_JOB_SEQ|select next value for BATCH_JOB_SEQ
1776806887495|4|commit|connection 0|url jdbc:p6spy:sqlserver://CFSFPTEST:1433;databaseName=CFSFP;encrypt=true;trustServerCertificate=true;||
1776806887668|8|commit|connection 0|url jdbc:p6spy:sqlserver://CFSFPTEST:1433;databaseName=CFSFP;encrypt=true;trustServerCertificate=true;||
1776806887699|0|commit|connection 0|url jdbc:p6spy:sqlserver://CFSFPTEST:1433;databaseName=CFSFP;encrypt=true;trustServerCertificate=true;||
1776806887716|1|commit|connection 0|url jdbc:p6spy:sqlserver://CFSFPTEST:1433;databaseName=CFSFP;encrypt=true;trustServerCertificate=true;||
1776806887737|4|commit|connection 0|url jdbc:p6spy:sqlserver://CFSFPTEST:1433;databaseName=CFSFP;encrypt=true;trustServerCertificate=true;||
1776806887764|6|commit|connection 0|url jdbc:p6spy:sqlserver://CFSFPTEST:1433;databaseName=CFSFP;encrypt=true;trustServerCertificate=true;||
1776806887785|4|commit|connection 0|url jdbc:p6spy:sqlserver://CFSFPTEST:1433;databaseName=CFSFP;encrypt=true;trustServerCertificate=true;||
1776806888470|2|statement|connection 0|url jdbc:p6spy:sqlserver://CFSFPTEST:1433;databaseName=CFSFP;encrypt=true;trustServerCertificate=true;|select 1 from p09_activity p1_0|select 1 from p09_activity p1_0
1776806891707|1025|statement|connection 0|url jdbc:p6spy:sqlserver://CFSFPTEST:1433;databaseName=CFSFP;encrypt=true;trustServerCertificate=true;|select p1_0.cr_refund_type,p1_0.act_activity,p1_0.cr_cntrl_date,p1_0.cr_cntrl_nbr,count_big(distinct p1_0.act_activity),sum(p1_0.act_activity_amt),p2_0.cr_corp from p09_activity p1_0 join p09_cash_receipt p2_0 on p1_0.cr_refund_type=p2_0.cr_refund_type and p1_0.cr_cntrl_date=p2_0.cr_cntrl_date and p1_0.cr_cntrl_nbr=p2_0.cr_cntrl_nbr where p2_0.cr_corp='01' and p1_0.act_activity in (?) group by p1_0.cr_refund_type,p1_0.act_activity,p1_0.cr_cntrl_date,p1_0.cr_cntrl_nbr,p2_0.cr_corp order by p1_0.act_activity,p1_0.cr_refund_type|select p1_0.cr_refund_type,p1_0.act_activity,p1_0.cr_cntrl_date,p1_0.cr_cntrl_nbr,count_big(distinct p1_0.act_activity),sum(p1_0.act_activity_amt),p2_0.cr_corp from p09_activity p1_0 join p09_cash_receipt p2_0 on p1_0.cr_refund_type=p2_0.cr_refund_type and p1_0.cr_cntrl_date=p2_0.cr_cntrl_date and p1_0.cr_cntrl_nbr=p2_0.cr_cntrl_nbr where p2_0.cr_corp='01' and p1_0.act_activity in ('EST') group by p1_0.cr_refund_type,p1_0.act_activity,p1_0.cr_cntrl_date,p1_0.cr_cntrl_nbr,p2_0.cr_corp order by p1_0.act_activity,p1_0.cr_refund_type
1776806898770|1748|statement|connection 0|url jdbc:p6spy:sqlserver://CFSFPTEST:1433;databaseName=CFSFP;encrypt=true;trustServerCertificate=true;|select p1_0.cr_refund_type,p1_0.act_activity,p1_0.cr_cntrl_date,p1_0.cr_cntrl_nbr,count_big(distinct p1_0.act_activity),sum(p1_0.act_activity_amt),p2_0.cr_corp from p09_activity p1_0 join p09_cash_receipt p2_0 on p1_0.cr_refund_type=p2_0.cr_refund_type and p1_0.cr_cntrl_date=p2_0.cr_cntrl_date and p1_0.cr_cntrl_nbr=p2_0.cr_cntrl_nbr where p2_0.cr_corp='01' and p1_0.act_activity in (?,?,?,?,?,?,?) group by p1_0.cr_refund_type,p1_0.act_activity,p1_0.cr_cntrl_date,p1_0.cr_cntrl_nbr,p2_0.cr_corp order by p1_0.act_activity,p1_0.cr_refund_type|select p1_0.cr_refund_type,p1_0.act_activity,p1_0.cr_cntrl_date,p1_0.cr_cntrl_nbr,count_big(distinct p1_0.act_activity),sum(p1_0.act_activity_amt),p2_0.cr_corp from p09_activity p1_0 join p09_cash_receipt p2_0 on p1_0.cr_refund_type=p2_0.cr_refund_type and p1_0.cr_cntrl_date=p2_0.cr_cntrl_date and p1_0.cr_cntrl_nbr=p2_0.cr_cntrl_nbr where p2_0.cr_corp='01' and p1_0.act_activity in ('ACC','APP','REM','DEL','LOG','FRR','PRR') group by p1_0.cr_refund_type,p1_0.act_activity,p1_0.cr_cntrl_date,p1_0.cr_cntrl_nbr,p2_0.cr_corp order by p1_0.act_activity,p1_0.cr_refund_type
1776806904300|528|statement|connection 0|url jdbc:p6spy:sqlserver://CFSFPTEST:1433;databaseName=CFSFP;encrypt=true;trustServerCertificate=true;|select p1_0.cr_refund_type,p1_0.act_activity,p1_0.cr_cntrl_date,p1_0.cr_cntrl_nbr,count_big(distinct p1_0.act_activity),sum(p1_0.act_activity_amt),p2_0.cr_corp from p09_activity p1_0 join p09_cash_receipt p2_0 on p1_0.cr_refund_type=p2_0.cr_refund_type and p1_0.cr_cntrl_date=p2_0.cr_cntrl_date and p1_0.cr_cntrl_nbr=p2_0.cr_cntrl_nbr where p2_0.cr_corp='01' and p1_0.act_activity in (?,?) group by p1_0.cr_refund_type,p1_0.act_activity,p1_0.cr_cntrl_date,p1_0.cr_cntrl_nbr,p2_0.cr_corp order by p1_0.act_activity,p1_0.cr_refund_type|select p1_0.cr_refund_type,p1_0.act_activity,p1_0.cr_cntrl_date,p1_0.cr_cntrl_nbr,count_big(distinct p1_0.act_activity),sum(p1_0.act_activity_amt),p2_0.cr_corp from p09_activity p1_0 join p09_cash_receipt p2_0 on p1_0.cr_refund_type=p2_0.cr_refund_type and p1_0.cr_cntrl_date=p2_0.cr_cntrl_date and p1_0.cr_cntrl_nbr=p2_0.cr_cntrl_nbr where p2_0.cr_corp='01' and p1_0.act_activity in ('FR','PR') group by p1_0.cr_refund_type,p1_0.act_activity,p1_0.cr_cntrl_date,p1_0.cr_cntrl_nbr,p2_0.cr_corp order by p1_0.act_activity,p1_0.cr_refund_type
1776806907274|2193|statement|connection 0|url jdbc:p6spy:sqlserver://CFSFPTEST:1433;databaseName=CFSFP;encrypt=true;trustServerCertificate=true;|select p1_0.cr_refund_type,p1_0.act_activity,p1_0.cr_cntrl_date,p1_0.cr_cntrl_nbr,count_big(distinct p1_0.act_activity),sum(p1_0.act_activity_amt),p2_0.cr_corp from p09_activity p1_0 join p09_cash_receipt p2_0 on p1_0.cr_refund_type=p2_0.cr_refund_type and p1_0.cr_cntrl_date=p2_0.cr_cntrl_date and p1_0.cr_cntrl_nbr=p2_0.cr_cntrl_nbr where p2_0.cr_corp='01' and p1_0.act_activity in (?,?,?,?,?,?,?,?,?) group by p1_0.cr_refund_type,p1_0.act_activity,p1_0.cr_cntrl_date,p1_0.cr_cntrl_nbr,p2_0.cr_corp order by p1_0.act_activity,p1_0.cr_refund_type|select p1_0.cr_refund_type,p1_0.act_activity,p1_0.cr_cntrl_date,p1_0.cr_cntrl_nbr,count_big(distinct p1_0.act_activity),sum(p1_0.act_activity_amt),p2_0.cr_corp from p09_activity p1_0 join p09_cash_receipt p2_0 on p1_0.cr_refund_type=p2_0.cr_refund_type and p1_0.cr_cntrl_date=p2_0.cr_cntrl_date and p1_0.cr_cntrl_nbr=p2_0.cr_cntrl_nbr where p2_0.cr_corp='01' and p1_0.act_activity in ('RAA','RAD','RAR','RCK','OTH','RRE','PEN','CAN','MOD') group by p1_0.cr_refund_type,p1_0.act_activity,p1_0.cr_cntrl_date,p1_0.cr_cntrl_nbr,p2_0.cr_corp order by p1_0.act_activity,p1_0.cr_refund_type
1776806912652|9|commit|connection 0|url jdbc:p6spy:sqlserver://CFSFPTEST:1433;databaseName=CFSFP;encrypt=true;trustServerCertificate=true;||
1776806912673|4|commit|connection 0|url jdbc:p6spy:sqlserver://CFSFPTEST:1433;databaseName=CFSFP;encrypt=true;trustServerCertificate=true;||
1776806912691|6|commit|connection 0|url jdbc:p6spy:sqlserver://CFSFPTEST:1433;databaseName=CFSFP;encrypt=true;trustServerCertificate=true;||
1776806912709|6|commit|connection 0|url jdbc:p6spy:sqlserver://CFSFPTEST:1433;databaseName=CFSFP;encrypt=true;trustServerCertificate=true;||
1776806912725|3|commit|connection 0|url jdbc:p6spy:sqlserver://CFSFPTEST:1433;databaseName=CFSFP;encrypt=true;trustServerCertificate=true;||
1776807091777|1|commit|connection 0|url jdbc:p6spy:sqlserver://CFSFPTEST:1433;databaseName=CFSFP;encrypt=true;trustServerCertificate=true;||
1776807091810|4|statement|connection 0|url jdbc:p6spy:sqlserver://CFSFPTEST:1433;databaseName=CFSFP;encrypt=true;trustServerCertificate=true;|select next value for BATCH_JOB_SEQ|select next value for BATCH_JOB_SEQ
1776807091874|4|commit|connection 0|url jdbc:p6spy:sqlserver://CFSFPTEST:1433;databaseName=CFSFP;encrypt=true;trustServerCertificate=true;||
1776807092066|4|commit|connection 0|url jdbc:p6spy:sqlserver://CFSFPTEST:1433;databaseName=CFSFP;encrypt=true;trustServerCertificate=true;||
1776807092108|0|commit|connection 0|url jdbc:p6spy:sqlserver://CFSFPTEST:1433;databaseName=CFSFP;encrypt=true;trustServerCertificate=true;||
1776807092117|0|commit|connection 0|url jdbc:p6spy:sqlserver://CFSFPTEST:1433;databaseName=CFSFP;encrypt=true;trustServerCertificate=true;||
1776807092141|5|commit|connection 0|url jdbc:p6spy:sqlserver://CFSFPTEST:1433;databaseName=CFSFP;encrypt=true;trustServerCertificate=true;||
1776807092170|4|commit|connection 0|url jdbc:p6spy:sqlserver://CFSFPTEST:1433;databaseName=CFSFP;encrypt=true;trustServerCertificate=true;||
1776807092191|6|commit|connection 0|url jdbc:p6spy:sqlserver://CFSFPTEST:1433;databaseName=CFSFP;encrypt=true;trustServerCertificate=true;||
1776807092781|4|statement|connection 0|url jdbc:p6spy:sqlserver://CFSFPTEST:1433;databaseName=CFSFP;encrypt=true;trustServerCertificate=true;|select 1 from p09_activity p1_0|select 1 from p09_activity p1_0
1776807095862|1019|statement|connection 0|url jdbc:p6spy:sqlserver://CFSFPTEST:1433;databaseName=CFSFP;encrypt=true;trustServerCertificate=true;|select p1_0.cr_refund_type,p1_0.act_activity,p1_0.cr_cntrl_date,p1_0.cr_cntrl_nbr,count_big(distinct p1_0.act_activity),sum(p1_0.act_activity_amt),p2_0.cr_corp from p09_activity p1_0 join p09_cash_receipt p2_0 on p1_0.cr_refund_type=p2_0.cr_refund_type and p1_0.cr_cntrl_date=p2_0.cr_cntrl_date and p1_0.cr_cntrl_nbr=p2_0.cr_cntrl_nbr where p2_0.cr_corp='01' and p1_0.act_activity in (?) group by p1_0.cr_refund_type,p1_0.act_activity,p1_0.cr_cntrl_date,p1_0.cr_cntrl_nbr,p2_0.cr_corp order by p1_0.act_activity,p1_0.cr_refund_type|select p1_0.cr_refund_type,p1_0.act_activity,p1_0.cr_cntrl_date,p1_0.cr_cntrl_nbr,count_big(distinct p1_0.act_activity),sum(p1_0.act_activity_amt),p2_0.cr_corp from p09_activity p1_0 join p09_cash_receipt p2_0 on p1_0.cr_refund_type=p2_0.cr_refund_type and p1_0.cr_cntrl_date=p2_0.cr_cntrl_date and p1_0.cr_cntrl_nbr=p2_0.cr_cntrl_nbr where p2_0.cr_corp='01' and p1_0.act_activity in ('EST') group by p1_0.cr_refund_type,p1_0.act_activity,p1_0.cr_cntrl_date,p1_0.cr_cntrl_nbr,p2_0.cr_corp order by p1_0.act_activity,p1_0.cr_refund_type
1776807103783|2312|statement|connection 0|url jdbc:p6spy:sqlserver://CFSFPTEST:1433;databaseName=CFSFP;encrypt=true;trustServerCertificate=true;|select p1_0.cr_refund_type,p1_0.act_activity,p1_0.cr_cntrl_date,p1_0.cr_cntrl_nbr,count_big(distinct p1_0.act_activity),sum(p1_0.act_activity_amt),p2_0.cr_corp from p09_activity p1_0 join p09_cash_receipt p2_0 on p1_0.cr_refund_type=p2_0.cr_refund_type and p1_0.cr_cntrl_date=p2_0.cr_cntrl_date and p1_0.cr_cntrl_nbr=p2_0.cr_cntrl_nbr where p2_0.cr_corp='01' and p1_0.act_activity in (?,?,?,?,?,?,?) group by p1_0.cr_refund_type,p1_0.act_activity,p1_0.cr_cntrl_date,p1_0.cr_cntrl_nbr,p2_0.cr_corp order by p1_0.act_activity,p1_0.cr_refund_type|select p1_0.cr_refund_type,p1_0.act_activity,p1_0.cr_cntrl_date,p1_0.cr_cntrl_nbr,count_big(distinct p1_0.act_activity),sum(p1_0.act_activity_amt),p2_0.cr_corp from p09_activity p1_0 join p09_cash_receipt p2_0 on p1_0.cr_refund_type=p2_0.cr_refund_type and p1_0.cr_cntrl_date=p2_0.cr_cntrl_date and p1_0.cr_cntrl_nbr=p2_0.cr_cntrl_nbr where p2_0.cr_corp='01' and p1_0.act_activity in ('ACC','APP','REM','DEL','LOG','FRR','PRR') group by p1_0.cr_refund_type,p1_0.act_activity,p1_0.cr_cntrl_date,p1_0.cr_cntrl_nbr,p2_0.cr_corp order by p1_0.act_activity,p1_0.cr_refund_type
1776807108946|544|statement|connection 0|url jdbc:p6spy:sqlserver://CFSFPTEST:1433;databaseName=CFSFP;encrypt=true;trustServerCertificate=true;|select p1_0.cr_refund_type,p1_0.act_activity,p1_0.cr_cntrl_date,p1_0.cr_cntrl_nbr,count_big(distinct p1_0.act_activity),sum(p1_0.act_activity_amt),p2_0.cr_corp from p09_activity p1_0 join p09_cash_receipt p2_0 on p1_0.cr_refund_type=p2_0.cr_refund_type and p1_0.cr_cntrl_date=p2_0.cr_cntrl_date and p1_0.cr_cntrl_nbr=p2_0.cr_cntrl_nbr where p2_0.cr_corp='01' and p1_0.act_activity in (?,?) group by p1_0.cr_refund_type,p1_0.act_activity,p1_0.cr_cntrl_date,p1_0.cr_cntrl_nbr,p2_0.cr_corp order by p1_0.act_activity,p1_0.cr_refund_type|select p1_0.cr_refund_type,p1_0.act_activity,p1_0.cr_cntrl_date,p1_0.cr_cntrl_nbr,count_big(distinct p1_0.act_activity),sum(p1_0.act_activity_amt),p2_0.cr_corp from p09_activity p1_0 join p09_cash_receipt p2_0 on p1_0.cr_refund_type=p2_0.cr_refund_type and p1_0.cr_cntrl_date=p2_0.cr_cntrl_date and p1_0.cr_cntrl_nbr=p2_0.cr_cntrl_nbr where p2_0.cr_corp='01' and p1_0.act_activity in ('FR','PR') group by p1_0.cr_refund_type,p1_0.act_activity,p1_0.cr_cntrl_date,p1_0.cr_cntrl_nbr,p2_0.cr_corp order by p1_0.act_activity,p1_0.cr_refund_type
1776807111655|2187|statement|connection 0|url jdbc:p6spy:sqlserver://CFSFPTEST:1433;databaseName=CFSFP;encrypt=true;trustServerCertificate=true;|select p1_0.cr_refund_type,p1_0.act_activity,p1_0.cr_cntrl_date,p1_0.cr_cntrl_nbr,count_big(distinct p1_0.act_activity),sum(p1_0.act_activity_amt),p2_0.cr_corp from p09_activity p1_0 join p09_cash_receipt p2_0 on p1_0.cr_refund_type=p2_0.cr_refund_type and p1_0.cr_cntrl_date=p2_0.cr_cntrl_date and p1_0.cr_cntrl_nbr=p2_0.cr_cntrl_nbr where p2_0.cr_corp='01' and p1_0.act_activity in (?,?,?,?,?,?,?,?,?) group by p1_0.cr_refund_type,p1_0.act_activity,p1_0.cr_cntrl_date,p1_0.cr_cntrl_nbr,p2_0.cr_corp order by p1_0.act_activity,p1_0.cr_refund_type|select p1_0.cr_refund_type,p1_0.act_activity,p1_0.cr_cntrl_date,p1_0.cr_cntrl_nbr,count_big(distinct p1_0.act_activity),sum(p1_0.act_activity_amt),p2_0.cr_corp from p09_activity p1_0 join p09_cash_receipt p2_0 on p1_0.cr_refund_type=p2_0.cr_refund_type and p1_0.cr_cntrl_date=p2_0.cr_cntrl_date and p1_0.cr_cntrl_nbr=p2_0.cr_cntrl_nbr where p2_0.cr_corp='01' and p1_0.act_activity in ('RAA','RAD','RAR','RCK','OTH','RRE','PEN','CAN','MOD') group by p1_0.cr_refund_type,p1_0.act_activity,p1_0.cr_cntrl_date,p1_0.cr_cntrl_nbr,p2_0.cr_corp order by p1_0.act_activity,p1_0.cr_refund_type
1776807116984|9|commit|connection 0|url jdbc:p6spy:sqlserver://CFSFPTEST:1433;databaseName=CFSFP;encrypt=true;trustServerCertificate=true;||
1776807117005|6|commit|connection 0|url jdbc:p6spy:sqlserver://CFSFPTEST:1433;databaseName=CFSFP;encrypt=true;trustServerCertificate=true;||
1776807117024|5|commit|connection 0|url jdbc:p6spy:sqlserver://CFSFPTEST:1433;databaseName=CFSFP;encrypt=true;trustServerCertificate=true;||
1776807117040|4|commit|connection 0|url jdbc:p6spy:sqlserver://CFSFPTEST:1433;databaseName=CFSFP;encrypt=true;trustServerCertificate=true;||
1776807117076|7|commit|connection 0|url jdbc:p6spy:sqlserver://CFSFPTEST:1433;databaseName=CFSFP;encrypt=true;trustServerCertificate=true;||
1776807473084|1|commit|connection 0|url jdbc:p6spy:sqlserver://CFSFPTEST:1433;databaseName=CFSFP;encrypt=true;trustServerCertificate=true;||
1776807473109|7|statement|connection 0|url jdbc:p6spy:sqlserver://CFSFPTEST:1433;databaseName=CFSFP;encrypt=true;trustServerCertificate=true;|select next value for BATCH_JOB_SEQ|select next value for BATCH_JOB_SEQ
1776807473177|6|commit|connection 0|url jdbc:p6spy:sqlserver://CFSFPTEST:1433;databaseName=CFSFP;encrypt=true;trustServerCertificate=true;||
1776807473368|8|commit|connection 0|url jdbc:p6spy:sqlserver://CFSFPTEST:1433;databaseName=CFSFP;encrypt=true;trustServerCertificate=true;||
1776807473394|0|commit|connection 0|url jdbc:p6spy:sqlserver://CFSFPTEST:1433;databaseName=CFSFP;encrypt=true;trustServerCertificate=true;||
1776807473403|0|commit|connection 0|url jdbc:p6spy:sqlserver://CFSFPTEST:1433;databaseName=CFSFP;encrypt=true;trustServerCertificate=true;||
1776807473440|5|commit|connection 0|url jdbc:p6spy:sqlserver://CFSFPTEST:1433;databaseName=CFSFP;encrypt=true;trustServerCertificate=true;||
1776807473463|4|commit|connection 0|url jdbc:p6spy:sqlserver://CFSFPTEST:1433;databaseName=CFSFP;encrypt=true;trustServerCertificate=true;||
1776807473497|14|commit|connection 0|url jdbc:p6spy:sqlserver://CFSFPTEST:1433;databaseName=CFSFP;encrypt=true;trustServerCertificate=true;||
1776807474182|2|statement|connection 0|url jdbc:p6spy:sqlserver://CFSFPTEST:1433;databaseName=CFSFP;encrypt=true;trustServerCertificate=true;|select 1 from p09_activity p1_0|select 1 from p09_activity p1_0
1776807477440|1013|statement|connection 0|url jdbc:p6spy:sqlserver://CFSFPTEST:1433;databaseName=CFSFP;encrypt=true;trustServerCertificate=true;|select p1_0.cr_refund_type,p1_0.act_activity,p1_0.cr_cntrl_date,p1_0.cr_cntrl_nbr,count_big(distinct p1_0.act_activity),sum(p1_0.act_activity_amt),p2_0.cr_corp from p09_activity p1_0 join p09_cash_receipt p2_0 on p1_0.cr_refund_type=p2_0.cr_refund_type and p1_0.cr_cntrl_date=p2_0.cr_cntrl_date and p1_0.cr_cntrl_nbr=p2_0.cr_cntrl_nbr where p2_0.cr_corp='01' and p1_0.act_activity in (?) group by p1_0.cr_refund_type,p1_0.act_activity,p1_0.cr_cntrl_date,p1_0.cr_cntrl_nbr,p2_0.cr_corp order by p1_0.act_activity,p1_0.cr_refund_type|select p1_0.cr_refund_type,p1_0.act_activity,p1_0.cr_cntrl_date,p1_0.cr_cntrl_nbr,count_big(distinct p1_0.act_activity),sum(p1_0.act_activity_amt),p2_0.cr_corp from p09_activity p1_0 join p09_cash_receipt p2_0 on p1_0.cr_refund_type=p2_0.cr_refund_type and p1_0.cr_cntrl_date=p2_0.cr_cntrl_date and p1_0.cr_cntrl_nbr=p2_0.cr_cntrl_nbr where p2_0.cr_corp='01' and p1_0.act_activity in ('EST') group by p1_0.cr_refund_type,p1_0.act_activity,p1_0.cr_cntrl_date,p1_0.cr_cntrl_nbr,p2_0.cr_corp order by p1_0.act_activity,p1_0.cr_refund_type
1776807484682|1743|statement|connection 0|url jdbc:p6spy:sqlserver://CFSFPTEST:1433;databaseName=CFSFP;encrypt=true;trustServerCertificate=true;|select p1_0.cr_refund_type,p1_0.act_activity,p1_0.cr_cntrl_date,p1_0.cr_cntrl_nbr,count_big(distinct p1_0.act_activity),sum(p1_0.act_activity_amt),p2_0.cr_corp from p09_activity p1_0 join p09_cash_receipt p2_0 on p1_0.cr_refund_type=p2_0.cr_refund_type and p1_0.cr_cntrl_date=p2_0.cr_cntrl_date and p1_0.cr_cntrl_nbr=p2_0.cr_cntrl_nbr where p2_0.cr_corp='01' and p1_0.act_activity in (?,?,?,?,?,?,?) group by p1_0.cr_refund_type,p1_0.act_activity,p1_0.cr_cntrl_date,p1_0.cr_cntrl_nbr,p2_0.cr_corp order by p1_0.act_activity,p1_0.cr_refund_type|select p1_0.cr_refund_type,p1_0.act_activity,p1_0.cr_cntrl_date,p1_0.cr_cntrl_nbr,count_big(distinct p1_0.act_activity),sum(p1_0.act_activity_amt),p2_0.cr_corp from p09_activity p1_0 join p09_cash_receipt p2_0 on p1_0.cr_refund_type=p2_0.cr_refund_type and p1_0.cr_cntrl_date=p2_0.cr_cntrl_date and p1_0.cr_cntrl_nbr=p2_0.cr_cntrl_nbr where p2_0.cr_corp='01' and p1_0.act_activity in ('ACC','APP','REM','DEL','LOG','FRR','PRR') group by p1_0.cr_refund_type,p1_0.act_activity,p1_0.cr_cntrl_date,p1_0.cr_cntrl_nbr,p2_0.cr_corp order by p1_0.act_activity,p1_0.cr_refund_type
1776807490145|539|statement|connection 0|url jdbc:p6spy:sqlserver://CFSFPTEST:1433;databaseName=CFSFP;encrypt=true;trustServerCertificate=true;|select p1_0.cr_refund_type,p1_0.act_activity,p1_0.cr_cntrl_date,p1_0.cr_cntrl_nbr,count_big(distinct p1_0.act_activity),sum(p1_0.act_activity_amt),p2_0.cr_corp from p09_activity p1_0 join p09_cash_receipt p2_0 on p1_0.cr_refund_type=p2_0.cr_refund_type and p1_0.cr_cntrl_date=p2_0.cr_cntrl_date and p1_0.cr_cntrl_nbr=p2_0.cr_cntrl_nbr where p2_0.cr_corp='01' and p1_0.act_activity in (?,?) group by p1_0.cr_refund_type,p1_0.act_activity,p1_0.cr_cntrl_date,p1_0.cr_cntrl_nbr,p2_0.cr_corp order by p1_0.act_activity,p1_0.cr_refund_type|select p1_0.cr_refund_type,p1_0.act_activity,p1_0.cr_cntrl_date,p1_0.cr_cntrl_nbr,count_big(distinct p1_0.act_activity),sum(p1_0.act_activity_amt),p2_0.cr_corp from p09_activity p1_0 join p09_cash_receipt p2_0 on p1_0.cr_refund_type=p2_0.cr_refund_type and p1_0.cr_cntrl_date=p2_0.cr_cntrl_date and p1_0.cr_cntrl_nbr=p2_0.cr_cntrl_nbr where p2_0.cr_corp='01' and p1_0.act_activity in ('FR','PR') group by p1_0.cr_refund_type,p1_0.act_activity,p1_0.cr_cntrl_date,p1_0.cr_cntrl_nbr,p2_0.cr_corp order by p1_0.act_activity,p1_0.cr_refund_type
1776807492853|2150|statement|connection 0|url jdbc:p6spy:sqlserver://CFSFPTEST:1433;databaseName=CFSFP;encrypt=true;trustServerCertificate=true;|select p1_0.cr_refund_type,p1_0.act_activity,p1_0.cr_cntrl_date,p1_0.cr_cntrl_nbr,count_big(distinct p1_0.act_activity),sum(p1_0.act_activity_amt),p2_0.cr_corp from p09_activity p1_0 join p09_cash_receipt p2_0 on p1_0.cr_refund_type=p2_0.cr_refund_type and p1_0.cr_cntrl_date=p2_0.cr_cntrl_date and p1_0.cr_cntrl_nbr=p2_0.cr_cntrl_nbr where p2_0.cr_corp='01' and p1_0.act_activity in (?,?,?,?,?,?,?,?,?) group by p1_0.cr_refund_type,p1_0.act_activity,p1_0.cr_cntrl_date,p1_0.cr_cntrl_nbr,p2_0.cr_corp order by p1_0.act_activity,p1_0.cr_refund_type|select p1_0.cr_refund_type,p1_0.act_activity,p1_0.cr_cntrl_date,p1_0.cr_cntrl_nbr,count_big(distinct p1_0.act_activity),sum(p1_0.act_activity_amt),p2_0.cr_corp from p09_activity p1_0 join p09_cash_receipt p2_0 on p1_0.cr_refund_type=p2_0.cr_refund_type and p1_0.cr_cntrl_date=p2_0.cr_cntrl_date and p1_0.cr_cntrl_nbr=p2_0.cr_cntrl_nbr where p2_0.cr_corp='01' and p1_0.act_activity in ('RAA','RAD','RAR','RCK','OTH','RRE','PEN','CAN','MOD') group by p1_0.cr_refund_type,p1_0.act_activity,p1_0.cr_cntrl_date,p1_0.cr_cntrl_nbr,p2_0.cr_corp order by p1_0.act_activity,p1_0.cr_refund_type
1776807497880|4|commit|connection 0|url jdbc:p6spy:sqlserver://CFSFPTEST:1433;databaseName=CFSFP;encrypt=true;trustServerCertificate=true;||
1776807497898|4|commit|connection 0|url jdbc:p6spy:sqlserver://CFSFPTEST:1433;databaseName=CFSFP;encrypt=true;trustServerCertificate=true;||
1776807497918|4|commit|connection 0|url jdbc:p6spy:sqlserver://CFSFPTEST:1433;databaseName=CFSFP;encrypt=true;trustServerCertificate=true;||
1776807497948|15|commit|connection 0|url jdbc:p6spy:sqlserver://CFSFPTEST:1433;databaseName=CFSFP;encrypt=true;trustServerCertificate=true;||
1776807497983|4|commit|connection 0|url jdbc:p6spy:sqlserver://CFSFPTEST:1433;databaseName=CFSFP;encrypt=true;trustServerCertificate=true;||
1776828331279|1|commit|connection 0|url jdbc:p6spy:sqlserver://CFSFPTEST:1433;databaseName=CFSFP;encrypt=true;trustServerCertificate=true;||
1776828331320|3|statement|connection 0|url jdbc:p6spy:sqlserver://CFSFPTEST:1433;databaseName=CFSFP;encrypt=true;trustServerCertificate=true;|select next value for BATCH_JOB_SEQ|select next value for BATCH_JOB_SEQ
1776828331438|15|commit|connection 0|url jdbc:p6spy:sqlserver://CFSFPTEST:1433;databaseName=CFSFP;encrypt=true;trustServerCertificate=true;||
1776828331579|5|commit|connection 0|url jdbc:p6spy:sqlserver://CFSFPTEST:1433;databaseName=CFSFP;encrypt=true;trustServerCertificate=true;||
1776828331610|0|commit|connection 0|url jdbc:p6spy:sqlserver://CFSFPTEST:1433;databaseName=CFSFP;encrypt=true;trustServerCertificate=true;||
1776828331621|0|commit|connection 0|url jdbc:p6spy:sqlserver://CFSFPTEST:1433;databaseName=CFSFP;encrypt=true;trustServerCertificate=true;||
1776828331648|4|commit|connection 0|url jdbc:p6spy:sqlserver://CFSFPTEST:1433;databaseName=CFSFP;encrypt=true;trustServerCertificate=true;||
1776828331698|12|commit|connection 0|url jdbc:p6spy:sqlserver://CFSFPTEST:1433;databaseName=CFSFP;encrypt=true;trustServerCertificate=true;||
1776828331726|5|commit|connection 0|url jdbc:p6spy:sqlserver://CFSFPTEST:1433;databaseName=CFSFP;encrypt=true;trustServerCertificate=true;||
1776828332533|70|statement|connection 0|url jdbc:p6spy:sqlserver://CFSFPTEST:1433;databaseName=CFSFP;encrypt=true;trustServerCertificate=true;|select 1 from p09_activity p1_0|select 1 from p09_activity p1_0
1776828335881|1169|statement|connection 0|url jdbc:p6spy:sqlserver://CFSFPTEST:1433;databaseName=CFSFP;encrypt=true;trustServerCertificate=true;|select p1_0.cr_refund_type,p1_0.act_activity,p1_0.cr_cntrl_date,p1_0.cr_cntrl_nbr,count_big(distinct p1_0.act_activity),sum(p1_0.act_activity_amt),p2_0.cr_corp from p09_activity p1_0 join p09_cash_receipt p2_0 on p1_0.cr_refund_type=p2_0.cr_refund_type and p1_0.cr_cntrl_date=p2_0.cr_cntrl_date and p1_0.cr_cntrl_nbr=p2_0.cr_cntrl_nbr where p2_0.cr_corp='01' and p1_0.act_activity in (?) group by p1_0.cr_refund_type,p1_0.act_activity,p1_0.cr_cntrl_date,p1_0.cr_cntrl_nbr,p2_0.cr_corp order by p1_0.act_activity,p1_0.cr_refund_type|select p1_0.cr_refund_type,p1_0.act_activity,p1_0.cr_cntrl_date,p1_0.cr_cntrl_nbr,count_big(distinct p1_0.act_activity),sum(p1_0.act_activity_amt),p2_0.cr_corp from p09_activity p1_0 join p09_cash_receipt p2_0 on p1_0.cr_refund_type=p2_0.cr_refund_type and p1_0.cr_cntrl_date=p2_0.cr_cntrl_date and p1_0.cr_cntrl_nbr=p2_0.cr_cntrl_nbr where p2_0.cr_corp='01' and p1_0.act_activity in ('EST') group by p1_0.cr_refund_type,p1_0.act_activity,p1_0.cr_cntrl_date,p1_0.cr_cntrl_nbr,p2_0.cr_corp order by p1_0.act_activity,p1_0.cr_refund_type
1776828342032|5|commit|connection 0|url jdbc:p6spy:sqlserver://CFSFPTEST:1433;databaseName=CFSFP;encrypt=true;trustServerCertificate=true;||
1776828342045|4|commit|connection 0|url jdbc:p6spy:sqlserver://CFSFPTEST:1433;databaseName=CFSFP;encrypt=true;trustServerCertificate=true;||
1776828342057|4|commit|connection 0|url jdbc:p6spy:sqlserver://CFSFPTEST:1433;databaseName=CFSFP;encrypt=true;trustServerCertificate=true;||
1776828342069|5|commit|connection 0|url jdbc:p6spy:sqlserver://CFSFPTEST:1433;databaseName=CFSFP;encrypt=true;trustServerCertificate=true;||
1776828342083|6|commit|connection 0|url jdbc:p6spy:sqlserver://CFSFPTEST:1433;databaseName=CFSFP;encrypt=true;trustServerCertificate=true;||
1776829084034|6|commit|connection 0|url jdbc:p6spy:sqlserver://CFSFPTEST:1433;databaseName=CFSFP;encrypt=true;trustServerCertificate=true;||
1776829084082|4|statement|connection 0|url jdbc:p6spy:sqlserver://CFSFPTEST:1433;databaseName=CFSFP;encrypt=true;trustServerCertificate=true;|select next value for BATCH_JOB_SEQ|select next value for BATCH_JOB_SEQ
1776829084271|8|commit|connection 0|url jdbc:p6spy:sqlserver://CFSFPTEST:1433;databaseName=CFSFP;encrypt=true;trustServerCertificate=true;||
1776829084928|5|commit|connection 0|url jdbc:p6spy:sqlserver://CFSFPTEST:1433;databaseName=CFSFP;encrypt=true;trustServerCertificate=true;||
1776829084969|4|commit|connection 0|url jdbc:p6spy:sqlserver://CFSFPTEST:1433;databaseName=CFSFP;encrypt=true;trustServerCertificate=true;||
1776829084985|1|commit|connection 0|url jdbc:p6spy:sqlserver://CFSFPTEST:1433;databaseName=CFSFP;encrypt=true;trustServerCertificate=true;||
1776829085034|12|commit|connection 0|url jdbc:p6spy:sqlserver://CFSFPTEST:1433;databaseName=CFSFP;encrypt=true;trustServerCertificate=true;||
1776829085098|14|commit|connection 0|url jdbc:p6spy:sqlserver://CFSFPTEST:1433;databaseName=CFSFP;encrypt=true;trustServerCertificate=true;||
1776829085142|16|commit|connection 0|url jdbc:p6spy:sqlserver://CFSFPTEST:1433;databaseName=CFSFP;encrypt=true;trustServerCertificate=true;||
1776829086028|2|statement|connection 0|url jdbc:p6spy:sqlserver://CFSFPTEST:1433;databaseName=CFSFP;encrypt=true;trustServerCertificate=true;|select 1 from p09_activity p1_0|select 1 from p09_activity p1_0
1776829089382|1150|statement|connection 0|url jdbc:p6spy:sqlserver://CFSFPTEST:1433;databaseName=CFSFP;encrypt=true;trustServerCertificate=true;|select p1_0.cr_refund_type,p1_0.act_activity,p1_0.cr_cntrl_date,p1_0.cr_cntrl_nbr,count_big(distinct p1_0.act_activity),sum(p1_0.act_activity_amt),p2_0.cr_corp from p09_activity p1_0 join p09_cash_receipt p2_0 on p1_0.cr_refund_type=p2_0.cr_refund_type and p1_0.cr_cntrl_date=p2_0.cr_cntrl_date and p1_0.cr_cntrl_nbr=p2_0.cr_cntrl_nbr where p2_0.cr_corp='01' and p1_0.act_activity in (?) group by p1_0.cr_refund_type,p1_0.act_activity,p1_0.cr_cntrl_date,p1_0.cr_cntrl_nbr,p2_0.cr_corp order by p1_0.act_activity,p1_0.cr_refund_type|select p1_0.cr_refund_type,p1_0.act_activity,p1_0.cr_cntrl_date,p1_0.cr_cntrl_nbr,count_big(distinct p1_0.act_activity),sum(p1_0.act_activity_amt),p2_0.cr_corp from p09_activity p1_0 join p09_cash_receipt p2_0 on p1_0.cr_refund_type=p2_0.cr_refund_type and p1_0.cr_cntrl_date=p2_0.cr_cntrl_date and p1_0.cr_cntrl_nbr=p2_0.cr_cntrl_nbr where p2_0.cr_corp='01' and p1_0.act_activity in ('EST') group by p1_0.cr_refund_type,p1_0.act_activity,p1_0.cr_cntrl_date,p1_0.cr_cntrl_nbr,p2_0.cr_corp order by p1_0.act_activity,p1_0.cr_refund_type
1776829431743|1|commit|connection 0|url jdbc:p6spy:sqlserver://CFSFPTEST:1433;databaseName=CFSFP;encrypt=true;trustServerCertificate=true;||
1776829431819|14|statement|connection 0|url jdbc:p6spy:sqlserver://CFSFPTEST:1433;databaseName=CFSFP;encrypt=true;trustServerCertificate=true;|select next value for BATCH_JOB_SEQ|select next value for BATCH_JOB_SEQ
1776829432010|12|commit|connection 0|url jdbc:p6spy:sqlserver://CFSFPTEST:1433;databaseName=CFSFP;encrypt=true;trustServerCertificate=true;||
1776829432183|9|commit|connection 0|url jdbc:p6spy:sqlserver://CFSFPTEST:1433;databaseName=CFSFP;encrypt=true;trustServerCertificate=true;||
1776829432212|0|commit|connection 0|url jdbc:p6spy:sqlserver://CFSFPTEST:1433;databaseName=CFSFP;encrypt=true;trustServerCertificate=true;||
1776829432221|1|commit|connection 0|url jdbc:p6spy:sqlserver://CFSFPTEST:1433;databaseName=CFSFP;encrypt=true;trustServerCertificate=true;||
1776829432233|4|commit|connection 0|url jdbc:p6spy:sqlserver://CFSFPTEST:1433;databaseName=CFSFP;encrypt=true;trustServerCertificate=true;||
1776829432262|11|commit|connection 0|url jdbc:p6spy:sqlserver://CFSFPTEST:1433;databaseName=CFSFP;encrypt=true;trustServerCertificate=true;||
1776829432286|10|commit|connection 0|url jdbc:p6spy:sqlserver://CFSFPTEST:1433;databaseName=CFSFP;encrypt=true;trustServerCertificate=true;||
1776829432683|2|statement|connection 0|url jdbc:p6spy:sqlserver://CFSFPTEST:1433;databaseName=CFSFP;encrypt=true;trustServerCertificate=true;|select 1 from p09_activity p1_0|select 1 from p09_activity p1_0
1776829436009|1123|statement|connection 0|url jdbc:p6spy:sqlserver://CFSFPTEST:1433;databaseName=CFSFP;encrypt=true;trustServerCertificate=true;|select p1_0.cr_refund_type,p1_0.act_activity,p1_0.cr_cntrl_date,p1_0.cr_cntrl_nbr,count_big(distinct p1_0.act_activity),sum(p1_0.act_activity_amt),p2_0.cr_corp from p09_activity p1_0 join p09_cash_receipt p2_0 on p1_0.cr_refund_type=p2_0.cr_refund_type and p1_0.cr_cntrl_date=p2_0.cr_cntrl_date and p1_0.cr_cntrl_nbr=p2_0.cr_cntrl_nbr where p2_0.cr_corp='01' and p1_0.act_activity in (?) group by p1_0.cr_refund_type,p1_0.act_activity,p1_0.cr_cntrl_date,p1_0.cr_cntrl_nbr,p2_0.cr_corp order by p1_0.act_activity,p1_0.cr_refund_type|select p1_0.cr_refund_type,p1_0.act_activity,p1_0.cr_cntrl_date,p1_0.cr_cntrl_nbr,count_big(distinct p1_0.act_activity),sum(p1_0.act_activity_amt),p2_0.cr_corp from p09_activity p1_0 join p09_cash_receipt p2_0 on p1_0.cr_refund_type=p2_0.cr_refund_type and p1_0.cr_cntrl_date=p2_0.cr_cntrl_date and p1_0.cr_cntrl_nbr=p2_0.cr_cntrl_nbr where p2_0.cr_corp='01' and p1_0.act_activity in ('EST') group by p1_0.cr_refund_type,p1_0.act_activity,p1_0.cr_cntrl_date,p1_0.cr_cntrl_nbr,p2_0.cr_corp order by p1_0.act_activity,p1_0.cr_refund_type
1776836277055|1|commit|connection 0|url jdbc:p6spy:sqlserver://CFSFPTEST:1433;databaseName=CFSFP;encrypt=true;trustServerCertificate=true;||
1776836277087|3|statement|connection 0|url jdbc:p6spy:sqlserver://CFSFPTEST:1433;databaseName=CFSFP;encrypt=true;trustServerCertificate=true;|select next value for BATCH_JOB_SEQ|select next value for BATCH_JOB_SEQ
1776836277159|4|commit|connection 0|url jdbc:p6spy:sqlserver://CFSFPTEST:1433;databaseName=CFSFP;encrypt=true;trustServerCertificate=true;||
1776836277412|14|commit|connection 0|url jdbc:p6spy:sqlserver://CFSFPTEST:1433;databaseName=CFSFP;encrypt=true;trustServerCertificate=true;||
1776836277462|4|commit|connection 0|url jdbc:p6spy:sqlserver://CFSFPTEST:1433;databaseName=CFSFP;encrypt=true;trustServerCertificate=true;||
1776836277473|0|commit|connection 0|url jdbc:p6spy:sqlserver://CFSFPTEST:1433;databaseName=CFSFP;encrypt=true;trustServerCertificate=true;||
1776836277503|5|commit|connection 0|url jdbc:p6spy:sqlserver://CFSFPTEST:1433;databaseName=CFSFP;encrypt=true;trustServerCertificate=true;||
1776836277555|4|commit|connection 0|url jdbc:p6spy:sqlserver://CFSFPTEST:1433;databaseName=CFSFP;encrypt=true;trustServerCertificate=true;||
1776836277602|5|commit|connection 0|url jdbc:p6spy:sqlserver://CFSFPTEST:1433;databaseName=CFSFP;encrypt=true;trustServerCertificate=true;||
1776836278464|64|statement|connection 0|url jdbc:p6spy:sqlserver://CFSFPTEST:1433;databaseName=CFSFP;encrypt=true;trustServerCertificate=true;|select 1 from p09_activity p1_0|select 1 from p09_activity p1_0
1776836282048|1307|statement|connection 0|url jdbc:p6spy:sqlserver://CFSFPTEST:1433;databaseName=CFSFP;encrypt=true;trustServerCertificate=true;|select p1_0.cr_refund_type,p1_0.act_activity,p1_0.cr_cntrl_date,p1_0.cr_cntrl_nbr,count_big(distinct p1_0.act_activity),sum(p1_0.act_activity_amt),p2_0.cr_corp from p09_activity p1_0 join p09_cash_receipt p2_0 on p1_0.cr_refund_type=p2_0.cr_refund_type and p1_0.cr_cntrl_date=p2_0.cr_cntrl_date and p1_0.cr_cntrl_nbr=p2_0.cr_cntrl_nbr where p2_0.cr_corp='01' and p1_0.act_activity in (?) group by p1_0.cr_refund_type,p1_0.act_activity,p1_0.cr_cntrl_date,p1_0.cr_cntrl_nbr,p2_0.cr_corp order by p1_0.act_activity,p1_0.cr_refund_type|select p1_0.cr_refund_type,p1_0.act_activity,p1_0.cr_cntrl_date,p1_0.cr_cntrl_nbr,count_big(distinct p1_0.act_activity),sum(p1_0.act_activity_amt),p2_0.cr_corp from p09_activity p1_0 join p09_cash_receipt p2_0 on p1_0.cr_refund_type=p2_0.cr_refund_type and p1_0.cr_cntrl_date=p2_0.cr_cntrl_date and p1_0.cr_cntrl_nbr=p2_0.cr_cntrl_nbr where p2_0.cr_corp='01' and p1_0.act_activity in ('EST') group by p1_0.cr_refund_type,p1_0.act_activity,p1_0.cr_cntrl_date,p1_0.cr_cntrl_nbr,p2_0.cr_corp order by p1_0.act_activity,p1_0.cr_refund_type
1776836507373|1|commit|connection 0|url jdbc:p6spy:sqlserver://CFSFPTEST:1433;databaseName=CFSFP;encrypt=true;trustServerCertificate=true;||
1776836507419|1|statement|connection 0|url jdbc:p6spy:sqlserver://CFSFPTEST:1433;databaseName=CFSFP;encrypt=true;trustServerCertificate=true;|select next value for BATCH_JOB_SEQ|select next value for BATCH_JOB_SEQ
1776836507478|5|commit|connection 0|url jdbc:p6spy:sqlserver://CFSFPTEST:1433;databaseName=CFSFP;encrypt=true;trustServerCertificate=true;||
1776836507775|6|commit|connection 0|url jdbc:p6spy:sqlserver://CFSFPTEST:1433;databaseName=CFSFP;encrypt=true;trustServerCertificate=true;||
1776836507809|0|commit|connection 0|url jdbc:p6spy:sqlserver://CFSFPTEST:1433;databaseName=CFSFP;encrypt=true;trustServerCertificate=true;||
1776836507825|0|commit|connection 0|url jdbc:p6spy:sqlserver://CFSFPTEST:1433;databaseName=CFSFP;encrypt=true;trustServerCertificate=true;||
1776836507841|6|commit|connection 0|url jdbc:p6spy:sqlserver://CFSFPTEST:1433;databaseName=CFSFP;encrypt=true;trustServerCertificate=true;||
1776836507904|4|commit|connection 0|url jdbc:p6spy:sqlserver://CFSFPTEST:1433;databaseName=CFSFP;encrypt=true;trustServerCertificate=true;||
1776836507965|4|commit|connection 0|url jdbc:p6spy:sqlserver://CFSFPTEST:1433;databaseName=CFSFP;encrypt=true;trustServerCertificate=true;||
1776836508637|2|statement|connection 0|url jdbc:p6spy:sqlserver://CFSFPTEST:1433;databaseName=CFSFP;encrypt=true;trustServerCertificate=true;|select 1 from p09_activity p1_0|select 1 from p09_activity p1_0
1776836512045|1288|statement|connection 0|url jdbc:p6spy:sqlserver://CFSFPTEST:1433;databaseName=CFSFP;encrypt=true;trustServerCertificate=true;|select p1_0.cr_refund_type,p1_0.act_activity,p1_0.cr_cntrl_date,p1_0.cr_cntrl_nbr,count_big(distinct p1_0.act_activity),sum(p1_0.act_activity_amt),p2_0.cr_corp from p09_activity p1_0 join p09_cash_receipt p2_0 on p1_0.cr_refund_type=p2_0.cr_refund_type and p1_0.cr_cntrl_date=p2_0.cr_cntrl_date and p1_0.cr_cntrl_nbr=p2_0.cr_cntrl_nbr where p2_0.cr_corp='01' and p1_0.act_activity in (?) group by p1_0.cr_refund_type,p1_0.act_activity,p1_0.cr_cntrl_date,p1_0.cr_cntrl_nbr,p2_0.cr_corp order by p1_0.act_activity,p1_0.cr_refund_type|select p1_0.cr_refund_type,p1_0.act_activity,p1_0.cr_cntrl_date,p1_0.cr_cntrl_nbr,count_big(distinct p1_0.act_activity),sum(p1_0.act_activity_amt),p2_0.cr_corp from p09_activity p1_0 join p09_cash_receipt p2_0 on p1_0.cr_refund_type=p2_0.cr_refund_type and p1_0.cr_cntrl_date=p2_0.cr_cntrl_date and p1_0.cr_cntrl_nbr=p2_0.cr_cntrl_nbr where p2_0.cr_corp='01' and p1_0.act_activity in ('EST') group by p1_0.cr_refund_type,p1_0.act_activity,p1_0.cr_cntrl_date,p1_0.cr_cntrl_nbr,p2_0.cr_corp order by p1_0.act_activity,p1_0.cr_refund_type
1776836516547|9|rollback|connection 0|url jdbc:p6spy:sqlserver://CFSFPTEST:1433;databaseName=CFSFP;encrypt=true;trustServerCertificate=true;||
1776836516629|5|commit|connection 0|url jdbc:p6spy:sqlserver://CFSFPTEST:1433;databaseName=CFSFP;encrypt=true;trustServerCertificate=true;||
1776836516655|7|commit|connection 0|url jdbc:p6spy:sqlserver://CFSFPTEST:1433;databaseName=CFSFP;encrypt=true;trustServerCertificate=true;||
1776836516702|5|commit|connection 0|url jdbc:p6spy:sqlserver://CFSFPTEST:1433;databaseName=CFSFP;encrypt=true;trustServerCertificate=true;||
1776836516762|11|commit|connection 0|url jdbc:p6spy:sqlserver://CFSFPTEST:1433;databaseName=CFSFP;encrypt=true;trustServerCertificate=true;||
1776836619522|2|commit|connection 0|url jdbc:p6spy:sqlserver://CFSFPTEST:1433;databaseName=CFSFP;encrypt=true;trustServerCertificate=true;||
1776836619567|1|statement|connection 0|url jdbc:p6spy:sqlserver://CFSFPTEST:1433;databaseName=CFSFP;encrypt=true;trustServerCertificate=true;|select next value for BATCH_JOB_SEQ|select next value for BATCH_JOB_SEQ
1776836619743|16|commit|connection 0|url jdbc:p6spy:sqlserver://CFSFPTEST:1433;databaseName=CFSFP;encrypt=true;trustServerCertificate=true;||
1776836620009|5|commit|connection 0|url jdbc:p6spy:sqlserver://CFSFPTEST:1433;databaseName=CFSFP;encrypt=true;trustServerCertificate=true;||
1776836620037|0|commit|connection 0|url jdbc:p6spy:sqlserver://CFSFPTEST:1433;databaseName=CFSFP;encrypt=true;trustServerCertificate=true;||
1776836620045|0|commit|connection 0|url jdbc:p6spy:sqlserver://CFSFPTEST:1433;databaseName=CFSFP;encrypt=true;trustServerCertificate=true;||
1776836620061|4|commit|connection 0|url jdbc:p6spy:sqlserver://CFSFPTEST:1433;databaseName=CFSFP;encrypt=true;trustServerCertificate=true;||
1776836620191|102|commit|connection 0|url jdbc:p6spy:sqlserver://CFSFPTEST:1433;databaseName=CFSFP;encrypt=true;trustServerCertificate=true;||
1776836620224|8|commit|connection 0|url jdbc:p6spy:sqlserver://CFSFPTEST:1433;databaseName=CFSFP;encrypt=true;trustServerCertificate=true;||
1776836620804|2|statement|connection 0|url jdbc:p6spy:sqlserver://CFSFPTEST:1433;databaseName=CFSFP;encrypt=true;trustServerCertificate=true;|select 1 from p09_activity p1_0|select 1 from p09_activity p1_0
1776836624304|1046|statement|connection 0|url jdbc:p6spy:sqlserver://CFSFPTEST:1433;databaseName=CFSFP;encrypt=true;trustServerCertificate=true;|select p1_0.cr_refund_type,p1_0.act_activity,p1_0.cr_cntrl_date,p1_0.cr_cntrl_nbr,count_big(distinct p1_0.act_activity),sum(p1_0.act_activity_amt),p2_0.cr_corp from p09_activity p1_0 join p09_cash_receipt p2_0 on p1_0.cr_refund_type=p2_0.cr_refund_type and p1_0.cr_cntrl_date=p2_0.cr_cntrl_date and p1_0.cr_cntrl_nbr=p2_0.cr_cntrl_nbr where p2_0.cr_corp='01' and p1_0.act_activity in (?) group by p1_0.cr_refund_type,p1_0.act_activity,p1_0.cr_cntrl_date,p1_0.cr_cntrl_nbr,p2_0.cr_corp order by p1_0.act_activity,p1_0.cr_refund_type|select p1_0.cr_refund_type,p1_0.act_activity,p1_0.cr_cntrl_date,p1_0.cr_cntrl_nbr,count_big(distinct p1_0.act_activity),sum(p1_0.act_activity_amt),p2_0.cr_corp from p09_activity p1_0 join p09_cash_receipt p2_0 on p1_0.cr_refund_type=p2_0.cr_refund_type and p1_0.cr_cntrl_date=p2_0.cr_cntrl_date and p1_0.cr_cntrl_nbr=p2_0.cr_cntrl_nbr where p2_0.cr_corp='01' and p1_0.act_activity in ('EST') group by p1_0.cr_refund_type,p1_0.act_activity,p1_0.cr_cntrl_date,p1_0.cr_cntrl_nbr,p2_0.cr_corp order by p1_0.act_activity,p1_0.cr_refund_type
1776836657735|23|rollback|connection 0|url jdbc:p6spy:sqlserver://CFSFPTEST:1433;databaseName=CFSFP;encrypt=true;trustServerCertificate=true;||
1776836657858|4|commit|connection 0|url jdbc:p6spy:sqlserver://CFSFPTEST:1433;databaseName=CFSFP;encrypt=true;trustServerCertificate=true;||
1776836657892|13|commit|connection 0|url jdbc:p6spy:sqlserver://CFSFPTEST:1433;databaseName=CFSFP;encrypt=true;trustServerCertificate=true;||
1776836657908|3|commit|connection 0|url jdbc:p6spy:sqlserver://CFSFPTEST:1433;databaseName=CFSFP;encrypt=true;trustServerCertificate=true;||
1776836657954|7|commit|connection 0|url jdbc:p6spy:sqlserver://CFSFPTEST:1433;databaseName=CFSFP;encrypt=true;trustServerCertificate=true;||
1776836972490|16|commit|connection 0|url jdbc:p6spy:sqlserver://CFSFPTEST:1433;databaseName=CFSFP;encrypt=true;trustServerCertificate=true;||
1776836972637|11|statement|connection 0|url jdbc:p6spy:sqlserver://CFSFPTEST:1433;databaseName=CFSFP;encrypt=true;trustServerCertificate=true;|select next value for BATCH_JOB_SEQ|select next value for BATCH_JOB_SEQ
1776836972742|4|commit|connection 0|url jdbc:p6spy:sqlserver://CFSFPTEST:1433;databaseName=CFSFP;encrypt=true;trustServerCertificate=true;||
1776836973050|4|commit|connection 0|url jdbc:p6spy:sqlserver://CFSFPTEST:1433;databaseName=CFSFP;encrypt=true;trustServerCertificate=true;||
1776836973084|0|commit|connection 0|url jdbc:p6spy:sqlserver://CFSFPTEST:1433;databaseName=CFSFP;encrypt=true;trustServerCertificate=true;||
1776836973095|0|commit|connection 0|url jdbc:p6spy:sqlserver://CFSFPTEST:1433;databaseName=CFSFP;encrypt=true;trustServerCertificate=true;||
1776836973114|6|commit|connection 0|url jdbc:p6spy:sqlserver://CFSFPTEST:1433;databaseName=CFSFP;encrypt=true;trustServerCertificate=true;||
1776836973157|5|commit|connection 0|url jdbc:p6spy:sqlserver://CFSFPTEST:1433;databaseName=CFSFP;encrypt=true;trustServerCertificate=true;||
1776836973189|5|commit|connection 0|url jdbc:p6spy:sqlserver://CFSFPTEST:1433;databaseName=CFSFP;encrypt=true;trustServerCertificate=true;||
1776836973894|2|statement|connection 0|url jdbc:p6spy:sqlserver://CFSFPTEST:1433;databaseName=CFSFP;encrypt=true;trustServerCertificate=true;|select 1 from p09_activity p1_0|select 1 from p09_activity p1_0
1776836977176|1051|statement|connection 0|url jdbc:p6spy:sqlserver://CFSFPTEST:1433;databaseName=CFSFP;encrypt=true;trustServerCertificate=true;|select p1_0.cr_refund_type,p1_0.act_activity,p1_0.cr_cntrl_date,p1_0.cr_cntrl_nbr,count_big(distinct p1_0.act_activity),sum(p1_0.act_activity_amt),p2_0.cr_corp from p09_activity p1_0 join p09_cash_receipt p2_0 on p1_0.cr_refund_type=p2_0.cr_refund_type and p1_0.cr_cntrl_date=p2_0.cr_cntrl_date and p1_0.cr_cntrl_nbr=p2_0.cr_cntrl_nbr where p2_0.cr_corp='01' and p1_0.act_activity in (?) group by p1_0.cr_refund_type,p1_0.act_activity,p1_0.cr_cntrl_date,p1_0.cr_cntrl_nbr,p2_0.cr_corp order by p1_0.act_activity,p1_0.cr_refund_type|select p1_0.cr_refund_type,p1_0.act_activity,p1_0.cr_cntrl_date,p1_0.cr_cntrl_nbr,count_big(distinct p1_0.act_activity),sum(p1_0.act_activity_amt),p2_0.cr_corp from p09_activity p1_0 join p09_cash_receipt p2_0 on p1_0.cr_refund_type=p2_0.cr_refund_type and p1_0.cr_cntrl_date=p2_0.cr_cntrl_date and p1_0.cr_cntrl_nbr=p2_0.cr_cntrl_nbr where p2_0.cr_corp='01' and p1_0.act_activity in ('EST') group by p1_0.cr_refund_type,p1_0.act_activity,p1_0.cr_cntrl_date,p1_0.cr_cntrl_nbr,p2_0.cr_corp order by p1_0.act_activity,p1_0.cr_refund_type
1776837437697|1|commit|connection 0|url jdbc:p6spy:sqlserver://CFSFPTEST:1433;databaseName=CFSFP;encrypt=true;trustServerCertificate=true;||
1776837437736|1|statement|connection 0|url jdbc:p6spy:sqlserver://CFSFPTEST:1433;databaseName=CFSFP;encrypt=true;trustServerCertificate=true;|select next value for BATCH_JOB_SEQ|select next value for BATCH_JOB_SEQ
1776837437818|5|commit|connection 0|url jdbc:p6spy:sqlserver://CFSFPTEST:1433;databaseName=CFSFP;encrypt=true;trustServerCertificate=true;||
1776837437980|12|commit|connection 0|url jdbc:p6spy:sqlserver://CFSFPTEST:1433;databaseName=CFSFP;encrypt=true;trustServerCertificate=true;||
1776837438016|0|commit|connection 0|url jdbc:p6spy:sqlserver://CFSFPTEST:1433;databaseName=CFSFP;encrypt=true;trustServerCertificate=true;||
1776837438025|1|commit|connection 0|url jdbc:p6spy:sqlserver://CFSFPTEST:1433;databaseName=CFSFP;encrypt=true;trustServerCertificate=true;||
1776837438040|7|commit|connection 0|url jdbc:p6spy:sqlserver://CFSFPTEST:1433;databaseName=CFSFP;encrypt=true;trustServerCertificate=true;||
1776837438070|4|commit|connection 0|url jdbc:p6spy:sqlserver://CFSFPTEST:1433;databaseName=CFSFP;encrypt=true;trustServerCertificate=true;||
1776837438106|4|commit|connection 0|url jdbc:p6spy:sqlserver://CFSFPTEST:1433;databaseName=CFSFP;encrypt=true;trustServerCertificate=true;||
1776837438949|2|statement|connection 0|url jdbc:p6spy:sqlserver://CFSFPTEST:1433;databaseName=CFSFP;encrypt=true;trustServerCertificate=true;|select 1 from p09_activity p1_0|select 1 from p09_activity p1_0
1776837442353|1081|statement|connection 0|url jdbc:p6spy:sqlserver://CFSFPTEST:1433;databaseName=CFSFP;encrypt=true;trustServerCertificate=true;|select p1_0.cr_refund_type,p1_0.act_activity,p1_0.cr_cntrl_date,p1_0.cr_cntrl_nbr,count_big(distinct p1_0.act_activity),sum(p1_0.act_activity_amt),p2_0.cr_corp from p09_activity p1_0 join p09_cash_receipt p2_0 on p1_0.cr_refund_type=p2_0.cr_refund_type and p1_0.cr_cntrl_date=p2_0.cr_cntrl_date and p1_0.cr_cntrl_nbr=p2_0.cr_cntrl_nbr where p2_0.cr_corp='01' and p1_0.act_activity in (?) group by p1_0.cr_refund_type,p1_0.act_activity,p1_0.cr_cntrl_date,p1_0.cr_cntrl_nbr,p2_0.cr_corp order by p1_0.act_activity,p1_0.cr_refund_type|select p1_0.cr_refund_type,p1_0.act_activity,p1_0.cr_cntrl_date,p1_0.cr_cntrl_nbr,count_big(distinct p1_0.act_activity),sum(p1_0.act_activity_amt),p2_0.cr_corp from p09_activity p1_0 join p09_cash_receipt p2_0 on p1_0.cr_refund_type=p2_0.cr_refund_type and p1_0.cr_cntrl_date=p2_0.cr_cntrl_date and p1_0.cr_cntrl_nbr=p2_0.cr_cntrl_nbr where p2_0.cr_corp='01' and p1_0.act_activity in ('EST') group by p1_0.cr_refund_type,p1_0.act_activity,p1_0.cr_cntrl_date,p1_0.cr_cntrl_nbr,p2_0.cr_corp order by p1_0.act_activity,p1_0.cr_refund_type
1776837446896|4|commit|connection 0|url jdbc:p6spy:sqlserver://CFSFPTEST:1433;databaseName=CFSFP;encrypt=true;trustServerCertificate=true;||
1776837446952|5|commit|connection 0|url jdbc:p6spy:sqlserver://CFSFPTEST:1433;databaseName=CFSFP;encrypt=true;trustServerCertificate=true;||
1776837446975|13|commit|connection 0|url jdbc:p6spy:sqlserver://CFSFPTEST:1433;databaseName=CFSFP;encrypt=true;trustServerCertificate=true;||
1776837446991|8|commit|connection 0|url jdbc:p6spy:sqlserver://CFSFPTEST:1433;databaseName=CFSFP;encrypt=true;trustServerCertificate=true;||
1776837447002|4|commit|connection 0|url jdbc:p6spy:sqlserver://CFSFPTEST:1433;databaseName=CFSFP;encrypt=true;trustServerCertificate=true;||
1776837620430|6|commit|connection 0|url jdbc:p6spy:sqlserver://CFSFPTEST:1433;databaseName=CFSFP;encrypt=true;trustServerCertificate=true;||
1776837620513|1|statement|connection 0|url jdbc:p6spy:sqlserver://CFSFPTEST:1433;databaseName=CFSFP;encrypt=true;trustServerCertificate=true;|select next value for BATCH_JOB_SEQ|select next value for BATCH_JOB_SEQ
1776837620621|5|commit|connection 0|url jdbc:p6spy:sqlserver://CFSFPTEST:1433;databaseName=CFSFP;encrypt=true;trustServerCertificate=true;||
1776837620891|5|commit|connection 0|url jdbc:p6spy:sqlserver://CFSFPTEST:1433;databaseName=CFSFP;encrypt=true;trustServerCertificate=true;||
1776837620939|3|commit|connection 0|url jdbc:p6spy:sqlserver://CFSFPTEST:1433;databaseName=CFSFP;encrypt=true;trustServerCertificate=true;||
1776837620948|0|commit|connection 0|url jdbc:p6spy:sqlserver://CFSFPTEST:1433;databaseName=CFSFP;encrypt=true;trustServerCertificate=true;||
1776837620985|5|commit|connection 0|url jdbc:p6spy:sqlserver://CFSFPTEST:1433;databaseName=CFSFP;encrypt=true;trustServerCertificate=true;||
1776837621017|5|commit|connection 0|url jdbc:p6spy:sqlserver://CFSFPTEST:1433;databaseName=CFSFP;encrypt=true;trustServerCertificate=true;||
1776837621043|5|commit|connection 0|url jdbc:p6spy:sqlserver://CFSFPTEST:1433;databaseName=CFSFP;encrypt=true;trustServerCertificate=true;||
1776837621843|3|statement|connection 0|url jdbc:p6spy:sqlserver://CFSFPTEST:1433;databaseName=CFSFP;encrypt=true;trustServerCertificate=true;|select 1 from p09_activity p1_0|select 1 from p09_activity p1_0
1776837626391|2388|statement|connection 0|url jdbc:p6spy:sqlserver://CFSFPTEST:1433;databaseName=CFSFP;encrypt=true;trustServerCertificate=true;|select p1_0.cr_refund_type,p1_0.act_activity,p1_0.cr_cntrl_date,p1_0.cr_cntrl_nbr,count_big(distinct p1_0.act_activity),sum(p1_0.act_activity_amt),p2_0.cr_corp from p09_activity p1_0 join p09_cash_receipt p2_0 on p1_0.cr_refund_type=p2_0.cr_refund_type and p1_0.cr_cntrl_date=p2_0.cr_cntrl_date and p1_0.cr_cntrl_nbr=p2_0.cr_cntrl_nbr where p2_0.cr_corp='01' and p1_0.act_activity in (?,?,?,?,?,?,?) group by p1_0.cr_refund_type,p1_0.act_activity,p1_0.cr_cntrl_date,p1_0.cr_cntrl_nbr,p2_0.cr_corp order by p1_0.act_activity,p1_0.cr_refund_type|select p1_0.cr_refund_type,p1_0.act_activity,p1_0.cr_cntrl_date,p1_0.cr_cntrl_nbr,count_big(distinct p1_0.act_activity),sum(p1_0.act_activity_amt),p2_0.cr_corp from p09_activity p1_0 join p09_cash_receipt p2_0 on p1_0.cr_refund_type=p2_0.cr_refund_type and p1_0.cr_cntrl_date=p2_0.cr_cntrl_date and p1_0.cr_cntrl_nbr=p2_0.cr_cntrl_nbr where p2_0.cr_corp='01' and p1_0.act_activity in ('ACC','APP','REM','DEL','LOG','FRR','PRR') group by p1_0.cr_refund_type,p1_0.act_activity,p1_0.cr_cntrl_date,p1_0.cr_cntrl_nbr,p2_0.cr_corp order by p1_0.act_activity,p1_0.cr_refund_type
1776837633039|744|statement|connection 0|url jdbc:p6spy:sqlserver://CFSFPTEST:1433;databaseName=CFSFP;encrypt=true;trustServerCertificate=true;|select p1_0.cr_refund_type,p1_0.act_activity,p1_0.cr_cntrl_date,p1_0.cr_cntrl_nbr,count_big(distinct p1_0.act_activity),sum(p1_0.act_activity_amt),p2_0.cr_corp from p09_activity p1_0 join p09_cash_receipt p2_0 on p1_0.cr_refund_type=p2_0.cr_refund_type and p1_0.cr_cntrl_date=p2_0.cr_cntrl_date and p1_0.cr_cntrl_nbr=p2_0.cr_cntrl_nbr where p2_0.cr_corp='01' and p1_0.act_activity in (?,?) group by p1_0.cr_refund_type,p1_0.act_activity,p1_0.cr_cntrl_date,p1_0.cr_cntrl_nbr,p2_0.cr_corp order by p1_0.act_activity,p1_0.cr_refund_type|select p1_0.cr_refund_type,p1_0.act_activity,p1_0.cr_cntrl_date,p1_0.cr_cntrl_nbr,count_big(distinct p1_0.act_activity),sum(p1_0.act_activity_amt),p2_0.cr_corp from p09_activity p1_0 join p09_cash_receipt p2_0 on p1_0.cr_refund_type=p2_0.cr_refund_type and p1_0.cr_cntrl_date=p2_0.cr_cntrl_date and p1_0.cr_cntrl_nbr=p2_0.cr_cntrl_nbr where p2_0.cr_corp='01' and p1_0.act_activity in ('FR','PR') group by p1_0.cr_refund_type,p1_0.act_activity,p1_0.cr_cntrl_date,p1_0.cr_cntrl_nbr,p2_0.cr_corp order by p1_0.act_activity,p1_0.cr_refund_type
1776837636667|2925|statement|connection 0|url jdbc:p6spy:sqlserver://CFSFPTEST:1433;databaseName=CFSFP;encrypt=true;trustServerCertificate=true;|select p1_0.cr_refund_type,p1_0.act_activity,p1_0.cr_cntrl_date,p1_0.cr_cntrl_nbr,count_big(distinct p1_0.act_activity),sum(p1_0.act_activity_amt),p2_0.cr_corp from p09_activity p1_0 join p09_cash_receipt p2_0 on p1_0.cr_refund_type=p2_0.cr_refund_type and p1_0.cr_cntrl_date=p2_0.cr_cntrl_date and p1_0.cr_cntrl_nbr=p2_0.cr_cntrl_nbr where p2_0.cr_corp='01' and p1_0.act_activity in (?,?,?,?,?,?,?,?,?) group by p1_0.cr_refund_type,p1_0.act_activity,p1_0.cr_cntrl_date,p1_0.cr_cntrl_nbr,p2_0.cr_corp order by p1_0.act_activity,p1_0.cr_refund_type|select p1_0.cr_refund_type,p1_0.act_activity,p1_0.cr_cntrl_date,p1_0.cr_cntrl_nbr,count_big(distinct p1_0.act_activity),sum(p1_0.act_activity_amt),p2_0.cr_corp from p09_activity p1_0 join p09_cash_receipt p2_0 on p1_0.cr_refund_type=p2_0.cr_refund_type and p1_0.cr_cntrl_date=p2_0.cr_cntrl_date and p1_0.cr_cntrl_nbr=p2_0.cr_cntrl_nbr where p2_0.cr_corp='01' and p1_0.act_activity in ('RAA','RAD','RAR','RCK','OTH','RRE','PEN','CAN','MOD') group by p1_0.cr_refund_type,p1_0.act_activity,p1_0.cr_cntrl_date,p1_0.cr_cntrl_nbr,p2_0.cr_corp order by p1_0.act_activity,p1_0.cr_refund_type
1776837641700|4|commit|connection 0|url jdbc:p6spy:sqlserver://CFSFPTEST:1433;databaseName=CFSFP;encrypt=true;trustServerCertificate=true;||
1776837641713|3|commit|connection 0|url jdbc:p6spy:sqlserver://CFSFPTEST:1433;databaseName=CFSFP;encrypt=true;trustServerCertificate=true;||
1776837641729|5|commit|connection 0|url jdbc:p6spy:sqlserver://CFSFPTEST:1433;databaseName=CFSFP;encrypt=true;trustServerCertificate=true;||
1776837641748|4|commit|connection 0|url jdbc:p6spy:sqlserver://CFSFPTEST:1433;databaseName=CFSFP;encrypt=true;trustServerCertificate=true;||
1776837641771|13|commit|connection 0|url jdbc:p6spy:sqlserver://CFSFPTEST:1433;databaseName=CFSFP;encrypt=true;trustServerCertificate=true;||
1776838260782|1|commit|connection 0|url jdbc:p6spy:sqlserver://CFSFPTEST:1433;databaseName=CFSFP;encrypt=true;trustServerCertificate=true;||
1776838260816|3|statement|connection 0|url jdbc:p6spy:sqlserver://CFSFPTEST:1433;databaseName=CFSFP;encrypt=true;trustServerCertificate=true;|select next value for BATCH_JOB_SEQ|select next value for BATCH_JOB_SEQ
1776838260869|4|commit|connection 0|url jdbc:p6spy:sqlserver://CFSFPTEST:1433;databaseName=CFSFP;encrypt=true;trustServerCertificate=true;||
1776838261007|9|commit|connection 0|url jdbc:p6spy:sqlserver://CFSFPTEST:1433;databaseName=CFSFP;encrypt=true;trustServerCertificate=true;||
1776838261074|15|commit|connection 0|url jdbc:p6spy:sqlserver://CFSFPTEST:1433;databaseName=CFSFP;encrypt=true;trustServerCertificate=true;||
1776838261126|0|commit|connection 0|url jdbc:p6spy:sqlserver://CFSFPTEST:1433;databaseName=CFSFP;encrypt=true;trustServerCertificate=true;||
1776838261153|4|commit|connection 0|url jdbc:p6spy:sqlserver://CFSFPTEST:1433;databaseName=CFSFP;encrypt=true;trustServerCertificate=true;||
1776838261182|9|commit|connection 0|url jdbc:p6spy:sqlserver://CFSFPTEST:1433;databaseName=CFSFP;encrypt=true;trustServerCertificate=true;||
1776838261204|7|commit|connection 0|url jdbc:p6spy:sqlserver://CFSFPTEST:1433;databaseName=CFSFP;encrypt=true;trustServerCertificate=true;||
1776838261812|2|statement|connection 0|url jdbc:p6spy:sqlserver://CFSFPTEST:1433;databaseName=CFSFP;encrypt=true;trustServerCertificate=true;|select 1 from p09_activity p1_0|select 1 from p09_activity p1_0
1776838265070|1030|statement|connection 0|url jdbc:p6spy:sqlserver://CFSFPTEST:1433;databaseName=CFSFP;encrypt=true;trustServerCertificate=true;|select p1_0.cr_refund_type,p1_0.act_activity,p1_0.cr_cntrl_date,p1_0.cr_cntrl_nbr,count_big(distinct p1_0.act_activity),sum(p1_0.act_activity_amt),p2_0.cr_corp from p09_activity p1_0 join p09_cash_receipt p2_0 on p1_0.cr_refund_type=p2_0.cr_refund_type and p1_0.cr_cntrl_date=p2_0.cr_cntrl_date and p1_0.cr_cntrl_nbr=p2_0.cr_cntrl_nbr where p2_0.cr_corp='01' and p1_0.act_activity in (?) group by p1_0.cr_refund_type,p1_0.act_activity,p1_0.cr_cntrl_date,p1_0.cr_cntrl_nbr,p2_0.cr_corp order by p1_0.act_activity,p1_0.cr_refund_type|select p1_0.cr_refund_type,p1_0.act_activity,p1_0.cr_cntrl_date,p1_0.cr_cntrl_nbr,count_big(distinct p1_0.act_activity),sum(p1_0.act_activity_amt),p2_0.cr_corp from p09_activity p1_0 join p09_cash_receipt p2_0 on p1_0.cr_refund_type=p2_0.cr_refund_type and p1_0.cr_cntrl_date=p2_0.cr_cntrl_date and p1_0.cr_cntrl_nbr=p2_0.cr_cntrl_nbr where p2_0.cr_corp='01' and p1_0.act_activity in ('EST') group by p1_0.cr_refund_type,p1_0.act_activity,p1_0.cr_cntrl_date,p1_0.cr_cntrl_nbr,p2_0.cr_corp order by p1_0.act_activity,p1_0.cr_refund_type
1776838268001|1|rollback|connection 0|url jdbc:p6spy:sqlserver://CFSFPTEST:1433;databaseName=CFSFP;encrypt=true;trustServerCertificate=true;||
1776838268168|4|commit|connection 0|url jdbc:p6spy:sqlserver://CFSFPTEST:1433;databaseName=CFSFP;encrypt=true;trustServerCertificate=true;||
1776838268198|16|commit|connection 0|url jdbc:p6spy:sqlserver://CFSFPTEST:1433;databaseName=CFSFP;encrypt=true;trustServerCertificate=true;||
1776838268238|29|commit|connection 0|url jdbc:p6spy:sqlserver://CFSFPTEST:1433;databaseName=CFSFP;encrypt=true;trustServerCertificate=true;||
1776838268279|25|commit|connection 0|url jdbc:p6spy:sqlserver://CFSFPTEST:1433;databaseName=CFSFP;encrypt=true;trustServerCertificate=true;||
1776838505199|5|commit|connection 0|url jdbc:p6spy:sqlserver://CFSFPTEST:1433;databaseName=CFSFP;encrypt=true;trustServerCertificate=true;||
1776838505225|0|statement|connection 0|url jdbc:p6spy:sqlserver://CFSFPTEST:1433;databaseName=CFSFP;encrypt=true;trustServerCertificate=true;|select next value for BATCH_JOB_SEQ|select next value for BATCH_JOB_SEQ
1776838505334|5|commit|connection 0|url jdbc:p6spy:sqlserver://CFSFPTEST:1433;databaseName=CFSFP;encrypt=true;trustServerCertificate=true;||
1776838505622|5|commit|connection 0|url jdbc:p6spy:sqlserver://CFSFPTEST:1433;databaseName=CFSFP;encrypt=true;trustServerCertificate=true;||
1776838505665|13|commit|connection 0|url jdbc:p6spy:sqlserver://CFSFPTEST:1433;databaseName=CFSFP;encrypt=true;trustServerCertificate=true;||
1776838505675|0|commit|connection 0|url jdbc:p6spy:sqlserver://CFSFPTEST:1433;databaseName=CFSFP;encrypt=true;trustServerCertificate=true;||
1776838505700|5|commit|connection 0|url jdbc:p6spy:sqlserver://CFSFPTEST:1433;databaseName=CFSFP;encrypt=true;trustServerCertificate=true;||
1776838505738|4|commit|connection 0|url jdbc:p6spy:sqlserver://CFSFPTEST:1433;databaseName=CFSFP;encrypt=true;trustServerCertificate=true;||
1776838505790|4|commit|connection 0|url jdbc:p6spy:sqlserver://CFSFPTEST:1433;databaseName=CFSFP;encrypt=true;trustServerCertificate=true;||
1776838506403|3|statement|connection 0|url jdbc:p6spy:sqlserver://CFSFPTEST:1433;databaseName=CFSFP;encrypt=true;trustServerCertificate=true;|select 1 from p09_activity p1_0|select 1 from p09_activity p1_0
1776838509800|1159|statement|connection 0|url jdbc:p6spy:sqlserver://CFSFPTEST:1433;databaseName=CFSFP;encrypt=true;trustServerCertificate=true;|select p1_0.cr_refund_type,p1_0.act_activity,p1_0.cr_cntrl_date,p1_0.cr_cntrl_nbr,count_big(distinct p1_0.act_activity),sum(p1_0.act_activity_amt),p2_0.cr_corp from p09_activity p1_0 join p09_cash_receipt p2_0 on p1_0.cr_refund_type=p2_0.cr_refund_type and p1_0.cr_cntrl_date=p2_0.cr_cntrl_date and p1_0.cr_cntrl_nbr=p2_0.cr_cntrl_nbr where p2_0.cr_corp='01' and p1_0.act_activity in (?) group by p1_0.cr_refund_type,p1_0.act_activity,p1_0.cr_cntrl_date,p1_0.cr_cntrl_nbr,p2_0.cr_corp order by p1_0.act_activity,p1_0.cr_refund_type|select p1_0.cr_refund_type,p1_0.act_activity,p1_0.cr_cntrl_date,p1_0.cr_cntrl_nbr,count_big(distinct p1_0.act_activity),sum(p1_0.act_activity_amt),p2_0.cr_corp from p09_activity p1_0 join p09_cash_receipt p2_0 on p1_0.cr_refund_type=p2_0.cr_refund_type and p1_0.cr_cntrl_date=p2_0.cr_cntrl_date and p1_0.cr_cntrl_nbr=p2_0.cr_cntrl_nbr where p2_0.cr_corp='01' and p1_0.act_activity in ('EST') group by p1_0.cr_refund_type,p1_0.act_activity,p1_0.cr_cntrl_date,p1_0.cr_cntrl_nbr,p2_0.cr_corp order by p1_0.act_activity,p1_0.cr_refund_type
1776838512956|4|rollback|connection 0|url jdbc:p6spy:sqlserver://CFSFPTEST:1433;databaseName=CFSFP;encrypt=true;trustServerCertificate=true;||
1776838513019|5|commit|connection 0|url jdbc:p6spy:sqlserver://CFSFPTEST:1433;databaseName=CFSFP;encrypt=true;trustServerCertificate=true;||
1776838513040|5|commit|connection 0|url jdbc:p6spy:sqlserver://CFSFPTEST:1433;databaseName=CFSFP;encrypt=true;trustServerCertificate=true;||
1776838513062|6|commit|connection 0|url jdbc:p6spy:sqlserver://CFSFPTEST:1433;databaseName=CFSFP;encrypt=true;trustServerCertificate=true;||
1776838513079|5|commit|connection 0|url jdbc:p6spy:sqlserver://CFSFPTEST:1433;databaseName=CFSFP;encrypt=true;trustServerCertificate=true;||
1776841187478|10|commit|connection 0|url jdbc:p6spy:sqlserver://CFSFPTEST:1433;databaseName=CFSFP;encrypt=true;trustServerCertificate=true;||
1776841187507|3|statement|connection 0|url jdbc:p6spy:sqlserver://CFSFPTEST:1433;databaseName=CFSFP;encrypt=true;trustServerCertificate=true;|select next value for BATCH_JOB_SEQ|select next value for BATCH_JOB_SEQ
1776841187567|5|commit|connection 0|url jdbc:p6spy:sqlserver://CFSFPTEST:1433;databaseName=CFSFP;encrypt=true;trustServerCertificate=true;||
1776841187767|4|commit|connection 0|url jdbc:p6spy:sqlserver://CFSFPTEST:1433;databaseName=CFSFP;encrypt=true;trustServerCertificate=true;||
1776841187797|4|commit|connection 0|url jdbc:p6spy:sqlserver://CFSFPTEST:1433;databaseName=CFSFP;encrypt=true;trustServerCertificate=true;||
1776841187808|0|commit|connection 0|url jdbc:p6spy:sqlserver://CFSFPTEST:1433;databaseName=CFSFP;encrypt=true;trustServerCertificate=true;||
1776841187867|3|commit|connection 0|url jdbc:p6spy:sqlserver://CFSFPTEST:1433;databaseName=CFSFP;encrypt=true;trustServerCertificate=true;||
1776841187907|4|commit|connection 0|url jdbc:p6spy:sqlserver://CFSFPTEST:1433;databaseName=CFSFP;encrypt=true;trustServerCertificate=true;||
1776841187931|4|commit|connection 0|url jdbc:p6spy:sqlserver://CFSFPTEST:1433;databaseName=CFSFP;encrypt=true;trustServerCertificate=true;||
1776841188257|2|statement|connection 0|url jdbc:p6spy:sqlserver://CFSFPTEST:1433;databaseName=CFSFP;encrypt=true;trustServerCertificate=true;|select 1 from p09_activity p1_0|select 1 from p09_activity p1_0
1776841191715|1457|statement|connection 0|url jdbc:p6spy:sqlserver://CFSFPTEST:1433;databaseName=CFSFP;encrypt=true;trustServerCertificate=true;|select p1_0.cr_refund_type,p1_0.act_activity,p1_0.cr_cntrl_date,p1_0.cr_cntrl_nbr,count_big(distinct p1_0.act_activity),sum(p1_0.act_activity_amt),p2_0.cr_corp from p09_activity p1_0 join p09_cash_receipt p2_0 on p1_0.cr_refund_type=p2_0.cr_refund_type and p1_0.cr_cntrl_date=p2_0.cr_cntrl_date and p1_0.cr_cntrl_nbr=p2_0.cr_cntrl_nbr where p2_0.cr_corp='01' and p1_0.act_activity in (?) group by p1_0.cr_refund_type,p1_0.act_activity,p1_0.cr_cntrl_date,p1_0.cr_cntrl_nbr,p2_0.cr_corp order by p1_0.act_activity,p1_0.cr_refund_type|select p1_0.cr_refund_type,p1_0.act_activity,p1_0.cr_cntrl_date,p1_0.cr_cntrl_nbr,count_big(distinct p1_0.act_activity),sum(p1_0.act_activity_amt),p2_0.cr_corp from p09_activity p1_0 join p09_cash_receipt p2_0 on p1_0.cr_refund_type=p2_0.cr_refund_type and p1_0.cr_cntrl_date=p2_0.cr_cntrl_date and p1_0.cr_cntrl_nbr=p2_0.cr_cntrl_nbr where p2_0.cr_corp='01' and p1_0.act_activity in ('EST') group by p1_0.cr_refund_type,p1_0.act_activity,p1_0.cr_cntrl_date,p1_0.cr_cntrl_nbr,p2_0.cr_corp order by p1_0.act_activity,p1_0.cr_refund_type
1776841197625|3|commit|connection 0|url jdbc:p6spy:sqlserver://CFSFPTEST:1433;databaseName=CFSFP;encrypt=true;trustServerCertificate=true;||
1776841197636|3|commit|connection 0|url jdbc:p6spy:sqlserver://CFSFPTEST:1433;databaseName=CFSFP;encrypt=true;trustServerCertificate=true;||
1776841197653|3|commit|connection 0|url jdbc:p6spy:sqlserver://CFSFPTEST:1433;databaseName=CFSFP;encrypt=true;trustServerCertificate=true;||
1776841197664|4|commit|connection 0|url jdbc:p6spy:sqlserver://CFSFPTEST:1433;databaseName=CFSFP;encrypt=true;trustServerCertificate=true;||
1776841197676|3|commit|connection 0|url jdbc:p6spy:sqlserver://CFSFPTEST:1433;databaseName=CFSFP;encrypt=true;trustServerCertificate=true;||
1776842522313|1|commit|connection 0|url jdbc:p6spy:sqlserver://CFSFPTEST:1433;databaseName=CFSFP;encrypt=true;trustServerCertificate=true;||
1776842522331|3|statement|connection 0|url jdbc:p6spy:sqlserver://CFSFPTEST:1433;databaseName=CFSFP;encrypt=true;trustServerCertificate=true;|select next value for BATCH_JOB_SEQ|select next value for BATCH_JOB_SEQ
1776842522436|3|commit|connection 0|url jdbc:p6spy:sqlserver://CFSFPTEST:1433;databaseName=CFSFP;encrypt=true;trustServerCertificate=true;||
1776842522616|3|commit|connection 0|url jdbc:p6spy:sqlserver://CFSFPTEST:1433;databaseName=CFSFP;encrypt=true;trustServerCertificate=true;||
1776842522657|2|commit|connection 0|url jdbc:p6spy:sqlserver://CFSFPTEST:1433;databaseName=CFSFP;encrypt=true;trustServerCertificate=true;||
1776842522665|0|commit|connection 0|url jdbc:p6spy:sqlserver://CFSFPTEST:1433;databaseName=CFSFP;encrypt=true;trustServerCertificate=true;||
1776842522689|4|commit|connection 0|url jdbc:p6spy:sqlserver://CFSFPTEST:1433;databaseName=CFSFP;encrypt=true;trustServerCertificate=true;||
1776842522715|8|commit|connection 0|url jdbc:p6spy:sqlserver://CFSFPTEST:1433;databaseName=CFSFP;encrypt=true;trustServerCertificate=true;||
1776842522757|4|commit|connection 0|url jdbc:p6spy:sqlserver://CFSFPTEST:1433;databaseName=CFSFP;encrypt=true;trustServerCertificate=true;||
1776842523439|61|statement|connection 0|url jdbc:p6spy:sqlserver://CFSFPTEST:1433;databaseName=CFSFP;encrypt=true;trustServerCertificate=true;|select 1 from p09_activity p1_0|select 1 from p09_activity p1_0
1776842526633|1103|statement|connection 0|url jdbc:p6spy:sqlserver://CFSFPTEST:1433;databaseName=CFSFP;encrypt=true;trustServerCertificate=true;|select p1_0.cr_refund_type,p1_0.act_activity,p1_0.cr_cntrl_date,p1_0.cr_cntrl_nbr,count_big(distinct p1_0.act_activity),sum(p1_0.act_activity_amt),p2_0.cr_corp from p09_activity p1_0 join p09_cash_receipt p2_0 on p1_0.cr_refund_type=p2_0.cr_refund_type and p1_0.cr_cntrl_date=p2_0.cr_cntrl_date and p1_0.cr_cntrl_nbr=p2_0.cr_cntrl_nbr where p2_0.cr_corp='01' and p1_0.act_activity in (?) group by p1_0.cr_refund_type,p1_0.act_activity,p1_0.cr_cntrl_date,p1_0.cr_cntrl_nbr,p2_0.cr_corp order by p1_0.act_activity,p1_0.cr_refund_type|select p1_0.cr_refund_type,p1_0.act_activity,p1_0.cr_cntrl_date,p1_0.cr_cntrl_nbr,count_big(distinct p1_0.act_activity),sum(p1_0.act_activity_amt),p2_0.cr_corp from p09_activity p1_0 join p09_cash_receipt p2_0 on p1_0.cr_refund_type=p2_0.cr_refund_type and p1_0.cr_cntrl_date=p2_0.cr_cntrl_date and p1_0.cr_cntrl_nbr=p2_0.cr_cntrl_nbr where p2_0.cr_corp='01' and p1_0.act_activity in ('EST') group by p1_0.cr_refund_type,p1_0.act_activity,p1_0.cr_cntrl_date,p1_0.cr_cntrl_nbr,p2_0.cr_corp order by p1_0.act_activity,p1_0.cr_refund_type
1776842531819|5|commit|connection 0|url jdbc:p6spy:sqlserver://CFSFPTEST:1433;databaseName=CFSFP;encrypt=true;trustServerCertificate=true;||
1776842531841|6|commit|connection 0|url jdbc:p6spy:sqlserver://CFSFPTEST:1433;databaseName=CFSFP;encrypt=true;trustServerCertificate=true;||
1776842531863|4|commit|connection 0|url jdbc:p6spy:sqlserver://CFSFPTEST:1433;databaseName=CFSFP;encrypt=true;trustServerCertificate=true;||
1776842531892|4|commit|connection 0|url jdbc:p6spy:sqlserver://CFSFPTEST:1433;databaseName=CFSFP;encrypt=true;trustServerCertificate=true;||
1776842531953|6|commit|connection 0|url jdbc:p6spy:sqlserver://CFSFPTEST:1433;databaseName=CFSFP;encrypt=true;trustServerCertificate=true;||
1776842966679|1|commit|connection 0|url jdbc:p6spy:sqlserver://CFSFPTEST:1433;databaseName=CFSFP;encrypt=true;trustServerCertificate=true;||
1776842966695|0|statement|connection 0|url jdbc:p6spy:sqlserver://CFSFPTEST:1433;databaseName=CFSFP;encrypt=true;trustServerCertificate=true;|select next value for BATCH_JOB_SEQ|select next value for BATCH_JOB_SEQ
1776842966740|3|commit|connection 0|url jdbc:p6spy:sqlserver://CFSFPTEST:1433;databaseName=CFSFP;encrypt=true;trustServerCertificate=true;||
1776842966902|4|commit|connection 0|url jdbc:p6spy:sqlserver://CFSFPTEST:1433;databaseName=CFSFP;encrypt=true;trustServerCertificate=true;||
1776842966932|1|commit|connection 0|url jdbc:p6spy:sqlserver://CFSFPTEST:1433;databaseName=CFSFP;encrypt=true;trustServerCertificate=true;||
1776842966941|0|commit|connection 0|url jdbc:p6spy:sqlserver://CFSFPTEST:1433;databaseName=CFSFP;encrypt=true;trustServerCertificate=true;||
1776842966956|4|commit|connection 0|url jdbc:p6spy:sqlserver://CFSFPTEST:1433;databaseName=CFSFP;encrypt=true;trustServerCertificate=true;||
1776842966992|3|commit|connection 0|url jdbc:p6spy:sqlserver://CFSFPTEST:1433;databaseName=CFSFP;encrypt=true;trustServerCertificate=true;||
1776842967010|3|commit|connection 0|url jdbc:p6spy:sqlserver://CFSFPTEST:1433;databaseName=CFSFP;encrypt=true;trustServerCertificate=true;||
1776842967480|2|statement|connection 0|url jdbc:p6spy:sqlserver://CFSFPTEST:1433;databaseName=CFSFP;encrypt=true;trustServerCertificate=true;|select 1 from p09_activity p1_0|select 1 from p09_activity p1_0
1776842970667|1049|statement|connection 0|url jdbc:p6spy:sqlserver://CFSFPTEST:1433;databaseName=CFSFP;encrypt=true;trustServerCertificate=true;|select p1_0.cr_refund_type,p1_0.act_activity,p1_0.cr_cntrl_date,p1_0.cr_cntrl_nbr,count_big(distinct p1_0.act_activity),sum(p1_0.act_activity_amt),p2_0.cr_corp from p09_activity p1_0 join p09_cash_receipt p2_0 on p1_0.cr_refund_type=p2_0.cr_refund_type and p1_0.cr_cntrl_date=p2_0.cr_cntrl_date and p1_0.cr_cntrl_nbr=p2_0.cr_cntrl_nbr where p2_0.cr_corp='01' and p1_0.act_activity in (?) group by p1_0.cr_refund_type,p1_0.act_activity,p1_0.cr_cntrl_date,p1_0.cr_cntrl_nbr,p2_0.cr_corp order by p1_0.act_activity,p1_0.cr_refund_type|select p1_0.cr_refund_type,p1_0.act_activity,p1_0.cr_cntrl_date,p1_0.cr_cntrl_nbr,count_big(distinct p1_0.act_activity),sum(p1_0.act_activity_amt),p2_0.cr_corp from p09_activity p1_0 join p09_cash_receipt p2_0 on p1_0.cr_refund_type=p2_0.cr_refund_type and p1_0.cr_cntrl_date=p2_0.cr_cntrl_date and p1_0.cr_cntrl_nbr=p2_0.cr_cntrl_nbr where p2_0.cr_corp='01' and p1_0.act_activity in ('EST') group by p1_0.cr_refund_type,p1_0.act_activity,p1_0.cr_cntrl_date,p1_0.cr_cntrl_nbr,p2_0.cr_corp order by p1_0.act_activity,p1_0.cr_refund_type
1776842975846|4|commit|connection 0|url jdbc:p6spy:sqlserver://CFSFPTEST:1433;databaseName=CFSFP;encrypt=true;trustServerCertificate=true;||
1776842975856|3|commit|connection 0|url jdbc:p6spy:sqlserver://CFSFPTEST:1433;databaseName=CFSFP;encrypt=true;trustServerCertificate=true;||
1776842975869|3|commit|connection 0|url jdbc:p6spy:sqlserver://CFSFPTEST:1433;databaseName=CFSFP;encrypt=true;trustServerCertificate=true;||
1776842975901|18|commit|connection 0|url jdbc:p6spy:sqlserver://CFSFPTEST:1433;databaseName=CFSFP;encrypt=true;trustServerCertificate=true;||
1776842975928|4|commit|connection 0|url jdbc:p6spy:sqlserver://CFSFPTEST:1433;databaseName=CFSFP;encrypt=true;trustServerCertificate=true;||
1776843254957|1|commit|connection 0|url jdbc:p6spy:sqlserver://CFSFPTEST:1433;databaseName=CFSFP;encrypt=true;trustServerCertificate=true;||
1776843254987|5|statement|connection 0|url jdbc:p6spy:sqlserver://CFSFPTEST:1433;databaseName=CFSFP;encrypt=true;trustServerCertificate=true;|select next value for BATCH_JOB_SEQ|select next value for BATCH_JOB_SEQ
1776843255087|5|commit|connection 0|url jdbc:p6spy:sqlserver://CFSFPTEST:1433;databaseName=CFSFP;encrypt=true;trustServerCertificate=true;||
1776843255284|7|commit|connection 0|url jdbc:p6spy:sqlserver://CFSFPTEST:1433;databaseName=CFSFP;encrypt=true;trustServerCertificate=true;||
1776843255313|5|commit|connection 0|url jdbc:p6spy:sqlserver://CFSFPTEST:1433;databaseName=CFSFP;encrypt=true;trustServerCertificate=true;||
1776843255330|0|commit|connection 0|url jdbc:p6spy:sqlserver://CFSFPTEST:1433;databaseName=CFSFP;encrypt=true;trustServerCertificate=true;||
1776843255353|4|commit|connection 0|url jdbc:p6spy:sqlserver://CFSFPTEST:1433;databaseName=CFSFP;encrypt=true;trustServerCertificate=true;||
1776843255387|5|commit|connection 0|url jdbc:p6spy:sqlserver://CFSFPTEST:1433;databaseName=CFSFP;encrypt=true;trustServerCertificate=true;||
1776843255411|6|commit|connection 0|url jdbc:p6spy:sqlserver://CFSFPTEST:1433;databaseName=CFSFP;encrypt=true;trustServerCertificate=true;||
1776843256078|2|statement|connection 0|url jdbc:p6spy:sqlserver://CFSFPTEST:1433;databaseName=CFSFP;encrypt=true;trustServerCertificate=true;|select 1 from p09_activity p1_0|select 1 from p09_activity p1_0
1776843259257|1042|statement|connection 0|url jdbc:p6spy:sqlserver://CFSFPTEST:1433;databaseName=CFSFP;encrypt=true;trustServerCertificate=true;|select p1_0.cr_refund_type,p1_0.act_activity,p1_0.cr_cntrl_date,p1_0.cr_cntrl_nbr,count_big(distinct p1_0.act_activity),sum(p1_0.act_activity_amt),p2_0.cr_corp from p09_activity p1_0 join p09_cash_receipt p2_0 on p1_0.cr_refund_type=p2_0.cr_refund_type and p1_0.cr_cntrl_date=p2_0.cr_cntrl_date and p1_0.cr_cntrl_nbr=p2_0.cr_cntrl_nbr where p2_0.cr_corp='01' and p1_0.act_activity in (?) group by p1_0.cr_refund_type,p1_0.act_activity,p1_0.cr_cntrl_date,p1_0.cr_cntrl_nbr,p2_0.cr_corp order by p1_0.act_activity,p1_0.cr_refund_type|select p1_0.cr_refund_type,p1_0.act_activity,p1_0.cr_cntrl_date,p1_0.cr_cntrl_nbr,count_big(distinct p1_0.act_activity),sum(p1_0.act_activity_amt),p2_0.cr_corp from p09_activity p1_0 join p09_cash_receipt p2_0 on p1_0.cr_refund_type=p2_0.cr_refund_type and p1_0.cr_cntrl_date=p2_0.cr_cntrl_date and p1_0.cr_cntrl_nbr=p2_0.cr_cntrl_nbr where p2_0.cr_corp='01' and p1_0.act_activity in ('EST') group by p1_0.cr_refund_type,p1_0.act_activity,p1_0.cr_cntrl_date,p1_0.cr_cntrl_nbr,p2_0.cr_corp order by p1_0.act_activity,p1_0.cr_refund_type
1776843263872|5|commit|connection 0|url jdbc:p6spy:sqlserver://CFSFPTEST:1433;databaseName=CFSFP;encrypt=true;trustServerCertificate=true;||
1776843263888|5|commit|connection 0|url jdbc:p6spy:sqlserver://CFSFPTEST:1433;databaseName=CFSFP;encrypt=true;trustServerCertificate=true;||
1776843263919|7|commit|connection 0|url jdbc:p6spy:sqlserver://CFSFPTEST:1433;databaseName=CFSFP;encrypt=true;trustServerCertificate=true;||
1776843263930|3|commit|connection 0|url jdbc:p6spy:sqlserver://CFSFPTEST:1433;databaseName=CFSFP;encrypt=true;trustServerCertificate=true;||
1776843263951|6|commit|connection 0|url jdbc:p6spy:sqlserver://CFSFPTEST:1433;databaseName=CFSFP;encrypt=true;trustServerCertificate=true;||
1776846299032|4|commit|connection 0|url jdbc:p6spy:sqlserver://CFSFPTEST:1433;databaseName=CFSFP;encrypt=true;trustServerCertificate=true;||
1776846299051|2|statement|connection 0|url jdbc:p6spy:sqlserver://CFSFPTEST:1433;databaseName=CFSFP;encrypt=true;trustServerCertificate=true;|select next value for BATCH_JOB_SEQ|select next value for BATCH_JOB_SEQ
1776846299105|3|commit|connection 0|url jdbc:p6spy:sqlserver://CFSFPTEST:1433;databaseName=CFSFP;encrypt=true;trustServerCertificate=true;||
1776846299265|3|commit|connection 0|url jdbc:p6spy:sqlserver://CFSFPTEST:1433;databaseName=CFSFP;encrypt=true;trustServerCertificate=true;||
1776846299302|0|commit|connection 0|url jdbc:p6spy:sqlserver://CFSFPTEST:1433;databaseName=CFSFP;encrypt=true;trustServerCertificate=true;||
1776846299310|0|commit|connection 0|url jdbc:p6spy:sqlserver://CFSFPTEST:1433;databaseName=CFSFP;encrypt=true;trustServerCertificate=true;||
1776846299326|7|commit|connection 0|url jdbc:p6spy:sqlserver://CFSFPTEST:1433;databaseName=CFSFP;encrypt=true;trustServerCertificate=true;||
1776846299352|4|commit|connection 0|url jdbc:p6spy:sqlserver://CFSFPTEST:1433;databaseName=CFSFP;encrypt=true;trustServerCertificate=true;||
1776846299384|4|commit|connection 0|url jdbc:p6spy:sqlserver://CFSFPTEST:1433;databaseName=CFSFP;encrypt=true;trustServerCertificate=true;||
1776846300190|28|statement|connection 0|url jdbc:p6spy:sqlserver://CFSFPTEST:1433;databaseName=CFSFP;encrypt=true;trustServerCertificate=true;|select 1 from p09_activity p1_0|select 1 from p09_activity p1_0
1776846304054|1871|statement|connection 0|url jdbc:p6spy:sqlserver://CFSFPTEST:1433;databaseName=CFSFP;encrypt=true;trustServerCertificate=true;|select p1_0.cr_refund_type,p1_0.act_activity,p1_0.cr_cntrl_date,p1_0.cr_cntrl_nbr,count_big(distinct p1_0.act_activity),sum(p1_0.act_activity_amt),p2_0.cr_corp from p09_activity p1_0 join p09_cash_receipt p2_0 on p1_0.cr_refund_type=p2_0.cr_refund_type and p1_0.cr_cntrl_date=p2_0.cr_cntrl_date and p1_0.cr_cntrl_nbr=p2_0.cr_cntrl_nbr where p2_0.cr_corp='01' and p1_0.act_activity in (?,?,?,?,?,?,?) group by p1_0.cr_refund_type,p1_0.act_activity,p1_0.cr_cntrl_date,p1_0.cr_cntrl_nbr,p2_0.cr_corp order by p1_0.act_activity,p1_0.cr_refund_type|select p1_0.cr_refund_type,p1_0.act_activity,p1_0.cr_cntrl_date,p1_0.cr_cntrl_nbr,count_big(distinct p1_0.act_activity),sum(p1_0.act_activity_amt),p2_0.cr_corp from p09_activity p1_0 join p09_cash_receipt p2_0 on p1_0.cr_refund_type=p2_0.cr_refund_type and p1_0.cr_cntrl_date=p2_0.cr_cntrl_date and p1_0.cr_cntrl_nbr=p2_0.cr_cntrl_nbr where p2_0.cr_corp='01' and p1_0.act_activity in ('ACC','APP','REM','DEL','LOG','FRR','PRR') group by p1_0.cr_refund_type,p1_0.act_activity,p1_0.cr_cntrl_date,p1_0.cr_cntrl_nbr,p2_0.cr_corp order by p1_0.act_activity,p1_0.cr_refund_type
1776846309784|4|commit|connection 0|url jdbc:p6spy:sqlserver://CFSFPTEST:1433;databaseName=CFSFP;encrypt=true;trustServerCertificate=true;||
1776846309803|3|commit|connection 0|url jdbc:p6spy:sqlserver://CFSFPTEST:1433;databaseName=CFSFP;encrypt=true;trustServerCertificate=true;||
1776846309819|3|commit|connection 0|url jdbc:p6spy:sqlserver://CFSFPTEST:1433;databaseName=CFSFP;encrypt=true;trustServerCertificate=true;||
1776846309830|4|commit|connection 0|url jdbc:p6spy:sqlserver://CFSFPTEST:1433;databaseName=CFSFP;encrypt=true;trustServerCertificate=true;||
1776846309848|3|commit|connection 0|url jdbc:p6spy:sqlserver://CFSFPTEST:1433;databaseName=CFSFP;encrypt=true;trustServerCertificate=true;||
1776846447295|1|commit|connection 0|url jdbc:p6spy:sqlserver://CFSFPTEST:1433;databaseName=CFSFP;encrypt=true;trustServerCertificate=true;||
1776846447332|1|statement|connection 0|url jdbc:p6spy:sqlserver://CFSFPTEST:1433;databaseName=CFSFP;encrypt=true;trustServerCertificate=true;|select next value for BATCH_JOB_SEQ|select next value for BATCH_JOB_SEQ
1776846447528|5|commit|connection 0|url jdbc:p6spy:sqlserver://CFSFPTEST:1433;databaseName=CFSFP;encrypt=true;trustServerCertificate=true;||
1776846447732|5|commit|connection 0|url jdbc:p6spy:sqlserver://CFSFPTEST:1433;databaseName=CFSFP;encrypt=true;trustServerCertificate=true;||
1776846447758|0|commit|connection 0|url jdbc:p6spy:sqlserver://CFSFPTEST:1433;databaseName=CFSFP;encrypt=true;trustServerCertificate=true;||
1776846447766|0|commit|connection 0|url jdbc:p6spy:sqlserver://CFSFPTEST:1433;databaseName=CFSFP;encrypt=true;trustServerCertificate=true;||
1776846447783|5|commit|connection 0|url jdbc:p6spy:sqlserver://CFSFPTEST:1433;databaseName=CFSFP;encrypt=true;trustServerCertificate=true;||
1776846447816|8|commit|connection 0|url jdbc:p6spy:sqlserver://CFSFPTEST:1433;databaseName=CFSFP;encrypt=true;trustServerCertificate=true;||
1776846447840|4|commit|connection 0|url jdbc:p6spy:sqlserver://CFSFPTEST:1433;databaseName=CFSFP;encrypt=true;trustServerCertificate=true;||
1776846448366|2|statement|connection 0|url jdbc:p6spy:sqlserver://CFSFPTEST:1433;databaseName=CFSFP;encrypt=true;trustServerCertificate=true;|select 1 from p09_activity p1_0|select 1 from p09_activity p1_0
1776846452427|2016|statement|connection 0|url jdbc:p6spy:sqlserver://CFSFPTEST:1433;databaseName=CFSFP;encrypt=true;trustServerCertificate=true;|select p1_0.cr_refund_type,p1_0.act_activity,p1_0.cr_cntrl_date,p1_0.cr_cntrl_nbr,count_big(distinct p1_0.act_activity),sum(p1_0.act_activity_amt),p2_0.cr_corp from p09_activity p1_0 join p09_cash_receipt p2_0 on p1_0.cr_refund_type=p2_0.cr_refund_type and p1_0.cr_cntrl_date=p2_0.cr_cntrl_date and p1_0.cr_cntrl_nbr=p2_0.cr_cntrl_nbr where p2_0.cr_corp=? and p1_0.act_activity in (?,?,?,?,?,?,?) group by p1_0.cr_refund_type,p1_0.act_activity,p1_0.cr_cntrl_date,p1_0.cr_cntrl_nbr,p2_0.cr_corp order by p1_0.act_activity,p1_0.cr_refund_type|select p1_0.cr_refund_type,p1_0.act_activity,p1_0.cr_cntrl_date,p1_0.cr_cntrl_nbr,count_big(distinct p1_0.act_activity),sum(p1_0.act_activity_amt),p2_0.cr_corp from p09_activity p1_0 join p09_cash_receipt p2_0 on p1_0.cr_refund_type=p2_0.cr_refund_type and p1_0.cr_cntrl_date=p2_0.cr_cntrl_date and p1_0.cr_cntrl_nbr=p2_0.cr_cntrl_nbr where p2_0.cr_corp='01' and p1_0.act_activity in ('ACC','APP','REM','DEL','LOG','FRR','PRR') group by p1_0.cr_refund_type,p1_0.act_activity,p1_0.cr_cntrl_date,p1_0.cr_cntrl_nbr,p2_0.cr_corp order by p1_0.act_activity,p1_0.cr_refund_type
1776846458060|4|commit|connection 0|url jdbc:p6spy:sqlserver://CFSFPTEST:1433;databaseName=CFSFP;encrypt=true;trustServerCertificate=true;||
1776846458087|6|commit|connection 0|url jdbc:p6spy:sqlserver://CFSFPTEST:1433;databaseName=CFSFP;encrypt=true;trustServerCertificate=true;||
1776846458125|12|commit|connection 0|url jdbc:p6spy:sqlserver://CFSFPTEST:1433;databaseName=CFSFP;encrypt=true;trustServerCertificate=true;||
1776846458148|4|commit|connection 0|url jdbc:p6spy:sqlserver://CFSFPTEST:1433;databaseName=CFSFP;encrypt=true;trustServerCertificate=true;||
1776846458159|4|commit|connection 0|url jdbc:p6spy:sqlserver://CFSFPTEST:1433;databaseName=CFSFP;encrypt=true;trustServerCertificate=true;||
1776846745742|1|commit|connection 0|url jdbc:p6spy:sqlserver://CFSFPTEST:1433;databaseName=CFSFP;encrypt=true;trustServerCertificate=true;||
1776846745758|0|statement|connection 0|url jdbc:p6spy:sqlserver://CFSFPTEST:1433;databaseName=CFSFP;encrypt=true;trustServerCertificate=true;|select next value for BATCH_JOB_SEQ|select next value for BATCH_JOB_SEQ
1776846745809|4|commit|connection 0|url jdbc:p6spy:sqlserver://CFSFPTEST:1433;databaseName=CFSFP;encrypt=true;trustServerCertificate=true;||
1776846745960|11|commit|connection 0|url jdbc:p6spy:sqlserver://CFSFPTEST:1433;databaseName=CFSFP;encrypt=true;trustServerCertificate=true;||
1776846745997|14|commit|connection 0|url jdbc:p6spy:sqlserver://CFSFPTEST:1433;databaseName=CFSFP;encrypt=true;trustServerCertificate=true;||
1776846746030|0|commit|connection 0|url jdbc:p6spy:sqlserver://CFSFPTEST:1433;databaseName=CFSFP;encrypt=true;trustServerCertificate=true;||
1776846746050|4|commit|connection 0|url jdbc:p6spy:sqlserver://CFSFPTEST:1433;databaseName=CFSFP;encrypt=true;trustServerCertificate=true;||
1776846746081|4|commit|connection 0|url jdbc:p6spy:sqlserver://CFSFPTEST:1433;databaseName=CFSFP;encrypt=true;trustServerCertificate=true;||
1776846746102|4|commit|connection 0|url jdbc:p6spy:sqlserver://CFSFPTEST:1433;databaseName=CFSFP;encrypt=true;trustServerCertificate=true;||
1776846746694|2|statement|connection 0|url jdbc:p6spy:sqlserver://CFSFPTEST:1433;databaseName=CFSFP;encrypt=true;trustServerCertificate=true;|select 1 from p09_activity p1_0|select 1 from p09_activity p1_0
1776846749210|432|statement|connection 0|url jdbc:p6spy:sqlserver://CFSFPTEST:1433;databaseName=CFSFP;encrypt=true;trustServerCertificate=true;|select p1_0.cr_refund_type,p1_0.act_activity,p1_0.cr_cntrl_date,p1_0.cr_cntrl_nbr,count_big(distinct p1_0.act_activity),sum(p1_0.act_activity_amt),p2_0.cr_corp from p09_activity p1_0 join p09_cash_receipt p2_0 on p1_0.cr_refund_type=p2_0.cr_refund_type and p1_0.cr_cntrl_date=p2_0.cr_cntrl_date and p1_0.cr_cntrl_nbr=p2_0.cr_cntrl_nbr where p2_0.cr_corp=? and p1_0.act_daily_ind=? and p1_0.act_activity in (?,?,?,?,?,?,?) group by p1_0.cr_refund_type,p1_0.act_activity,p1_0.cr_cntrl_date,p1_0.cr_cntrl_nbr,p2_0.cr_corp order by p1_0.act_activity,p1_0.cr_refund_type|select p1_0.cr_refund_type,p1_0.act_activity,p1_0.cr_cntrl_date,p1_0.cr_cntrl_nbr,count_big(distinct p1_0.act_activity),sum(p1_0.act_activity_amt),p2_0.cr_corp from p09_activity p1_0 join p09_cash_receipt p2_0 on p1_0.cr_refund_type=p2_0.cr_refund_type and p1_0.cr_cntrl_date=p2_0.cr_cntrl_date and p1_0.cr_cntrl_nbr=p2_0.cr_cntrl_nbr where p2_0.cr_corp='01' and p1_0.act_daily_ind='Y' and p1_0.act_activity in ('ACC','APP','REM','DEL','LOG','FRR','PRR') group by p1_0.cr_refund_type,p1_0.act_activity,p1_0.cr_cntrl_date,p1_0.cr_cntrl_nbr,p2_0.cr_corp order by p1_0.act_activity,p1_0.cr_refund_type
1776846749246|3|commit|connection 0|url jdbc:p6spy:sqlserver://CFSFPTEST:1433;databaseName=CFSFP;encrypt=true;trustServerCertificate=true;||
1776846749262|5|commit|connection 0|url jdbc:p6spy:sqlserver://CFSFPTEST:1433;databaseName=CFSFP;encrypt=true;trustServerCertificate=true;||
1776846749283|8|commit|connection 0|url jdbc:p6spy:sqlserver://CFSFPTEST:1433;databaseName=CFSFP;encrypt=true;trustServerCertificate=true;||
1776846749294|3|commit|connection 0|url jdbc:p6spy:sqlserver://CFSFPTEST:1433;databaseName=CFSFP;encrypt=true;trustServerCertificate=true;||
1776846749328|7|commit|connection 0|url jdbc:p6spy:sqlserver://CFSFPTEST:1433;databaseName=CFSFP;encrypt=true;trustServerCertificate=true;||
1776846873978|0|commit|connection 0|url jdbc:p6spy:sqlserver://CFSFPTEST:1433;databaseName=CFSFP;encrypt=true;trustServerCertificate=true;||
1776846873995|3|statement|connection 0|url jdbc:p6spy:sqlserver://CFSFPTEST:1433;databaseName=CFSFP;encrypt=true;trustServerCertificate=true;|select next value for BATCH_JOB_SEQ|select next value for BATCH_JOB_SEQ
1776846874079|14|commit|connection 0|url jdbc:p6spy:sqlserver://CFSFPTEST:1433;databaseName=CFSFP;encrypt=true;trustServerCertificate=true;||
1776846874281|3|commit|connection 0|url jdbc:p6spy:sqlserver://CFSFPTEST:1433;databaseName=CFSFP;encrypt=true;trustServerCertificate=true;||
1776846874307|0|commit|connection 0|url jdbc:p6spy:sqlserver://CFSFPTEST:1433;databaseName=CFSFP;encrypt=true;trustServerCertificate=true;||
1776846874322|0|commit|connection 0|url jdbc:p6spy:sqlserver://CFSFPTEST:1433;databaseName=CFSFP;encrypt=true;trustServerCertificate=true;||
1776846874342|5|commit|connection 0|url jdbc:p6spy:sqlserver://CFSFPTEST:1433;databaseName=CFSFP;encrypt=true;trustServerCertificate=true;||
1776846874374|3|commit|connection 0|url jdbc:p6spy:sqlserver://CFSFPTEST:1433;databaseName=CFSFP;encrypt=true;trustServerCertificate=true;||
1776846874394|3|commit|connection 0|url jdbc:p6spy:sqlserver://CFSFPTEST:1433;databaseName=CFSFP;encrypt=true;trustServerCertificate=true;||
1776846874758|2|statement|connection 0|url jdbc:p6spy:sqlserver://CFSFPTEST:1433;databaseName=CFSFP;encrypt=true;trustServerCertificate=true;|select 1 from p09_activity p1_0|select 1 from p09_activity p1_0
1776846877208|465|statement|connection 0|url jdbc:p6spy:sqlserver://CFSFPTEST:1433;databaseName=CFSFP;encrypt=true;trustServerCertificate=true;|select p1_0.cr_refund_type,p1_0.act_activity,p1_0.cr_cntrl_date,p1_0.cr_cntrl_nbr,count_big(distinct p1_0.act_activity),sum(p1_0.act_activity_amt),p2_0.cr_corp from p09_activity p1_0 join p09_cash_receipt p2_0 on p1_0.cr_refund_type=p2_0.cr_refund_type and p1_0.cr_cntrl_date=p2_0.cr_cntrl_date and p1_0.cr_cntrl_nbr=p2_0.cr_cntrl_nbr where p2_0.cr_corp=? and p1_0.act_daily_ind=? and p1_0.act_activity in (?) group by p1_0.cr_refund_type,p1_0.act_activity,p1_0.cr_cntrl_date,p1_0.cr_cntrl_nbr,p2_0.cr_corp order by p1_0.act_activity,p1_0.cr_refund_type|select p1_0.cr_refund_type,p1_0.act_activity,p1_0.cr_cntrl_date,p1_0.cr_cntrl_nbr,count_big(distinct p1_0.act_activity),sum(p1_0.act_activity_amt),p2_0.cr_corp from p09_activity p1_0 join p09_cash_receipt p2_0 on p1_0.cr_refund_type=p2_0.cr_refund_type and p1_0.cr_cntrl_date=p2_0.cr_cntrl_date and p1_0.cr_cntrl_nbr=p2_0.cr_cntrl_nbr where p2_0.cr_corp='01' and p1_0.act_daily_ind='Y' and p1_0.act_activity in ('EST') group by p1_0.cr_refund_type,p1_0.act_activity,p1_0.cr_cntrl_date,p1_0.cr_cntrl_nbr,p2_0.cr_corp order by p1_0.act_activity,p1_0.cr_refund_type
1776846877637|409|statement|connection 0|url jdbc:p6spy:sqlserver://CFSFPTEST:1433;databaseName=CFSFP;encrypt=true;trustServerCertificate=true;|select p1_0.cr_refund_type,p1_0.act_activity,p1_0.cr_cntrl_date,p1_0.cr_cntrl_nbr,count_big(distinct p1_0.act_activity),sum(p1_0.act_activity_amt),p2_0.cr_corp from p09_activity p1_0 join p09_cash_receipt p2_0 on p1_0.cr_refund_type=p2_0.cr_refund_type and p1_0.cr_cntrl_date=p2_0.cr_cntrl_date and p1_0.cr_cntrl_nbr=p2_0.cr_cntrl_nbr where p2_0.cr_corp=? and p1_0.act_daily_ind=? and p1_0.act_activity in (?,?,?,?,?,?,?) group by p1_0.cr_refund_type,p1_0.act_activity,p1_0.cr_cntrl_date,p1_0.cr_cntrl_nbr,p2_0.cr_corp order by p1_0.act_activity,p1_0.cr_refund_type|select p1_0.cr_refund_type,p1_0.act_activity,p1_0.cr_cntrl_date,p1_0.cr_cntrl_nbr,count_big(distinct p1_0.act_activity),sum(p1_0.act_activity_amt),p2_0.cr_corp from p09_activity p1_0 join p09_cash_receipt p2_0 on p1_0.cr_refund_type=p2_0.cr_refund_type and p1_0.cr_cntrl_date=p2_0.cr_cntrl_date and p1_0.cr_cntrl_nbr=p2_0.cr_cntrl_nbr where p2_0.cr_corp='01' and p1_0.act_daily_ind='Y' and p1_0.act_activity in ('ACC','APP','REM','DEL','LOG','FRR','PRR') group by p1_0.cr_refund_type,p1_0.act_activity,p1_0.cr_cntrl_date,p1_0.cr_cntrl_nbr,p2_0.cr_corp order by p1_0.act_activity,p1_0.cr_refund_type
1776846878098|434|statement|connection 0|url jdbc:p6spy:sqlserver://CFSFPTEST:1433;databaseName=CFSFP;encrypt=true;trustServerCertificate=true;|select p1_0.cr_refund_type,p1_0.act_activity,p1_0.cr_cntrl_date,p1_0.cr_cntrl_nbr,count_big(distinct p1_0.act_activity),sum(p1_0.act_activity_amt),p2_0.cr_corp from p09_activity p1_0 join p09_cash_receipt p2_0 on p1_0.cr_refund_type=p2_0.cr_refund_type and p1_0.cr_cntrl_date=p2_0.cr_cntrl_date and p1_0.cr_cntrl_nbr=p2_0.cr_cntrl_nbr where p2_0.cr_corp=? and p1_0.act_daily_ind=? and p1_0.act_activity in (?,?) group by p1_0.cr_refund_type,p1_0.act_activity,p1_0.cr_cntrl_date,p1_0.cr_cntrl_nbr,p2_0.cr_corp order by p1_0.act_activity,p1_0.cr_refund_type|select p1_0.cr_refund_type,p1_0.act_activity,p1_0.cr_cntrl_date,p1_0.cr_cntrl_nbr,count_big(distinct p1_0.act_activity),sum(p1_0.act_activity_amt),p2_0.cr_corp from p09_activity p1_0 join p09_cash_receipt p2_0 on p1_0.cr_refund_type=p2_0.cr_refund_type and p1_0.cr_cntrl_date=p2_0.cr_cntrl_date and p1_0.cr_cntrl_nbr=p2_0.cr_cntrl_nbr where p2_0.cr_corp='01' and p1_0.act_daily_ind='Y' and p1_0.act_activity in ('FR','PR') group by p1_0.cr_refund_type,p1_0.act_activity,p1_0.cr_cntrl_date,p1_0.cr_cntrl_nbr,p2_0.cr_corp order by p1_0.act_activity,p1_0.cr_refund_type
1776846878544|427|statement|connection 0|url jdbc:p6spy:sqlserver://CFSFPTEST:1433;databaseName=CFSFP;encrypt=true;trustServerCertificate=true;|select p1_0.cr_refund_type,p1_0.act_activity,p1_0.cr_cntrl_date,p1_0.cr_cntrl_nbr,count_big(distinct p1_0.act_activity),sum(p1_0.act_activity_amt),p2_0.cr_corp from p09_activity p1_0 join p09_cash_receipt p2_0 on p1_0.cr_refund_type=p2_0.cr_refund_type and p1_0.cr_cntrl_date=p2_0.cr_cntrl_date and p1_0.cr_cntrl_nbr=p2_0.cr_cntrl_nbr where p2_0.cr_corp=? and p1_0.act_daily_ind=? and p1_0.act_activity in (?,?,?,?,?,?,?,?,?) group by p1_0.cr_refund_type,p1_0.act_activity,p1_0.cr_cntrl_date,p1_0.cr_cntrl_nbr,p2_0.cr_corp order by p1_0.act_activity,p1_0.cr_refund_type|select p1_0.cr_refund_type,p1_0.act_activity,p1_0.cr_cntrl_date,p1_0.cr_cntrl_nbr,count_big(distinct p1_0.act_activity),sum(p1_0.act_activity_amt),p2_0.cr_corp from p09_activity p1_0 join p09_cash_receipt p2_0 on p1_0.cr_refund_type=p2_0.cr_refund_type and p1_0.cr_cntrl_date=p2_0.cr_cntrl_date and p1_0.cr_cntrl_nbr=p2_0.cr_cntrl_nbr where p2_0.cr_corp='01' and p1_0.act_daily_ind='Y' and p1_0.act_activity in ('RAA','RAD','RAR','RCK','OTH','RRE','PEN','CAN','MOD') group by p1_0.cr_refund_type,p1_0.act_activity,p1_0.cr_cntrl_date,p1_0.cr_cntrl_nbr,p2_0.cr_corp order by p1_0.act_activity,p1_0.cr_refund_type
1776846878579|7|commit|connection 0|url jdbc:p6spy:sqlserver://CFSFPTEST:1433;databaseName=CFSFP;encrypt=true;trustServerCertificate=true;||
1776846878590|3|commit|connection 0|url jdbc:p6spy:sqlserver://CFSFPTEST:1433;databaseName=CFSFP;encrypt=true;trustServerCertificate=true;||
1776846878619|4|commit|connection 0|url jdbc:p6spy:sqlserver://CFSFPTEST:1433;databaseName=CFSFP;encrypt=true;trustServerCertificate=true;||
1776846878629|3|commit|connection 0|url jdbc:p6spy:sqlserver://CFSFPTEST:1433;databaseName=CFSFP;encrypt=true;trustServerCertificate=true;||
1776846878661|10|commit|connection 0|url jdbc:p6spy:sqlserver://CFSFPTEST:1433;databaseName=CFSFP;encrypt=true;trustServerCertificate=true;||
1776847367039|0|commit|connection 0|url jdbc:p6spy:sqlserver://CFSFPTEST:1433;databaseName=CFSFP;encrypt=true;trustServerCertificate=true;||
1776847367075|4|statement|connection 0|url jdbc:p6spy:sqlserver://CFSFPTEST:1433;databaseName=CFSFP;encrypt=true;trustServerCertificate=true;|select next value for BATCH_JOB_SEQ|select next value for BATCH_JOB_SEQ
1776847367159|10|commit|connection 0|url jdbc:p6spy:sqlserver://CFSFPTEST:1433;databaseName=CFSFP;encrypt=true;trustServerCertificate=true;||
1776847367362|4|commit|connection 0|url jdbc:p6spy:sqlserver://CFSFPTEST:1433;databaseName=CFSFP;encrypt=true;trustServerCertificate=true;||
1776847367380|0|commit|connection 0|url jdbc:p6spy:sqlserver://CFSFPTEST:1433;databaseName=CFSFP;encrypt=true;trustServerCertificate=true;||
1776847367388|0|commit|connection 0|url jdbc:p6spy:sqlserver://CFSFPTEST:1433;databaseName=CFSFP;encrypt=true;trustServerCertificate=true;||
1776847367403|3|commit|connection 0|url jdbc:p6spy:sqlserver://CFSFPTEST:1433;databaseName=CFSFP;encrypt=true;trustServerCertificate=true;||
1776847367455|22|commit|connection 0|url jdbc:p6spy:sqlserver://CFSFPTEST:1433;databaseName=CFSFP;encrypt=true;trustServerCertificate=true;||
1776847367492|10|commit|connection 0|url jdbc:p6spy:sqlserver://CFSFPTEST:1433;databaseName=CFSFP;encrypt=true;trustServerCertificate=true;||
1776847368319|5|statement|connection 0|url jdbc:p6spy:sqlserver://CFSFPTEST:1433;databaseName=CFSFP;encrypt=true;trustServerCertificate=true;|select 1 from p09_activity p1_0|select 1 from p09_activity p1_0
1776847370786|412|statement|connection 0|url jdbc:p6spy:sqlserver://CFSFPTEST:1433;databaseName=CFSFP;encrypt=true;trustServerCertificate=true;|select p1_0.cr_refund_type,p1_0.act_activity,p1_0.cr_cntrl_date,p1_0.cr_cntrl_nbr,count_big(distinct p1_0.act_activity),sum(p1_0.act_activity_amt),p2_0.cr_corp from p09_activity p1_0 join p09_cash_receipt p2_0 on p1_0.cr_refund_type=p2_0.cr_refund_type and p1_0.cr_cntrl_date=p2_0.cr_cntrl_date and p1_0.cr_cntrl_nbr=p2_0.cr_cntrl_nbr where p2_0.cr_corp=? and p1_0.act_daily_ind=? and p1_0.act_activity in (?) group by p1_0.cr_refund_type,p1_0.act_activity,p1_0.cr_cntrl_date,p1_0.cr_cntrl_nbr,p2_0.cr_corp order by p1_0.act_activity,p1_0.cr_refund_type|select p1_0.cr_refund_type,p1_0.act_activity,p1_0.cr_cntrl_date,p1_0.cr_cntrl_nbr,count_big(distinct p1_0.act_activity),sum(p1_0.act_activity_amt),p2_0.cr_corp from p09_activity p1_0 join p09_cash_receipt p2_0 on p1_0.cr_refund_type=p2_0.cr_refund_type and p1_0.cr_cntrl_date=p2_0.cr_cntrl_date and p1_0.cr_cntrl_nbr=p2_0.cr_cntrl_nbr where p2_0.cr_corp='01' and p1_0.act_daily_ind='Y' and p1_0.act_activity in ('EST') group by p1_0.cr_refund_type,p1_0.act_activity,p1_0.cr_cntrl_date,p1_0.cr_cntrl_nbr,p2_0.cr_corp order by p1_0.act_activity,p1_0.cr_refund_type
1776847371235|420|statement|connection 0|url jdbc:p6spy:sqlserver://CFSFPTEST:1433;databaseName=CFSFP;encrypt=true;trustServerCertificate=true;|select p1_0.cr_refund_type,p1_0.act_activity,p1_0.cr_cntrl_date,p1_0.cr_cntrl_nbr,count_big(distinct p1_0.act_activity),sum(p1_0.act_activity_amt),p2_0.cr_corp from p09_activity p1_0 join p09_cash_receipt p2_0 on p1_0.cr_refund_type=p2_0.cr_refund_type and p1_0.cr_cntrl_date=p2_0.cr_cntrl_date and p1_0.cr_cntrl_nbr=p2_0.cr_cntrl_nbr where p2_0.cr_corp=? and p1_0.act_daily_ind=? and p1_0.act_activity in (?,?,?,?,?,?,?) group by p1_0.cr_refund_type,p1_0.act_activity,p1_0.cr_cntrl_date,p1_0.cr_cntrl_nbr,p2_0.cr_corp order by p1_0.act_activity,p1_0.cr_refund_type|select p1_0.cr_refund_type,p1_0.act_activity,p1_0.cr_cntrl_date,p1_0.cr_cntrl_nbr,count_big(distinct p1_0.act_activity),sum(p1_0.act_activity_amt),p2_0.cr_corp from p09_activity p1_0 join p09_cash_receipt p2_0 on p1_0.cr_refund_type=p2_0.cr_refund_type and p1_0.cr_cntrl_date=p2_0.cr_cntrl_date and p1_0.cr_cntrl_nbr=p2_0.cr_cntrl_nbr where p2_0.cr_corp='01' and p1_0.act_daily_ind='Y' and p1_0.act_activity in ('ACC','APP','REM','DEL','LOG','FRR','PRR') group by p1_0.cr_refund_type,p1_0.act_activity,p1_0.cr_cntrl_date,p1_0.cr_cntrl_nbr,p2_0.cr_corp order by p1_0.act_activity,p1_0.cr_refund_type
1776847371674|421|statement|connection 0|url jdbc:p6spy:sqlserver://CFSFPTEST:1433;databaseName=CFSFP;encrypt=true;trustServerCertificate=true;|select p1_0.cr_refund_type,p1_0.act_activity,p1_0.cr_cntrl_date,p1_0.cr_cntrl_nbr,count_big(distinct p1_0.act_activity),sum(p1_0.act_activity_amt),p2_0.cr_corp from p09_activity p1_0 join p09_cash_receipt p2_0 on p1_0.cr_refund_type=p2_0.cr_refund_type and p1_0.cr_cntrl_date=p2_0.cr_cntrl_date and p1_0.cr_cntrl_nbr=p2_0.cr_cntrl_nbr where p2_0.cr_corp=? and p1_0.act_daily_ind=? and p1_0.act_activity in (?,?) group by p1_0.cr_refund_type,p1_0.act_activity,p1_0.cr_cntrl_date,p1_0.cr_cntrl_nbr,p2_0.cr_corp order by p1_0.act_activity,p1_0.cr_refund_type|select p1_0.cr_refund_type,p1_0.act_activity,p1_0.cr_cntrl_date,p1_0.cr_cntrl_nbr,count_big(distinct p1_0.act_activity),sum(p1_0.act_activity_amt),p2_0.cr_corp from p09_activity p1_0 join p09_cash_receipt p2_0 on p1_0.cr_refund_type=p2_0.cr_refund_type and p1_0.cr_cntrl_date=p2_0.cr_cntrl_date and p1_0.cr_cntrl_nbr=p2_0.cr_cntrl_nbr where p2_0.cr_corp='01' and p1_0.act_daily_ind='Y' and p1_0.act_activity in ('FR','PR') group by p1_0.cr_refund_type,p1_0.act_activity,p1_0.cr_cntrl_date,p1_0.cr_cntrl_nbr,p2_0.cr_corp order by p1_0.act_activity,p1_0.cr_refund_type
1776847372099|417|statement|connection 0|url jdbc:p6spy:sqlserver://CFSFPTEST:1433;databaseName=CFSFP;encrypt=true;trustServerCertificate=true;|select p1_0.cr_refund_type,p1_0.act_activity,p1_0.cr_cntrl_date,p1_0.cr_cntrl_nbr,count_big(distinct p1_0.act_activity),sum(p1_0.act_activity_amt),p2_0.cr_corp from p09_activity p1_0 join p09_cash_receipt p2_0 on p1_0.cr_refund_type=p2_0.cr_refund_type and p1_0.cr_cntrl_date=p2_0.cr_cntrl_date and p1_0.cr_cntrl_nbr=p2_0.cr_cntrl_nbr where p2_0.cr_corp=? and p1_0.act_daily_ind=? and p1_0.act_activity in (?,?,?,?,?,?,?,?,?) group by p1_0.cr_refund_type,p1_0.act_activity,p1_0.cr_cntrl_date,p1_0.cr_cntrl_nbr,p2_0.cr_corp order by p1_0.act_activity,p1_0.cr_refund_type|select p1_0.cr_refund_type,p1_0.act_activity,p1_0.cr_cntrl_date,p1_0.cr_cntrl_nbr,count_big(distinct p1_0.act_activity),sum(p1_0.act_activity_amt),p2_0.cr_corp from p09_activity p1_0 join p09_cash_receipt p2_0 on p1_0.cr_refund_type=p2_0.cr_refund_type and p1_0.cr_cntrl_date=p2_0.cr_cntrl_date and p1_0.cr_cntrl_nbr=p2_0.cr_cntrl_nbr where p2_0.cr_corp='01' and p1_0.act_daily_ind='Y' and p1_0.act_activity in ('RAA','RAD','RAR','RCK','OTH','RRE','PEN','CAN','MOD') group by p1_0.cr_refund_type,p1_0.act_activity,p1_0.cr_cntrl_date,p1_0.cr_cntrl_nbr,p2_0.cr_corp order by p1_0.act_activity,p1_0.cr_refund_type
1776847372134|5|commit|connection 0|url jdbc:p6spy:sqlserver://CFSFPTEST:1433;databaseName=CFSFP;encrypt=true;trustServerCertificate=true;||
1776847372171|4|commit|connection 0|url jdbc:p6spy:sqlserver://CFSFPTEST:1433;databaseName=CFSFP;encrypt=true;trustServerCertificate=true;||
1776847372197|7|commit|connection 0|url jdbc:p6spy:sqlserver://CFSFPTEST:1433;databaseName=CFSFP;encrypt=true;trustServerCertificate=true;||
1776847372245|20|commit|connection 0|url jdbc:p6spy:sqlserver://CFSFPTEST:1433;databaseName=CFSFP;encrypt=true;trustServerCertificate=true;||
1776847372273|4|commit|connection 0|url jdbc:p6spy:sqlserver://CFSFPTEST:1433;databaseName=CFSFP;encrypt=true;trustServerCertificate=true;||
1776847600741|1|commit|connection 0|url jdbc:p6spy:sqlserver://CFSFPTEST:1433;databaseName=CFSFP;encrypt=true;trustServerCertificate=true;||
1776847600775|0|statement|connection 0|url jdbc:p6spy:sqlserver://CFSFPTEST:1433;databaseName=CFSFP;encrypt=true;trustServerCertificate=true;|select next value for BATCH_JOB_SEQ|select next value for BATCH_JOB_SEQ
1776847600844|4|commit|connection 0|url jdbc:p6spy:sqlserver://CFSFPTEST:1433;databaseName=CFSFP;encrypt=true;trustServerCertificate=true;||
1776847600994|4|commit|connection 0|url jdbc:p6spy:sqlserver://CFSFPTEST:1433;databaseName=CFSFP;encrypt=true;trustServerCertificate=true;||
1776847601028|5|commit|connection 0|url jdbc:p6spy:sqlserver://CFSFPTEST:1433;databaseName=CFSFP;encrypt=true;trustServerCertificate=true;||
1776847601040|0|commit|connection 0|url jdbc:p6spy:sqlserver://CFSFPTEST:1433;databaseName=CFSFP;encrypt=true;trustServerCertificate=true;||
1776847601065|4|commit|connection 0|url jdbc:p6spy:sqlserver://CFSFPTEST:1433;databaseName=CFSFP;encrypt=true;trustServerCertificate=true;||
1776847601095|6|commit|connection 0|url jdbc:p6spy:sqlserver://CFSFPTEST:1433;databaseName=CFSFP;encrypt=true;trustServerCertificate=true;||
1776847601126|3|commit|connection 0|url jdbc:p6spy:sqlserver://CFSFPTEST:1433;databaseName=CFSFP;encrypt=true;trustServerCertificate=true;||
1776847601715|2|statement|connection 0|url jdbc:p6spy:sqlserver://CFSFPTEST:1433;databaseName=CFSFP;encrypt=true;trustServerCertificate=true;|select 1 from p09_activity p1_0|select 1 from p09_activity p1_0
1776847607185|3407|statement|connection 0|url jdbc:p6spy:sqlserver://CFSFPTEST:1433;databaseName=CFSFP;encrypt=true;trustServerCertificate=true;|select p1_0.cr_refund_type,p1_0.act_activity,p1_0.cr_cntrl_date,p1_0.cr_cntrl_nbr,count_big(distinct p1_0.act_activity),sum(p1_0.act_activity_amt),p2_0.cr_corp from p09_activity p1_0 join p09_cash_receipt p2_0 on p1_0.cr_refund_type=p2_0.cr_refund_type and p1_0.cr_cntrl_date=p2_0.cr_cntrl_date and p1_0.cr_cntrl_nbr=p2_0.cr_cntrl_nbr where p2_0.cr_corp=? and p1_0.act_daily_ind=? and p1_0.act_activity in (?) group by p1_0.cr_refund_type,p1_0.act_activity,p1_0.cr_cntrl_date,p1_0.cr_cntrl_nbr,p2_0.cr_corp order by p1_0.act_activity,p1_0.cr_refund_type|select p1_0.cr_refund_type,p1_0.act_activity,p1_0.cr_cntrl_date,p1_0.cr_cntrl_nbr,count_big(distinct p1_0.act_activity),sum(p1_0.act_activity_amt),p2_0.cr_corp from p09_activity p1_0 join p09_cash_receipt p2_0 on p1_0.cr_refund_type=p2_0.cr_refund_type and p1_0.cr_cntrl_date=p2_0.cr_cntrl_date and p1_0.cr_cntrl_nbr=p2_0.cr_cntrl_nbr where p2_0.cr_corp='01' and p1_0.act_daily_ind=' ' and p1_0.act_activity in ('EST') group by p1_0.cr_refund_type,p1_0.act_activity,p1_0.cr_cntrl_date,p1_0.cr_cntrl_nbr,p2_0.cr_corp order by p1_0.act_activity,p1_0.cr_refund_type
1776847617766|5920|statement|connection 0|url jdbc:p6spy:sqlserver://CFSFPTEST:1433;databaseName=CFSFP;encrypt=true;trustServerCertificate=true;|select p1_0.cr_refund_type,p1_0.act_activity,p1_0.cr_cntrl_date,p1_0.cr_cntrl_nbr,count_big(distinct p1_0.act_activity),sum(p1_0.act_activity_amt),p2_0.cr_corp from p09_activity p1_0 join p09_cash_receipt p2_0 on p1_0.cr_refund_type=p2_0.cr_refund_type and p1_0.cr_cntrl_date=p2_0.cr_cntrl_date and p1_0.cr_cntrl_nbr=p2_0.cr_cntrl_nbr where p2_0.cr_corp=? and p1_0.act_daily_ind=? and p1_0.act_activity in (?,?,?,?,?,?,?) group by p1_0.cr_refund_type,p1_0.act_activity,p1_0.cr_cntrl_date,p1_0.cr_cntrl_nbr,p2_0.cr_corp order by p1_0.act_activity,p1_0.cr_refund_type|select p1_0.cr_refund_type,p1_0.act_activity,p1_0.cr_cntrl_date,p1_0.cr_cntrl_nbr,count_big(distinct p1_0.act_activity),sum(p1_0.act_activity_amt),p2_0.cr_corp from p09_activity p1_0 join p09_cash_receipt p2_0 on p1_0.cr_refund_type=p2_0.cr_refund_type and p1_0.cr_cntrl_date=p2_0.cr_cntrl_date and p1_0.cr_cntrl_nbr=p2_0.cr_cntrl_nbr where p2_0.cr_corp='01' and p1_0.act_daily_ind=' ' and p1_0.act_activity in ('ACC','APP','REM','DEL','LOG','FRR','PRR') group by p1_0.cr_refund_type,p1_0.act_activity,p1_0.cr_cntrl_date,p1_0.cr_cntrl_nbr,p2_0.cr_corp order by p1_0.act_activity,p1_0.cr_refund_type
1776847623733|1137|statement|connection 0|url jdbc:p6spy:sqlserver://CFSFPTEST:1433;databaseName=CFSFP;encrypt=true;trustServerCertificate=true;|select p1_0.cr_refund_type,p1_0.act_activity,p1_0.cr_cntrl_date,p1_0.cr_cntrl_nbr,count_big(distinct p1_0.act_activity),sum(p1_0.act_activity_amt),p2_0.cr_corp from p09_activity p1_0 join p09_cash_receipt p2_0 on p1_0.cr_refund_type=p2_0.cr_refund_type and p1_0.cr_cntrl_date=p2_0.cr_cntrl_date and p1_0.cr_cntrl_nbr=p2_0.cr_cntrl_nbr where p2_0.cr_corp=? and p1_0.act_daily_ind=? and p1_0.act_activity in (?,?) group by p1_0.cr_refund_type,p1_0.act_activity,p1_0.cr_cntrl_date,p1_0.cr_cntrl_nbr,p2_0.cr_corp order by p1_0.act_activity,p1_0.cr_refund_type|select p1_0.cr_refund_type,p1_0.act_activity,p1_0.cr_cntrl_date,p1_0.cr_cntrl_nbr,count_big(distinct p1_0.act_activity),sum(p1_0.act_activity_amt),p2_0.cr_corp from p09_activity p1_0 join p09_cash_receipt p2_0 on p1_0.cr_refund_type=p2_0.cr_refund_type and p1_0.cr_cntrl_date=p2_0.cr_cntrl_date and p1_0.cr_cntrl_nbr=p2_0.cr_cntrl_nbr where p2_0.cr_corp='01' and p1_0.act_daily_ind=' ' and p1_0.act_activity in ('FR','PR') group by p1_0.cr_refund_type,p1_0.act_activity,p1_0.cr_cntrl_date,p1_0.cr_cntrl_nbr,p2_0.cr_corp order by p1_0.act_activity,p1_0.cr_refund_type
1776847632308|7870|statement|connection 0|url jdbc:p6spy:sqlserver://CFSFPTEST:1433;databaseName=CFSFP;encrypt=true;trustServerCertificate=true;|select p1_0.cr_refund_type,p1_0.act_activity,p1_0.cr_cntrl_date,p1_0.cr_cntrl_nbr,count_big(distinct p1_0.act_activity),sum(p1_0.act_activity_amt),p2_0.cr_corp from p09_activity p1_0 join p09_cash_receipt p2_0 on p1_0.cr_refund_type=p2_0.cr_refund_type and p1_0.cr_cntrl_date=p2_0.cr_cntrl_date and p1_0.cr_cntrl_nbr=p2_0.cr_cntrl_nbr where p2_0.cr_corp=? and p1_0.act_daily_ind=? and p1_0.act_activity in (?,?,?,?,?,?,?,?,?) group by p1_0.cr_refund_type,p1_0.act_activity,p1_0.cr_cntrl_date,p1_0.cr_cntrl_nbr,p2_0.cr_corp order by p1_0.act_activity,p1_0.cr_refund_type|select p1_0.cr_refund_type,p1_0.act_activity,p1_0.cr_cntrl_date,p1_0.cr_cntrl_nbr,count_big(distinct p1_0.act_activity),sum(p1_0.act_activity_amt),p2_0.cr_corp from p09_activity p1_0 join p09_cash_receipt p2_0 on p1_0.cr_refund_type=p2_0.cr_refund_type and p1_0.cr_cntrl_date=p2_0.cr_cntrl_date and p1_0.cr_cntrl_nbr=p2_0.cr_cntrl_nbr where p2_0.cr_corp='01' and p1_0.act_daily_ind=' ' and p1_0.act_activity in ('RAA','RAD','RAR','RCK','OTH','RRE','PEN','CAN','MOD') group by p1_0.cr_refund_type,p1_0.act_activity,p1_0.cr_cntrl_date,p1_0.cr_cntrl_nbr,p2_0.cr_corp order by p1_0.act_activity,p1_0.cr_refund_type
1776847637504|4|commit|connection 0|url jdbc:p6spy:sqlserver://CFSFPTEST:1433;databaseName=CFSFP;encrypt=true;trustServerCertificate=true;||
1776847637530|3|commit|connection 0|url jdbc:p6spy:sqlserver://CFSFPTEST:1433;databaseName=CFSFP;encrypt=true;trustServerCertificate=true;||
1776847637543|3|commit|connection 0|url jdbc:p6spy:sqlserver://CFSFPTEST:1433;databaseName=CFSFP;encrypt=true;trustServerCertificate=true;||
1776847637576|15|commit|connection 0|url jdbc:p6spy:sqlserver://CFSFPTEST:1433;databaseName=CFSFP;encrypt=true;trustServerCertificate=true;||
1776847637599|3|commit|connection 0|url jdbc:p6spy:sqlserver://CFSFPTEST:1433;databaseName=CFSFP;encrypt=true;trustServerCertificate=true;||
1776852104682|6|commit|connection 0|url jdbc:p6spy:sqlserver://CFSFPTEST:1433;databaseName=CFSFP;encrypt=true;trustServerCertificate=true;||
1776852104702|4|statement|connection 0|url jdbc:p6spy:sqlserver://CFSFPTEST:1433;databaseName=CFSFP;encrypt=true;trustServerCertificate=true;|select next value for BATCH_JOB_SEQ|select next value for BATCH_JOB_SEQ
1776852104814|5|commit|connection 0|url jdbc:p6spy:sqlserver://CFSFPTEST:1433;databaseName=CFSFP;encrypt=true;trustServerCertificate=true;||
1776852104955|6|commit|connection 0|url jdbc:p6spy:sqlserver://CFSFPTEST:1433;databaseName=CFSFP;encrypt=true;trustServerCertificate=true;||
1776852104983|1|commit|connection 0|url jdbc:p6spy:sqlserver://CFSFPTEST:1433;databaseName=CFSFP;encrypt=true;trustServerCertificate=true;||
1776852105032|1|commit|connection 0|url jdbc:p6spy:sqlserver://CFSFPTEST:1433;databaseName=CFSFP;encrypt=true;trustServerCertificate=true;||
1776852105069|7|commit|connection 0|url jdbc:p6spy:sqlserver://CFSFPTEST:1433;databaseName=CFSFP;encrypt=true;trustServerCertificate=true;||
1776852105132|9|commit|connection 0|url jdbc:p6spy:sqlserver://CFSFPTEST:1433;databaseName=CFSFP;encrypt=true;trustServerCertificate=true;||
1776852105154|4|commit|connection 0|url jdbc:p6spy:sqlserver://CFSFPTEST:1433;databaseName=CFSFP;encrypt=true;trustServerCertificate=true;||
1776852105710|75|statement|connection 0|url jdbc:p6spy:sqlserver://CFSFPTEST:1433;databaseName=CFSFP;encrypt=true;trustServerCertificate=true;|select 1 from p09_activity p1_0|select 1 from p09_activity p1_0
1776852115012|7012|statement|connection 0|url jdbc:p6spy:sqlserver://CFSFPTEST:1433;databaseName=CFSFP;encrypt=true;trustServerCertificate=true;|select p1_0.cr_refund_type,p1_0.act_activity,p1_0.cr_cntrl_date,p1_0.cr_cntrl_nbr,count_big(distinct p1_0.act_activity),sum(p1_0.act_activity_amt),p2_0.cr_corp from p09_activity p1_0 join p09_cash_receipt p2_0 on p1_0.cr_refund_type=p2_0.cr_refund_type and p1_0.cr_cntrl_date=p2_0.cr_cntrl_date and p1_0.cr_cntrl_nbr=p2_0.cr_cntrl_nbr where p2_0.cr_corp=? and p1_0.act_daily_ind=? and p1_0.act_activity in (?) group by p1_0.cr_refund_type,p1_0.act_activity,p1_0.cr_cntrl_date,p1_0.cr_cntrl_nbr,p2_0.cr_corp order by p1_0.act_activity,p1_0.cr_refund_type|select p1_0.cr_refund_type,p1_0.act_activity,p1_0.cr_cntrl_date,p1_0.cr_cntrl_nbr,count_big(distinct p1_0.act_activity),sum(p1_0.act_activity_amt),p2_0.cr_corp from p09_activity p1_0 join p09_cash_receipt p2_0 on p1_0.cr_refund_type=p2_0.cr_refund_type and p1_0.cr_cntrl_date=p2_0.cr_cntrl_date and p1_0.cr_cntrl_nbr=p2_0.cr_cntrl_nbr where p2_0.cr_corp='01' and p1_0.act_daily_ind=' ' and p1_0.act_activity in ('EST') group by p1_0.cr_refund_type,p1_0.act_activity,p1_0.cr_cntrl_date,p1_0.cr_cntrl_nbr,p2_0.cr_corp order by p1_0.act_activity,p1_0.cr_refund_type
1776852120851|6|commit|connection 0|url jdbc:p6spy:sqlserver://CFSFPTEST:1433;databaseName=CFSFP;encrypt=true;trustServerCertificate=true;||
1776852120880|9|commit|connection 0|url jdbc:p6spy:sqlserver://CFSFPTEST:1433;databaseName=CFSFP;encrypt=true;trustServerCertificate=true;||
1776852120935|6|commit|connection 0|url jdbc:p6spy:sqlserver://CFSFPTEST:1433;databaseName=CFSFP;encrypt=true;trustServerCertificate=true;||
1776852120977|4|commit|connection 0|url jdbc:p6spy:sqlserver://CFSFPTEST:1433;databaseName=CFSFP;encrypt=true;trustServerCertificate=true;||
1776852121009|4|commit|connection 0|url jdbc:p6spy:sqlserver://CFSFPTEST:1433;databaseName=CFSFP;encrypt=true;trustServerCertificate=true;||
1776852642552|2|commit|connection 0|url jdbc:p6spy:sqlserver://CFSFPTEST:1433;databaseName=CFSFP;encrypt=true;trustServerCertificate=true;||
1776852642582|3|statement|connection 0|url jdbc:p6spy:sqlserver://CFSFPTEST:1433;databaseName=CFSFP;encrypt=true;trustServerCertificate=true;|select next value for BATCH_JOB_SEQ|select next value for BATCH_JOB_SEQ
1776852642664|4|commit|connection 0|url jdbc:p6spy:sqlserver://CFSFPTEST:1433;databaseName=CFSFP;encrypt=true;trustServerCertificate=true;||
1776852642839|7|commit|connection 0|url jdbc:p6spy:sqlserver://CFSFPTEST:1433;databaseName=CFSFP;encrypt=true;trustServerCertificate=true;||
1776852642868|2|commit|connection 0|url jdbc:p6spy:sqlserver://CFSFPTEST:1433;databaseName=CFSFP;encrypt=true;trustServerCertificate=true;||
1776852642878|0|commit|connection 0|url jdbc:p6spy:sqlserver://CFSFPTEST:1433;databaseName=CFSFP;encrypt=true;trustServerCertificate=true;||
1776852642893|5|commit|connection 0|url jdbc:p6spy:sqlserver://CFSFPTEST:1433;databaseName=CFSFP;encrypt=true;trustServerCertificate=true;||
1776852642933|4|commit|connection 0|url jdbc:p6spy:sqlserver://CFSFPTEST:1433;databaseName=CFSFP;encrypt=true;trustServerCertificate=true;||
1776852642957|4|commit|connection 0|url jdbc:p6spy:sqlserver://CFSFPTEST:1433;databaseName=CFSFP;encrypt=true;trustServerCertificate=true;||
1776852643745|2|statement|connection 0|url jdbc:p6spy:sqlserver://CFSFPTEST:1433;databaseName=CFSFP;encrypt=true;trustServerCertificate=true;|select 1 from p09_activity p1_0|select 1 from p09_activity p1_0
1776852646277|430|statement|connection 0|url jdbc:p6spy:sqlserver://CFSFPTEST:1433;databaseName=CFSFP;encrypt=true;trustServerCertificate=true;|select p1_0.cr_refund_type,p1_0.act_activity,p1_0.cr_cntrl_date,p1_0.cr_cntrl_nbr,count_big(distinct p1_0.act_activity),sum(p1_0.act_activity_amt),p2_0.cr_corp from p09_activity p1_0 join p09_cash_receipt p2_0 on p1_0.cr_refund_type=p2_0.cr_refund_type and p1_0.cr_cntrl_date=p2_0.cr_cntrl_date and p1_0.cr_cntrl_nbr=p2_0.cr_cntrl_nbr where p2_0.cr_corp=? and p1_0.act_daily_ind=? and p1_0.act_activity in (?) group by p1_0.cr_refund_type,p1_0.act_activity,p1_0.cr_cntrl_date,p1_0.cr_cntrl_nbr,p2_0.cr_corp order by p1_0.act_activity,p1_0.cr_refund_type|select p1_0.cr_refund_type,p1_0.act_activity,p1_0.cr_cntrl_date,p1_0.cr_cntrl_nbr,count_big(distinct p1_0.act_activity),sum(p1_0.act_activity_amt),p2_0.cr_corp from p09_activity p1_0 join p09_cash_receipt p2_0 on p1_0.cr_refund_type=p2_0.cr_refund_type and p1_0.cr_cntrl_date=p2_0.cr_cntrl_date and p1_0.cr_cntrl_nbr=p2_0.cr_cntrl_nbr where p2_0.cr_corp='01' and p1_0.act_daily_ind='Y' and p1_0.act_activity in ('EST') group by p1_0.cr_refund_type,p1_0.act_activity,p1_0.cr_cntrl_date,p1_0.cr_cntrl_nbr,p2_0.cr_corp order by p1_0.act_activity,p1_0.cr_refund_type
1776852646365|12|commit|connection 0|url jdbc:p6spy:sqlserver://CFSFPTEST:1433;databaseName=CFSFP;encrypt=true;trustServerCertificate=true;||
1776852646386|4|commit|connection 0|url jdbc:p6spy:sqlserver://CFSFPTEST:1433;databaseName=CFSFP;encrypt=true;trustServerCertificate=true;||
1776852646415|10|commit|connection 0|url jdbc:p6spy:sqlserver://CFSFPTEST:1433;databaseName=CFSFP;encrypt=true;trustServerCertificate=true;||
1776852646442|9|commit|connection 0|url jdbc:p6spy:sqlserver://CFSFPTEST:1433;databaseName=CFSFP;encrypt=true;trustServerCertificate=true;||
1776852646465|4|commit|connection 0|url jdbc:p6spy:sqlserver://CFSFPTEST:1433;databaseName=CFSFP;encrypt=true;trustServerCertificate=true;||
1776852813162|4|commit|connection 0|url jdbc:p6spy:sqlserver://CFSFPTEST:1433;databaseName=CFSFP;encrypt=true;trustServerCertificate=true;||
1776852813178|0|statement|connection 0|url jdbc:p6spy:sqlserver://CFSFPTEST:1433;databaseName=CFSFP;encrypt=true;trustServerCertificate=true;|select next value for BATCH_JOB_SEQ|select next value for BATCH_JOB_SEQ
1776852813296|3|commit|connection 0|url jdbc:p6spy:sqlserver://CFSFPTEST:1433;databaseName=CFSFP;encrypt=true;trustServerCertificate=true;||
1776852813469|4|commit|connection 0|url jdbc:p6spy:sqlserver://CFSFPTEST:1433;databaseName=CFSFP;encrypt=true;trustServerCertificate=true;||
1776852813491|2|commit|connection 0|url jdbc:p6spy:sqlserver://CFSFPTEST:1433;databaseName=CFSFP;encrypt=true;trustServerCertificate=true;||
1776852813508|0|commit|connection 0|url jdbc:p6spy:sqlserver://CFSFPTEST:1433;databaseName=CFSFP;encrypt=true;trustServerCertificate=true;||
1776852813531|4|commit|connection 0|url jdbc:p6spy:sqlserver://CFSFPTEST:1433;databaseName=CFSFP;encrypt=true;trustServerCertificate=true;||
1776852813626|9|commit|connection 0|url jdbc:p6spy:sqlserver://CFSFPTEST:1433;databaseName=CFSFP;encrypt=true;trustServerCertificate=true;||
1776852813648|4|commit|connection 0|url jdbc:p6spy:sqlserver://CFSFPTEST:1433;databaseName=CFSFP;encrypt=true;trustServerCertificate=true;||
1776852814277|2|statement|connection 0|url jdbc:p6spy:sqlserver://CFSFPTEST:1433;databaseName=CFSFP;encrypt=true;trustServerCertificate=true;|select 1 from p09_activity p1_0|select 1 from p09_activity p1_0
1776852816680|403|statement|connection 0|url jdbc:p6spy:sqlserver://CFSFPTEST:1433;databaseName=CFSFP;encrypt=true;trustServerCertificate=true;|select p1_0.cr_refund_type,p1_0.act_activity,p1_0.cr_cntrl_date,p1_0.cr_cntrl_nbr,count_big(distinct p1_0.act_activity),sum(p1_0.act_activity_amt),p2_0.cr_corp from p09_activity p1_0 join p09_cash_receipt p2_0 on p1_0.cr_refund_type=p2_0.cr_refund_type and p1_0.cr_cntrl_date=p2_0.cr_cntrl_date and p1_0.cr_cntrl_nbr=p2_0.cr_cntrl_nbr where p2_0.cr_corp=? and p1_0.act_daily_ind=? and p1_0.act_activity in (?) group by p1_0.cr_refund_type,p1_0.act_activity,p1_0.cr_cntrl_date,p1_0.cr_cntrl_nbr,p2_0.cr_corp order by p1_0.act_activity,p1_0.cr_refund_type|select p1_0.cr_refund_type,p1_0.act_activity,p1_0.cr_cntrl_date,p1_0.cr_cntrl_nbr,count_big(distinct p1_0.act_activity),sum(p1_0.act_activity_amt),p2_0.cr_corp from p09_activity p1_0 join p09_cash_receipt p2_0 on p1_0.cr_refund_type=p2_0.cr_refund_type and p1_0.cr_cntrl_date=p2_0.cr_cntrl_date and p1_0.cr_cntrl_nbr=p2_0.cr_cntrl_nbr where p2_0.cr_corp='01' and p1_0.act_daily_ind='Y' and p1_0.act_activity in ('EST') group by p1_0.cr_refund_type,p1_0.act_activity,p1_0.cr_cntrl_date,p1_0.cr_cntrl_nbr,p2_0.cr_corp order by p1_0.act_activity,p1_0.cr_refund_type
1776852816730|6|commit|connection 0|url jdbc:p6spy:sqlserver://CFSFPTEST:1433;databaseName=CFSFP;encrypt=true;trustServerCertificate=true;||
1776852816749|11|commit|connection 0|url jdbc:p6spy:sqlserver://CFSFPTEST:1433;databaseName=CFSFP;encrypt=true;trustServerCertificate=true;||
1776852816766|4|commit|connection 0|url jdbc:p6spy:sqlserver://CFSFPTEST:1433;databaseName=CFSFP;encrypt=true;trustServerCertificate=true;||
1776852816779|4|commit|connection 0|url jdbc:p6spy:sqlserver://CFSFPTEST:1433;databaseName=CFSFP;encrypt=true;trustServerCertificate=true;||
1776852816793|5|commit|connection 0|url jdbc:p6spy:sqlserver://CFSFPTEST:1433;databaseName=CFSFP;encrypt=true;trustServerCertificate=true;||
1776852958537|2|commit|connection 0|url jdbc:p6spy:sqlserver://CFSFPTEST:1433;databaseName=CFSFP;encrypt=true;trustServerCertificate=true;||
1776852958556|0|statement|connection 0|url jdbc:p6spy:sqlserver://CFSFPTEST:1433;databaseName=CFSFP;encrypt=true;trustServerCertificate=true;|select next value for BATCH_JOB_SEQ|select next value for BATCH_JOB_SEQ
1776852958604|5|commit|connection 0|url jdbc:p6spy:sqlserver://CFSFPTEST:1433;databaseName=CFSFP;encrypt=true;trustServerCertificate=true;||
1776852958729|7|commit|connection 0|url jdbc:p6spy:sqlserver://CFSFPTEST:1433;databaseName=CFSFP;encrypt=true;trustServerCertificate=true;||
1776852958744|0|commit|connection 0|url jdbc:p6spy:sqlserver://CFSFPTEST:1433;databaseName=CFSFP;encrypt=true;trustServerCertificate=true;||
1776852958756|0|commit|connection 0|url jdbc:p6spy:sqlserver://CFSFPTEST:1433;databaseName=CFSFP;encrypt=true;trustServerCertificate=true;||
1776852958769|4|commit|connection 0|url jdbc:p6spy:sqlserver://CFSFPTEST:1433;databaseName=CFSFP;encrypt=true;trustServerCertificate=true;||
1776852958790|7|commit|connection 0|url jdbc:p6spy:sqlserver://CFSFPTEST:1433;databaseName=CFSFP;encrypt=true;trustServerCertificate=true;||
1776852958806|5|commit|connection 0|url jdbc:p6spy:sqlserver://CFSFPTEST:1433;databaseName=CFSFP;encrypt=true;trustServerCertificate=true;||
1776852959197|2|statement|connection 0|url jdbc:p6spy:sqlserver://CFSFPTEST:1433;databaseName=CFSFP;encrypt=true;trustServerCertificate=true;|select 1 from p09_activity p1_0|select 1 from p09_activity p1_0
1776852961843|408|statement|connection 0|url jdbc:p6spy:sqlserver://CFSFPTEST:1433;databaseName=CFSFP;encrypt=true;trustServerCertificate=true;|select p1_0.cr_refund_type,p1_0.act_activity,p1_0.cr_cntrl_date,p1_0.cr_cntrl_nbr,count_big(distinct p1_0.act_activity),sum(p1_0.act_activity_amt),p2_0.cr_corp from p09_activity p1_0 join p09_cash_receipt p2_0 on p1_0.cr_refund_type=p2_0.cr_refund_type and p1_0.cr_cntrl_date=p2_0.cr_cntrl_date and p1_0.cr_cntrl_nbr=p2_0.cr_cntrl_nbr where p2_0.cr_corp=? and p1_0.act_daily_ind=? and p1_0.act_activity in (?) group by p1_0.cr_refund_type,p1_0.act_activity,p1_0.cr_cntrl_date,p1_0.cr_cntrl_nbr,p2_0.cr_corp order by p1_0.act_activity,p1_0.cr_refund_type|select p1_0.cr_refund_type,p1_0.act_activity,p1_0.cr_cntrl_date,p1_0.cr_cntrl_nbr,count_big(distinct p1_0.act_activity),sum(p1_0.act_activity_amt),p2_0.cr_corp from p09_activity p1_0 join p09_cash_receipt p2_0 on p1_0.cr_refund_type=p2_0.cr_refund_type and p1_0.cr_cntrl_date=p2_0.cr_cntrl_date and p1_0.cr_cntrl_nbr=p2_0.cr_cntrl_nbr where p2_0.cr_corp='01' and p1_0.act_daily_ind='Y' and p1_0.act_activity in ('EST') group by p1_0.cr_refund_type,p1_0.act_activity,p1_0.cr_cntrl_date,p1_0.cr_cntrl_nbr,p2_0.cr_corp order by p1_0.act_activity,p1_0.cr_refund_type
1776852962310|397|statement|connection 0|url jdbc:p6spy:sqlserver://CFSFPTEST:1433;databaseName=CFSFP;encrypt=true;trustServerCertificate=true;|select p1_0.cr_refund_type,p1_0.act_activity,p1_0.cr_cntrl_date,p1_0.cr_cntrl_nbr,count_big(distinct p1_0.act_activity),sum(p1_0.act_activity_amt),p2_0.cr_corp from p09_activity p1_0 join p09_cash_receipt p2_0 on p1_0.cr_refund_type=p2_0.cr_refund_type and p1_0.cr_cntrl_date=p2_0.cr_cntrl_date and p1_0.cr_cntrl_nbr=p2_0.cr_cntrl_nbr where p2_0.cr_corp=? and p1_0.act_daily_ind=? and p1_0.act_activity in (?,?,?,?,?,?,?) group by p1_0.cr_refund_type,p1_0.act_activity,p1_0.cr_cntrl_date,p1_0.cr_cntrl_nbr,p2_0.cr_corp order by p1_0.act_activity,p1_0.cr_refund_type|select p1_0.cr_refund_type,p1_0.act_activity,p1_0.cr_cntrl_date,p1_0.cr_cntrl_nbr,count_big(distinct p1_0.act_activity),sum(p1_0.act_activity_amt),p2_0.cr_corp from p09_activity p1_0 join p09_cash_receipt p2_0 on p1_0.cr_refund_type=p2_0.cr_refund_type and p1_0.cr_cntrl_date=p2_0.cr_cntrl_date and p1_0.cr_cntrl_nbr=p2_0.cr_cntrl_nbr where p2_0.cr_corp='01' and p1_0.act_daily_ind='Y' and p1_0.act_activity in ('ACC','APP','REM','DEL','LOG','FRR','PRR') group by p1_0.cr_refund_type,p1_0.act_activity,p1_0.cr_cntrl_date,p1_0.cr_cntrl_nbr,p2_0.cr_corp order by p1_0.act_activity,p1_0.cr_refund_type
1776852962747|419|statement|connection 0|url jdbc:p6spy:sqlserver://CFSFPTEST:1433;databaseName=CFSFP;encrypt=true;trustServerCertificate=true;|select p1_0.cr_refund_type,p1_0.act_activity,p1_0.cr_cntrl_date,p1_0.cr_cntrl_nbr,count_big(distinct p1_0.act_activity),sum(p1_0.act_activity_amt),p2_0.cr_corp from p09_activity p1_0 join p09_cash_receipt p2_0 on p1_0.cr_refund_type=p2_0.cr_refund_type and p1_0.cr_cntrl_date=p2_0.cr_cntrl_date and p1_0.cr_cntrl_nbr=p2_0.cr_cntrl_nbr where p2_0.cr_corp=? and p1_0.act_daily_ind=? and p1_0.act_activity in (?,?) group by p1_0.cr_refund_type,p1_0.act_activity,p1_0.cr_cntrl_date,p1_0.cr_cntrl_nbr,p2_0.cr_corp order by p1_0.act_activity,p1_0.cr_refund_type|select p1_0.cr_refund_type,p1_0.act_activity,p1_0.cr_cntrl_date,p1_0.cr_cntrl_nbr,count_big(distinct p1_0.act_activity),sum(p1_0.act_activity_amt),p2_0.cr_corp from p09_activity p1_0 join p09_cash_receipt p2_0 on p1_0.cr_refund_type=p2_0.cr_refund_type and p1_0.cr_cntrl_date=p2_0.cr_cntrl_date and p1_0.cr_cntrl_nbr=p2_0.cr_cntrl_nbr where p2_0.cr_corp='01' and p1_0.act_daily_ind='Y' and p1_0.act_activity in ('FR','PR') group by p1_0.cr_refund_type,p1_0.act_activity,p1_0.cr_cntrl_date,p1_0.cr_cntrl_nbr,p2_0.cr_corp order by p1_0.act_activity,p1_0.cr_refund_type
1776852963164|411|statement|connection 0|url jdbc:p6spy:sqlserver://CFSFPTEST:1433;databaseName=CFSFP;encrypt=true;trustServerCertificate=true;|select p1_0.cr_refund_type,p1_0.act_activity,p1_0.cr_cntrl_date,p1_0.cr_cntrl_nbr,count_big(distinct p1_0.act_activity),sum(p1_0.act_activity_amt),p2_0.cr_corp from p09_activity p1_0 join p09_cash_receipt p2_0 on p1_0.cr_refund_type=p2_0.cr_refund_type and p1_0.cr_cntrl_date=p2_0.cr_cntrl_date and p1_0.cr_cntrl_nbr=p2_0.cr_cntrl_nbr where p2_0.cr_corp=? and p1_0.act_daily_ind=? and p1_0.act_activity in (?,?,?,?,?,?,?,?,?) group by p1_0.cr_refund_type,p1_0.act_activity,p1_0.cr_cntrl_date,p1_0.cr_cntrl_nbr,p2_0.cr_corp order by p1_0.act_activity,p1_0.cr_refund_type|select p1_0.cr_refund_type,p1_0.act_activity,p1_0.cr_cntrl_date,p1_0.cr_cntrl_nbr,count_big(distinct p1_0.act_activity),sum(p1_0.act_activity_amt),p2_0.cr_corp from p09_activity p1_0 join p09_cash_receipt p2_0 on p1_0.cr_refund_type=p2_0.cr_refund_type and p1_0.cr_cntrl_date=p2_0.cr_cntrl_date and p1_0.cr_cntrl_nbr=p2_0.cr_cntrl_nbr where p2_0.cr_corp='01' and p1_0.act_daily_ind='Y' and p1_0.act_activity in ('RAA','RAD','RAR','RCK','OTH','RRE','PEN','CAN','MOD') group by p1_0.cr_refund_type,p1_0.act_activity,p1_0.cr_cntrl_date,p1_0.cr_cntrl_nbr,p2_0.cr_corp order by p1_0.act_activity,p1_0.cr_refund_type
1776852963612|313|statement|connection 0|url jdbc:p6spy:sqlserver://CFSFPTEST:1433;databaseName=CFSFP;encrypt=true;trustServerCertificate=true;|update p09_activity set act_daily_ind=' ' where act_daily_ind='Y' and exists(select 1 from p09_cash_receipt p2_0 where p2_0.cr_corp=? and p2_0.cr_refund_type=p09_activity.cr_refund_type and p2_0.cr_cntrl_date=p09_activity.cr_cntrl_date and p2_0.cr_cntrl_nbr=p09_activity.cr_cntrl_nbr)|update p09_activity set act_daily_ind=' ' where act_daily_ind='Y' and exists(select 1 from p09_cash_receipt p2_0 where p2_0.cr_corp='01' and p2_0.cr_refund_type=p09_activity.cr_refund_type and p2_0.cr_cntrl_date=p09_activity.cr_cntrl_date and p2_0.cr_cntrl_nbr=p09_activity.cr_cntrl_nbr)
1776852963638|5|commit|connection 0|url jdbc:p6spy:sqlserver://CFSFPTEST:1433;databaseName=CFSFP;encrypt=true;trustServerCertificate=true;||
1776852963649|3|commit|connection 0|url jdbc:p6spy:sqlserver://CFSFPTEST:1433;databaseName=CFSFP;encrypt=true;trustServerCertificate=true;||
1776852963665|4|commit|connection 0|url jdbc:p6spy:sqlserver://CFSFPTEST:1433;databaseName=CFSFP;encrypt=true;trustServerCertificate=true;||
1776852963675|4|commit|connection 0|url jdbc:p6spy:sqlserver://CFSFPTEST:1433;databaseName=CFSFP;encrypt=true;trustServerCertificate=true;||
1776852963690|4|commit|connection 0|url jdbc:p6spy:sqlserver://CFSFPTEST:1433;databaseName=CFSFP;encrypt=true;trustServerCertificate=true;||
1777374921809|8|commit|connection 0|url jdbc:p6spy:sqlserver://CFSFPTEST:1433;databaseName=CFSFP;encrypt=true;trustServerCertificate=true;||
1777374921831|3|statement|connection 0|url jdbc:p6spy:sqlserver://CFSFPTEST:1433;databaseName=CFSFP;encrypt=true;trustServerCertificate=true;|select next value for BATCH_JOB_SEQ|select next value for BATCH_JOB_SEQ
1777374921947|4|commit|connection 0|url jdbc:p6spy:sqlserver://CFSFPTEST:1433;databaseName=CFSFP;encrypt=true;trustServerCertificate=true;||
1777374922335|5|commit|connection 0|url jdbc:p6spy:sqlserver://CFSFPTEST:1433;databaseName=CFSFP;encrypt=true;trustServerCertificate=true;||
1777374922381|10|commit|connection 0|url jdbc:p6spy:sqlserver://CFSFPTEST:1433;databaseName=CFSFP;encrypt=true;trustServerCertificate=true;||
1777374922397|4|commit|connection 0|url jdbc:p6spy:sqlserver://CFSFPTEST:1433;databaseName=CFSFP;encrypt=true;trustServerCertificate=true;||
1777374922419|3|commit|connection 0|url jdbc:p6spy:sqlserver://CFSFPTEST:1433;databaseName=CFSFP;encrypt=true;trustServerCertificate=true;||
1777374922461|4|commit|connection 0|url jdbc:p6spy:sqlserver://CFSFPTEST:1433;databaseName=CFSFP;encrypt=true;trustServerCertificate=true;||
1777374922488|6|commit|connection 0|url jdbc:p6spy:sqlserver://CFSFPTEST:1433;databaseName=CFSFP;encrypt=true;trustServerCertificate=true;||
1777374923250|47|statement|connection 0|url jdbc:p6spy:sqlserver://CFSFPTEST:1433;databaseName=CFSFP;encrypt=true;trustServerCertificate=true;|select 1 from p09_activity p1_0|select 1 from p09_activity p1_0
1777374925802|458|statement|connection 0|url jdbc:p6spy:sqlserver://CFSFPTEST:1433;databaseName=CFSFP;encrypt=true;trustServerCertificate=true;|select p1_0.cr_refund_type,p1_0.act_activity,p1_0.cr_cntrl_date,p1_0.cr_cntrl_nbr,count_big(distinct p1_0.act_activity),sum(p1_0.act_activity_amt),p2_0.cr_corp from p09_activity p1_0 join p09_cash_receipt p2_0 on p1_0.cr_refund_type=p2_0.cr_refund_type and p1_0.cr_cntrl_date=p2_0.cr_cntrl_date and p1_0.cr_cntrl_nbr=p2_0.cr_cntrl_nbr where p2_0.cr_corp=? and p1_0.act_daily_ind=? and p1_0.act_activity in (?) group by p1_0.cr_refund_type,p1_0.act_activity,p1_0.cr_cntrl_date,p1_0.cr_cntrl_nbr,p2_0.cr_corp order by p1_0.act_activity,p1_0.cr_refund_type|select p1_0.cr_refund_type,p1_0.act_activity,p1_0.cr_cntrl_date,p1_0.cr_cntrl_nbr,count_big(distinct p1_0.act_activity),sum(p1_0.act_activity_amt),p2_0.cr_corp from p09_activity p1_0 join p09_cash_receipt p2_0 on p1_0.cr_refund_type=p2_0.cr_refund_type and p1_0.cr_cntrl_date=p2_0.cr_cntrl_date and p1_0.cr_cntrl_nbr=p2_0.cr_cntrl_nbr where p2_0.cr_corp='01' and p1_0.act_daily_ind='Y' and p1_0.act_activity in ('EST') group by p1_0.cr_refund_type,p1_0.act_activity,p1_0.cr_cntrl_date,p1_0.cr_cntrl_nbr,p2_0.cr_corp order by p1_0.act_activity,p1_0.cr_refund_type
1777374926237|406|statement|connection 0|url jdbc:p6spy:sqlserver://CFSFPTEST:1433;databaseName=CFSFP;encrypt=true;trustServerCertificate=true;|select p1_0.cr_refund_type,p1_0.act_activity,p1_0.cr_cntrl_date,p1_0.cr_cntrl_nbr,count_big(distinct p1_0.act_activity),sum(p1_0.act_activity_amt),p2_0.cr_corp from p09_activity p1_0 join p09_cash_receipt p2_0 on p1_0.cr_refund_type=p2_0.cr_refund_type and p1_0.cr_cntrl_date=p2_0.cr_cntrl_date and p1_0.cr_cntrl_nbr=p2_0.cr_cntrl_nbr where p2_0.cr_corp=? and p1_0.act_daily_ind=? and p1_0.act_activity in (?,?,?,?,?,?,?) group by p1_0.cr_refund_type,p1_0.act_activity,p1_0.cr_cntrl_date,p1_0.cr_cntrl_nbr,p2_0.cr_corp order by p1_0.act_activity,p1_0.cr_refund_type|select p1_0.cr_refund_type,p1_0.act_activity,p1_0.cr_cntrl_date,p1_0.cr_cntrl_nbr,count_big(distinct p1_0.act_activity),sum(p1_0.act_activity_amt),p2_0.cr_corp from p09_activity p1_0 join p09_cash_receipt p2_0 on p1_0.cr_refund_type=p2_0.cr_refund_type and p1_0.cr_cntrl_date=p2_0.cr_cntrl_date and p1_0.cr_cntrl_nbr=p2_0.cr_cntrl_nbr where p2_0.cr_corp='01' and p1_0.act_daily_ind='Y' and p1_0.act_activity in ('ACC','APP','REM','DEL','LOG','FRR','PRR') group by p1_0.cr_refund_type,p1_0.act_activity,p1_0.cr_cntrl_date,p1_0.cr_cntrl_nbr,p2_0.cr_corp order by p1_0.act_activity,p1_0.cr_refund_type
1777374926663|406|statement|connection 0|url jdbc:p6spy:sqlserver://CFSFPTEST:1433;databaseName=CFSFP;encrypt=true;trustServerCertificate=true;|select p1_0.cr_refund_type,p1_0.act_activity,p1_0.cr_cntrl_date,p1_0.cr_cntrl_nbr,count_big(distinct p1_0.act_activity),sum(p1_0.act_activity_amt),p2_0.cr_corp from p09_activity p1_0 join p09_cash_receipt p2_0 on p1_0.cr_refund_type=p2_0.cr_refund_type and p1_0.cr_cntrl_date=p2_0.cr_cntrl_date and p1_0.cr_cntrl_nbr=p2_0.cr_cntrl_nbr where p2_0.cr_corp=? and p1_0.act_daily_ind=? and p1_0.act_activity in (?,?) group by p1_0.cr_refund_type,p1_0.act_activity,p1_0.cr_cntrl_date,p1_0.cr_cntrl_nbr,p2_0.cr_corp order by p1_0.act_activity,p1_0.cr_refund_type|select p1_0.cr_refund_type,p1_0.act_activity,p1_0.cr_cntrl_date,p1_0.cr_cntrl_nbr,count_big(distinct p1_0.act_activity),sum(p1_0.act_activity_amt),p2_0.cr_corp from p09_activity p1_0 join p09_cash_receipt p2_0 on p1_0.cr_refund_type=p2_0.cr_refund_type and p1_0.cr_cntrl_date=p2_0.cr_cntrl_date and p1_0.cr_cntrl_nbr=p2_0.cr_cntrl_nbr where p2_0.cr_corp='01' and p1_0.act_daily_ind='Y' and p1_0.act_activity in ('FR','PR') group by p1_0.cr_refund_type,p1_0.act_activity,p1_0.cr_cntrl_date,p1_0.cr_cntrl_nbr,p2_0.cr_corp order by p1_0.act_activity,p1_0.cr_refund_type
1777374927075|406|statement|connection 0|url jdbc:p6spy:sqlserver://CFSFPTEST:1433;databaseName=CFSFP;encrypt=true;trustServerCertificate=true;|select p1_0.cr_refund_type,p1_0.act_activity,p1_0.cr_cntrl_date,p1_0.cr_cntrl_nbr,count_big(distinct p1_0.act_activity),sum(p1_0.act_activity_amt),p2_0.cr_corp from p09_activity p1_0 join p09_cash_receipt p2_0 on p1_0.cr_refund_type=p2_0.cr_refund_type and p1_0.cr_cntrl_date=p2_0.cr_cntrl_date and p1_0.cr_cntrl_nbr=p2_0.cr_cntrl_nbr where p2_0.cr_corp=? and p1_0.act_daily_ind=? and p1_0.act_activity in (?,?,?,?,?,?,?,?,?) group by p1_0.cr_refund_type,p1_0.act_activity,p1_0.cr_cntrl_date,p1_0.cr_cntrl_nbr,p2_0.cr_corp order by p1_0.act_activity,p1_0.cr_refund_type|select p1_0.cr_refund_type,p1_0.act_activity,p1_0.cr_cntrl_date,p1_0.cr_cntrl_nbr,count_big(distinct p1_0.act_activity),sum(p1_0.act_activity_amt),p2_0.cr_corp from p09_activity p1_0 join p09_cash_receipt p2_0 on p1_0.cr_refund_type=p2_0.cr_refund_type and p1_0.cr_cntrl_date=p2_0.cr_cntrl_date and p1_0.cr_cntrl_nbr=p2_0.cr_cntrl_nbr where p2_0.cr_corp='01' and p1_0.act_daily_ind='Y' and p1_0.act_activity in ('RAA','RAD','RAR','RCK','OTH','RRE','PEN','CAN','MOD') group by p1_0.cr_refund_type,p1_0.act_activity,p1_0.cr_cntrl_date,p1_0.cr_cntrl_nbr,p2_0.cr_corp order by p1_0.act_activity,p1_0.cr_refund_type
1777374927452|311|statement|connection 0|url jdbc:p6spy:sqlserver://CFSFPTEST:1433;databaseName=CFSFP;encrypt=true;trustServerCertificate=true;|update p09_activity set act_daily_ind=' ' where act_daily_ind='Y' and exists(select 1 from p09_cash_receipt p2_0 where p2_0.cr_corp=? and p2_0.cr_refund_type=p09_activity.cr_refund_type and p2_0.cr_cntrl_date=p09_activity.cr_cntrl_date and p2_0.cr_cntrl_nbr=p09_activity.cr_cntrl_nbr)|update p09_activity set act_daily_ind=' ' where act_daily_ind='Y' and exists(select 1 from p09_cash_receipt p2_0 where p2_0.cr_corp='01' and p2_0.cr_refund_type=p09_activity.cr_refund_type and p2_0.cr_cntrl_date=p09_activity.cr_cntrl_date and p2_0.cr_cntrl_nbr=p09_activity.cr_cntrl_nbr)
1777374927471|4|commit|connection 0|url jdbc:p6spy:sqlserver://CFSFPTEST:1433;databaseName=CFSFP;encrypt=true;trustServerCertificate=true;||
1777374927481|3|commit|connection 0|url jdbc:p6spy:sqlserver://CFSFPTEST:1433;databaseName=CFSFP;encrypt=true;trustServerCertificate=true;||
1777374927501|4|commit|connection 0|url jdbc:p6spy:sqlserver://CFSFPTEST:1433;databaseName=CFSFP;encrypt=true;trustServerCertificate=true;||
1777374927513|4|commit|connection 0|url jdbc:p6spy:sqlserver://CFSFPTEST:1433;databaseName=CFSFP;encrypt=true;trustServerCertificate=true;||
1777374927532|10|commit|connection 0|url jdbc:p6spy:sqlserver://CFSFPTEST:1433;databaseName=CFSFP;encrypt=true;trustServerCertificate=true;||
1777375616098|5|commit|connection 0|url jdbc:p6spy:sqlserver://CFSFPTEST:1433;databaseName=CFSFP;encrypt=true;trustServerCertificate=true;||
1777375616119|5|statement|connection 0|url jdbc:p6spy:sqlserver://CFSFPTEST:1433;databaseName=CFSFP;encrypt=true;trustServerCertificate=true;|select next value for BATCH_JOB_SEQ|select next value for BATCH_JOB_SEQ
1777375616192|4|commit|connection 0|url jdbc:p6spy:sqlserver://CFSFPTEST:1433;databaseName=CFSFP;encrypt=true;trustServerCertificate=true;||
1777375616349|4|commit|connection 0|url jdbc:p6spy:sqlserver://CFSFPTEST:1433;databaseName=CFSFP;encrypt=true;trustServerCertificate=true;||
1777375616366|5|commit|connection 0|url jdbc:p6spy:sqlserver://CFSFPTEST:1433;databaseName=CFSFP;encrypt=true;trustServerCertificate=true;||
1777375616376|0|commit|connection 0|url jdbc:p6spy:sqlserver://CFSFPTEST:1433;databaseName=CFSFP;encrypt=true;trustServerCertificate=true;||
1777375616390|4|commit|connection 0|url jdbc:p6spy:sqlserver://CFSFPTEST:1433;databaseName=CFSFP;encrypt=true;trustServerCertificate=true;||
1777375616419|4|commit|connection 0|url jdbc:p6spy:sqlserver://CFSFPTEST:1433;databaseName=CFSFP;encrypt=true;trustServerCertificate=true;||
1777375616441|4|commit|connection 0|url jdbc:p6spy:sqlserver://CFSFPTEST:1433;databaseName=CFSFP;encrypt=true;trustServerCertificate=true;||
1777375617045|4|statement|connection 0|url jdbc:p6spy:sqlserver://CFSFPTEST:1433;databaseName=CFSFP;encrypt=true;trustServerCertificate=true;|select 1 from p09_activity p1_0|select 1 from p09_activity p1_0
1777375619399|391|statement|connection 0|url jdbc:p6spy:sqlserver://CFSFPTEST:1433;databaseName=CFSFP;encrypt=true;trustServerCertificate=true;|select p1_0.cr_refund_type,p1_0.act_activity,p1_0.cr_cntrl_date,p1_0.cr_cntrl_nbr,count_big(distinct p1_0.act_activity),sum(p1_0.act_activity_amt),p2_0.cr_corp from p09_activity p1_0 join p09_cash_receipt p2_0 on p1_0.cr_refund_type=p2_0.cr_refund_type and p1_0.cr_cntrl_date=p2_0.cr_cntrl_date and p1_0.cr_cntrl_nbr=p2_0.cr_cntrl_nbr where p2_0.cr_corp=? and p1_0.act_daily_ind=? and p1_0.act_activity in (?) group by p1_0.cr_refund_type,p1_0.act_activity,p1_0.cr_cntrl_date,p1_0.cr_cntrl_nbr,p2_0.cr_corp order by p1_0.act_activity,p1_0.cr_refund_type|select p1_0.cr_refund_type,p1_0.act_activity,p1_0.cr_cntrl_date,p1_0.cr_cntrl_nbr,count_big(distinct p1_0.act_activity),sum(p1_0.act_activity_amt),p2_0.cr_corp from p09_activity p1_0 join p09_cash_receipt p2_0 on p1_0.cr_refund_type=p2_0.cr_refund_type and p1_0.cr_cntrl_date=p2_0.cr_cntrl_date and p1_0.cr_cntrl_nbr=p2_0.cr_cntrl_nbr where p2_0.cr_corp='01' and p1_0.act_daily_ind='Y' and p1_0.act_activity in ('EST') group by p1_0.cr_refund_type,p1_0.act_activity,p1_0.cr_cntrl_date,p1_0.cr_cntrl_nbr,p2_0.cr_corp order by p1_0.act_activity,p1_0.cr_refund_type
1777375619832|391|statement|connection 0|url jdbc:p6spy:sqlserver://CFSFPTEST:1433;databaseName=CFSFP;encrypt=true;trustServerCertificate=true;|select p1_0.cr_refund_type,p1_0.act_activity,p1_0.cr_cntrl_date,p1_0.cr_cntrl_nbr,count_big(distinct p1_0.act_activity),sum(p1_0.act_activity_amt),p2_0.cr_corp from p09_activity p1_0 join p09_cash_receipt p2_0 on p1_0.cr_refund_type=p2_0.cr_refund_type and p1_0.cr_cntrl_date=p2_0.cr_cntrl_date and p1_0.cr_cntrl_nbr=p2_0.cr_cntrl_nbr where p2_0.cr_corp=? and p1_0.act_daily_ind=? and p1_0.act_activity in (?,?,?,?,?,?,?) group by p1_0.cr_refund_type,p1_0.act_activity,p1_0.cr_cntrl_date,p1_0.cr_cntrl_nbr,p2_0.cr_corp order by p1_0.act_activity,p1_0.cr_refund_type|select p1_0.cr_refund_type,p1_0.act_activity,p1_0.cr_cntrl_date,p1_0.cr_cntrl_nbr,count_big(distinct p1_0.act_activity),sum(p1_0.act_activity_amt),p2_0.cr_corp from p09_activity p1_0 join p09_cash_receipt p2_0 on p1_0.cr_refund_type=p2_0.cr_refund_type and p1_0.cr_cntrl_date=p2_0.cr_cntrl_date and p1_0.cr_cntrl_nbr=p2_0.cr_cntrl_nbr where p2_0.cr_corp='01' and p1_0.act_daily_ind='Y' and p1_0.act_activity in ('ACC','APP','REM','DEL','LOG','FRR','PRR') group by p1_0.cr_refund_type,p1_0.act_activity,p1_0.cr_cntrl_date,p1_0.cr_cntrl_nbr,p2_0.cr_corp order by p1_0.act_activity,p1_0.cr_refund_type
1777375620239|392|statement|connection 0|url jdbc:p6spy:sqlserver://CFSFPTEST:1433;databaseName=CFSFP;encrypt=true;trustServerCertificate=true;|select p1_0.cr_refund_type,p1_0.act_activity,p1_0.cr_cntrl_date,p1_0.cr_cntrl_nbr,count_big(distinct p1_0.act_activity),sum(p1_0.act_activity_amt),p2_0.cr_corp from p09_activity p1_0 join p09_cash_receipt p2_0 on p1_0.cr_refund_type=p2_0.cr_refund_type and p1_0.cr_cntrl_date=p2_0.cr_cntrl_date and p1_0.cr_cntrl_nbr=p2_0.cr_cntrl_nbr where p2_0.cr_corp=? and p1_0.act_daily_ind=? and p1_0.act_activity in (?,?) group by p1_0.cr_refund_type,p1_0.act_activity,p1_0.cr_cntrl_date,p1_0.cr_cntrl_nbr,p2_0.cr_corp order by p1_0.act_activity,p1_0.cr_refund_type|select p1_0.cr_refund_type,p1_0.act_activity,p1_0.cr_cntrl_date,p1_0.cr_cntrl_nbr,count_big(distinct p1_0.act_activity),sum(p1_0.act_activity_amt),p2_0.cr_corp from p09_activity p1_0 join p09_cash_receipt p2_0 on p1_0.cr_refund_type=p2_0.cr_refund_type and p1_0.cr_cntrl_date=p2_0.cr_cntrl_date and p1_0.cr_cntrl_nbr=p2_0.cr_cntrl_nbr where p2_0.cr_corp='01' and p1_0.act_daily_ind='Y' and p1_0.act_activity in ('FR','PR') group by p1_0.cr_refund_type,p1_0.act_activity,p1_0.cr_cntrl_date,p1_0.cr_cntrl_nbr,p2_0.cr_corp order by p1_0.act_activity,p1_0.cr_refund_type
1777375620639|393|statement|connection 0|url jdbc:p6spy:sqlserver://CFSFPTEST:1433;databaseName=CFSFP;encrypt=true;trustServerCertificate=true;|select p1_0.cr_refund_type,p1_0.act_activity,p1_0.cr_cntrl_date,p1_0.cr_cntrl_nbr,count_big(distinct p1_0.act_activity),sum(p1_0.act_activity_amt),p2_0.cr_corp from p09_activity p1_0 join p09_cash_receipt p2_0 on p1_0.cr_refund_type=p2_0.cr_refund_type and p1_0.cr_cntrl_date=p2_0.cr_cntrl_date and p1_0.cr_cntrl_nbr=p2_0.cr_cntrl_nbr where p2_0.cr_corp=? and p1_0.act_daily_ind=? and p1_0.act_activity in (?,?,?,?,?,?,?,?,?) group by p1_0.cr_refund_type,p1_0.act_activity,p1_0.cr_cntrl_date,p1_0.cr_cntrl_nbr,p2_0.cr_corp order by p1_0.act_activity,p1_0.cr_refund_type|select p1_0.cr_refund_type,p1_0.act_activity,p1_0.cr_cntrl_date,p1_0.cr_cntrl_nbr,count_big(distinct p1_0.act_activity),sum(p1_0.act_activity_amt),p2_0.cr_corp from p09_activity p1_0 join p09_cash_receipt p2_0 on p1_0.cr_refund_type=p2_0.cr_refund_type and p1_0.cr_cntrl_date=p2_0.cr_cntrl_date and p1_0.cr_cntrl_nbr=p2_0.cr_cntrl_nbr where p2_0.cr_corp='01' and p1_0.act_daily_ind='Y' and p1_0.act_activity in ('RAA','RAD','RAR','RCK','OTH','RRE','PEN','CAN','MOD') group by p1_0.cr_refund_type,p1_0.act_activity,p1_0.cr_cntrl_date,p1_0.cr_cntrl_nbr,p2_0.cr_corp order by p1_0.act_activity,p1_0.cr_refund_type
1777375621008|306|statement|connection 0|url jdbc:p6spy:sqlserver://CFSFPTEST:1433;databaseName=CFSFP;encrypt=true;trustServerCertificate=true;|update p09_activity set act_daily_ind=' ' where act_daily_ind='Y' and exists(select 1 from p09_cash_receipt p2_0 where p2_0.cr_corp=? and p2_0.cr_refund_type=p09_activity.cr_refund_type and p2_0.cr_cntrl_date=p09_activity.cr_cntrl_date and p2_0.cr_cntrl_nbr=p09_activity.cr_cntrl_nbr)|update p09_activity set act_daily_ind=' ' where act_daily_ind='Y' and exists(select 1 from p09_cash_receipt p2_0 where p2_0.cr_corp='01' and p2_0.cr_refund_type=p09_activity.cr_refund_type and p2_0.cr_cntrl_date=p09_activity.cr_cntrl_date and p2_0.cr_cntrl_nbr=p09_activity.cr_cntrl_nbr)
1777375621056|7|commit|connection 0|url jdbc:p6spy:sqlserver://CFSFPTEST:1433;databaseName=CFSFP;encrypt=true;trustServerCertificate=true;||
1777375621085|5|commit|connection 0|url jdbc:p6spy:sqlserver://CFSFPTEST:1433;databaseName=CFSFP;encrypt=true;trustServerCertificate=true;||
1777375621101|3|commit|connection 0|url jdbc:p6spy:sqlserver://CFSFPTEST:1433;databaseName=CFSFP;encrypt=true;trustServerCertificate=true;||
1777375621114|4|commit|connection 0|url jdbc:p6spy:sqlserver://CFSFPTEST:1433;databaseName=CFSFP;encrypt=true;trustServerCertificate=true;||
1777375621129|7|commit|connection 0|url jdbc:p6spy:sqlserver://CFSFPTEST:1433;databaseName=CFSFP;encrypt=true;trustServerCertificate=true;||
1777380945696|7|commit|connection 0|url jdbc:p6spy:sqlserver://CFSFPTEST:1433;databaseName=CFSFP;encrypt=true;trustServerCertificate=true;||
1777380945768|8|statement|connection 0|url jdbc:p6spy:sqlserver://CFSFPTEST:1433;databaseName=CFSFP;encrypt=true;trustServerCertificate=true;|select next value for BATCH_JOB_SEQ|select next value for BATCH_JOB_SEQ
1777380945938|11|commit|connection 0|url jdbc:p6spy:sqlserver://CFSFPTEST:1433;databaseName=CFSFP;encrypt=true;trustServerCertificate=true;||
1777380946124|4|commit|connection 0|url jdbc:p6spy:sqlserver://CFSFPTEST:1433;databaseName=CFSFP;encrypt=true;trustServerCertificate=true;||
1777380946141|0|commit|connection 0|url jdbc:p6spy:sqlserver://CFSFPTEST:1433;databaseName=CFSFP;encrypt=true;trustServerCertificate=true;||
1777380946154|1|commit|connection 0|url jdbc:p6spy:sqlserver://CFSFPTEST:1433;databaseName=CFSFP;encrypt=true;trustServerCertificate=true;||
1777380946173|5|commit|connection 0|url jdbc:p6spy:sqlserver://CFSFPTEST:1433;databaseName=CFSFP;encrypt=true;trustServerCertificate=true;||
1777380946207|4|commit|connection 0|url jdbc:p6spy:sqlserver://CFSFPTEST:1433;databaseName=CFSFP;encrypt=true;trustServerCertificate=true;||
1777380946231|4|commit|connection 0|url jdbc:p6spy:sqlserver://CFSFPTEST:1433;databaseName=CFSFP;encrypt=true;trustServerCertificate=true;||
1777380946802|4|statement|connection 0|url jdbc:p6spy:sqlserver://CFSFPTEST:1433;databaseName=CFSFP;encrypt=true;trustServerCertificate=true;|select 1 from p09_activity p1_0|select 1 from p09_activity p1_0
1777380949575|394|statement|connection 0|url jdbc:p6spy:sqlserver://CFSFPTEST:1433;databaseName=CFSFP;encrypt=true;trustServerCertificate=true;|select p1_0.cr_refund_type,p1_0.act_activity,p1_0.cr_cntrl_date,p1_0.cr_cntrl_nbr,count_big(distinct p1_0.act_activity),sum(p1_0.act_activity_amt),p2_0.cr_corp from p09_activity p1_0 join p09_cash_receipt p2_0 on p1_0.cr_refund_type=p2_0.cr_refund_type and p1_0.cr_cntrl_date=p2_0.cr_cntrl_date and p1_0.cr_cntrl_nbr=p2_0.cr_cntrl_nbr where p2_0.cr_corp=? and p1_0.act_daily_ind=? and p1_0.act_activity in (?) group by p1_0.cr_refund_type,p1_0.act_activity,p1_0.cr_cntrl_date,p1_0.cr_cntrl_nbr,p2_0.cr_corp order by p1_0.act_activity,p1_0.cr_refund_type|select p1_0.cr_refund_type,p1_0.act_activity,p1_0.cr_cntrl_date,p1_0.cr_cntrl_nbr,count_big(distinct p1_0.act_activity),sum(p1_0.act_activity_amt),p2_0.cr_corp from p09_activity p1_0 join p09_cash_receipt p2_0 on p1_0.cr_refund_type=p2_0.cr_refund_type and p1_0.cr_cntrl_date=p2_0.cr_cntrl_date and p1_0.cr_cntrl_nbr=p2_0.cr_cntrl_nbr where p2_0.cr_corp='01' and p1_0.act_daily_ind='Y' and p1_0.act_activity in ('EST') group by p1_0.cr_refund_type,p1_0.act_activity,p1_0.cr_cntrl_date,p1_0.cr_cntrl_nbr,p2_0.cr_corp order by p1_0.act_activity,p1_0.cr_refund_type
1777380950025|419|statement|connection 0|url jdbc:p6spy:sqlserver://CFSFPTEST:1433;databaseName=CFSFP;encrypt=true;trustServerCertificate=true;|select p1_0.cr_refund_type,p1_0.act_activity,p1_0.cr_cntrl_date,p1_0.cr_cntrl_nbr,count_big(distinct p1_0.act_activity),sum(p1_0.act_activity_amt),p2_0.cr_corp from p09_activity p1_0 join p09_cash_receipt p2_0 on p1_0.cr_refund_type=p2_0.cr_refund_type and p1_0.cr_cntrl_date=p2_0.cr_cntrl_date and p1_0.cr_cntrl_nbr=p2_0.cr_cntrl_nbr where p2_0.cr_corp=? and p1_0.act_daily_ind=? and p1_0.act_activity in (?,?,?,?,?,?,?) group by p1_0.cr_refund_type,p1_0.act_activity,p1_0.cr_cntrl_date,p1_0.cr_cntrl_nbr,p2_0.cr_corp order by p1_0.act_activity,p1_0.cr_refund_type|select p1_0.cr_refund_type,p1_0.act_activity,p1_0.cr_cntrl_date,p1_0.cr_cntrl_nbr,count_big(distinct p1_0.act_activity),sum(p1_0.act_activity_amt),p2_0.cr_corp from p09_activity p1_0 join p09_cash_receipt p2_0 on p1_0.cr_refund_type=p2_0.cr_refund_type and p1_0.cr_cntrl_date=p2_0.cr_cntrl_date and p1_0.cr_cntrl_nbr=p2_0.cr_cntrl_nbr where p2_0.cr_corp='01' and p1_0.act_daily_ind='Y' and p1_0.act_activity in ('ACC','APP','REM','DEL','LOG','FRR','PRR') group by p1_0.cr_refund_type,p1_0.act_activity,p1_0.cr_cntrl_date,p1_0.cr_cntrl_nbr,p2_0.cr_corp order by p1_0.act_activity,p1_0.cr_refund_type
1777380950465|398|statement|connection 0|url jdbc:p6spy:sqlserver://CFSFPTEST:1433;databaseName=CFSFP;encrypt=true;trustServerCertificate=true;|select p1_0.cr_refund_type,p1_0.act_activity,p1_0.cr_cntrl_date,p1_0.cr_cntrl_nbr,count_big(distinct p1_0.act_activity),sum(p1_0.act_activity_amt),p2_0.cr_corp from p09_activity p1_0 join p09_cash_receipt p2_0 on p1_0.cr_refund_type=p2_0.cr_refund_type and p1_0.cr_cntrl_date=p2_0.cr_cntrl_date and p1_0.cr_cntrl_nbr=p2_0.cr_cntrl_nbr where p2_0.cr_corp=? and p1_0.act_daily_ind=? and p1_0.act_activity in (?,?) group by p1_0.cr_refund_type,p1_0.act_activity,p1_0.cr_cntrl_date,p1_0.cr_cntrl_nbr,p2_0.cr_corp order by p1_0.act_activity,p1_0.cr_refund_type|select p1_0.cr_refund_type,p1_0.act_activity,p1_0.cr_cntrl_date,p1_0.cr_cntrl_nbr,count_big(distinct p1_0.act_activity),sum(p1_0.act_activity_amt),p2_0.cr_corp from p09_activity p1_0 join p09_cash_receipt p2_0 on p1_0.cr_refund_type=p2_0.cr_refund_type and p1_0.cr_cntrl_date=p2_0.cr_cntrl_date and p1_0.cr_cntrl_nbr=p2_0.cr_cntrl_nbr where p2_0.cr_corp='01' and p1_0.act_daily_ind='Y' and p1_0.act_activity in ('FR','PR') group by p1_0.cr_refund_type,p1_0.act_activity,p1_0.cr_cntrl_date,p1_0.cr_cntrl_nbr,p2_0.cr_corp order by p1_0.act_activity,p1_0.cr_refund_type
1777380950870|397|statement|connection 0|url jdbc:p6spy:sqlserver://CFSFPTEST:1433;databaseName=CFSFP;encrypt=true;trustServerCertificate=true;|select p1_0.cr_refund_type,p1_0.act_activity,p1_0.cr_cntrl_date,p1_0.cr_cntrl_nbr,count_big(distinct p1_0.act_activity),sum(p1_0.act_activity_amt),p2_0.cr_corp from p09_activity p1_0 join p09_cash_receipt p2_0 on p1_0.cr_refund_type=p2_0.cr_refund_type and p1_0.cr_cntrl_date=p2_0.cr_cntrl_date and p1_0.cr_cntrl_nbr=p2_0.cr_cntrl_nbr where p2_0.cr_corp=? and p1_0.act_daily_ind=? and p1_0.act_activity in (?,?,?,?,?,?,?,?,?) group by p1_0.cr_refund_type,p1_0.act_activity,p1_0.cr_cntrl_date,p1_0.cr_cntrl_nbr,p2_0.cr_corp order by p1_0.act_activity,p1_0.cr_refund_type|select p1_0.cr_refund_type,p1_0.act_activity,p1_0.cr_cntrl_date,p1_0.cr_cntrl_nbr,count_big(distinct p1_0.act_activity),sum(p1_0.act_activity_amt),p2_0.cr_corp from p09_activity p1_0 join p09_cash_receipt p2_0 on p1_0.cr_refund_type=p2_0.cr_refund_type and p1_0.cr_cntrl_date=p2_0.cr_cntrl_date and p1_0.cr_cntrl_nbr=p2_0.cr_cntrl_nbr where p2_0.cr_corp='01' and p1_0.act_daily_ind='Y' and p1_0.act_activity in ('RAA','RAD','RAR','RCK','OTH','RRE','PEN','CAN','MOD') group by p1_0.cr_refund_type,p1_0.act_activity,p1_0.cr_cntrl_date,p1_0.cr_cntrl_nbr,p2_0.cr_corp order by p1_0.act_activity,p1_0.cr_refund_type
1777380951271|305|statement|connection 0|url jdbc:p6spy:sqlserver://CFSFPTEST:1433;databaseName=CFSFP;encrypt=true;trustServerCertificate=true;|update p09_activity set act_daily_ind=' ' where act_daily_ind='Y' and exists(select 1 from p09_cash_receipt p2_0 where p2_0.cr_corp=? and p2_0.cr_refund_type=p09_activity.cr_refund_type and p2_0.cr_cntrl_date=p09_activity.cr_cntrl_date and p2_0.cr_cntrl_nbr=p09_activity.cr_cntrl_nbr)|update p09_activity set act_daily_ind=' ' where act_daily_ind='Y' and exists(select 1 from p09_cash_receipt p2_0 where p2_0.cr_corp='01' and p2_0.cr_refund_type=p09_activity.cr_refund_type and p2_0.cr_cntrl_date=p09_activity.cr_cntrl_date and p2_0.cr_cntrl_nbr=p09_activity.cr_cntrl_nbr)
1777380951289|4|commit|connection 0|url jdbc:p6spy:sqlserver://CFSFPTEST:1433;databaseName=CFSFP;encrypt=true;trustServerCertificate=true;||
1777380951309|4|commit|connection 0|url jdbc:p6spy:sqlserver://CFSFPTEST:1433;databaseName=CFSFP;encrypt=true;trustServerCertificate=true;||
1777380951320|3|commit|connection 0|url jdbc:p6spy:sqlserver://CFSFPTEST:1433;databaseName=CFSFP;encrypt=true;trustServerCertificate=true;||
1777380951331|4|commit|connection 0|url jdbc:p6spy:sqlserver://CFSFPTEST:1433;databaseName=CFSFP;encrypt=true;trustServerCertificate=true;||
1777380951353|4|commit|connection 0|url jdbc:p6spy:sqlserver://CFSFPTEST:1433;databaseName=CFSFP;encrypt=true;trustServerCertificate=true;||
1778643599450|1|commit|connection 0|url jdbc:p6spy:sqlserver://CFSFPTEST:1433;databaseName=CFSFP;encrypt=true;trustServerCertificate=true;||
1778643599469|2|statement|connection 0|url jdbc:p6spy:sqlserver://CFSFPTEST:1433;databaseName=CFSFP;encrypt=true;trustServerCertificate=true;|select next value for BATCH_JOB_SEQ|select next value for BATCH_JOB_SEQ
1778643599543|5|commit|connection 0|url jdbc:p6spy:sqlserver://CFSFPTEST:1433;databaseName=CFSFP;encrypt=true;trustServerCertificate=true;||
1778643599674|4|commit|connection 0|url jdbc:p6spy:sqlserver://CFSFPTEST:1433;databaseName=CFSFP;encrypt=true;trustServerCertificate=true;||
1778643599697|0|commit|connection 0|url jdbc:p6spy:sqlserver://CFSFPTEST:1433;databaseName=CFSFP;encrypt=true;trustServerCertificate=true;||
1778643599707|0|commit|connection 0|url jdbc:p6spy:sqlserver://CFSFPTEST:1433;databaseName=CFSFP;encrypt=true;trustServerCertificate=true;||
1778643599726|5|commit|connection 0|url jdbc:p6spy:sqlserver://CFSFPTEST:1433;databaseName=CFSFP;encrypt=true;trustServerCertificate=true;||
1778643599749|5|commit|connection 0|url jdbc:p6spy:sqlserver://CFSFPTEST:1433;databaseName=CFSFP;encrypt=true;trustServerCertificate=true;||
1778643599767|4|commit|connection 0|url jdbc:p6spy:sqlserver://CFSFPTEST:1433;databaseName=CFSFP;encrypt=true;trustServerCertificate=true;||
1778643600604|340|statement|connection 0|url jdbc:p6spy:sqlserver://CFSFPTEST:1433;databaseName=CFSFP;encrypt=true;trustServerCertificate=true;|select p1_0.cr_location_clerk,p1_0.cr_location_nbr,p1_0.cr_cntrl_date,p1_0.cr_cntrl_nbr,p1_0.cr_refund_type,p1_0.cr_cntrld_amt,p1_0.cr_patient_lname,p1_0.cr_patient_fname,p1_0.cr_mbr_id_nbr,p1_0.cr_remittor_name,p1_0.cr_reason_code,p1_0.cr_receipt_type,p1_0.cr_check_nbr,p1_0.cr_status_text,p1_0.cr_received_date,p1_0.cr_location_date from p09_cash_receipt p1_0 where (p1_0.cr_location_nbr+p1_0.cr_location_clerk+format(p1_0.cr_received_date,'yyyy-MM-dd')+p1_0.cr_refund_type+p1_0.cr_cntrl_nbr+format(p1_0.cr_cntrl_date,'yyyy-MM-dd'))>? and p1_0.cr_status_text in ('OPEN','PENDED') order by p1_0.cr_location_nbr,p1_0.cr_location_clerk,p1_0.cr_received_date,p1_0.cr_refund_type,p1_0.cr_cntrl_nbr,p1_0.cr_cntrl_date|select p1_0.cr_location_clerk,p1_0.cr_location_nbr,p1_0.cr_cntrl_date,p1_0.cr_cntrl_nbr,p1_0.cr_refund_type,p1_0.cr_cntrld_amt,p1_0.cr_patient_lname,p1_0.cr_patient_fname,p1_0.cr_mbr_id_nbr,p1_0.cr_remittor_name,p1_0.cr_reason_code,p1_0.cr_receipt_type,p1_0.cr_check_nbr,p1_0.cr_status_text,p1_0.cr_received_date,p1_0.cr_location_date from p09_cash_receipt p1_0 where (p1_0.cr_location_nbr+p1_0.cr_location_clerk+format(p1_0.cr_received_date,'yyyy-MM-dd')+p1_0.cr_refund_type+p1_0.cr_cntrl_nbr+format(p1_0.cr_cntrl_date,'yyyy-MM-dd'))>'' and p1_0.cr_status_text in ('OPEN','PENDED') order by p1_0.cr_location_nbr,p1_0.cr_location_clerk,p1_0.cr_received_date,p1_0.cr_refund_type,p1_0.cr_cntrl_nbr,p1_0.cr_cntrl_date
1778643600994|4|statement|connection 0|url jdbc:p6spy:sqlserver://CFSFPTEST:1433;databaseName=CFSFP;encrypt=true;trustServerCertificate=true;|select p1_0.sum_location_id,p1_0.sum_clerk_id,p1_0.sum_beginning_cnt,p1_0.sum_beginning_amt,p1_0.sum_additions_cnt,p1_0.sum_additions_amt,p1_0.sum_deletions_cnt,p1_0.sum_deletions_amt,p1_0.sum_ending_cnt,p1_0.sum_ending_amt from p09_summary p1_0 where p1_0.sum_location_id=? and p1_0.sum_clerk_id=?|select p1_0.sum_location_id,p1_0.sum_clerk_id,p1_0.sum_beginning_cnt,p1_0.sum_beginning_amt,p1_0.sum_additions_cnt,p1_0.sum_additions_amt,p1_0.sum_deletions_cnt,p1_0.sum_deletions_amt,p1_0.sum_ending_cnt,p1_0.sum_ending_amt from p09_summary p1_0 where p1_0.sum_location_id=' ' and p1_0.sum_clerk_id=' '
1778643601014|3|statement|connection 0|url jdbc:p6spy:sqlserver://CFSFPTEST:1433;databaseName=CFSFP;encrypt=true;trustServerCertificate=true;|select p1_0.sum_location_id,p1_0.sum_clerk_id,p1_0.sum_beginning_cnt,p1_0.sum_beginning_amt,p1_0.sum_additions_cnt,p1_0.sum_additions_amt,p1_0.sum_deletions_cnt,p1_0.sum_deletions_amt,p1_0.sum_ending_cnt,p1_0.sum_ending_amt from p09_summary p1_0 where p1_0.sum_location_id=? and p1_0.sum_clerk_id=?|select p1_0.sum_location_id,p1_0.sum_clerk_id,p1_0.sum_beginning_cnt,p1_0.sum_beginning_amt,p1_0.sum_additions_cnt,p1_0.sum_additions_amt,p1_0.sum_deletions_cnt,p1_0.sum_deletions_amt,p1_0.sum_ending_cnt,p1_0.sum_ending_amt from p09_summary p1_0 where p1_0.sum_location_id='130' and p1_0.sum_clerk_id='0000'
1778643601023|1|statement|connection 0|url jdbc:p6spy:sqlserver://CFSFPTEST:1433;databaseName=CFSFP;encrypt=true;trustServerCertificate=true;|select p1_0.sum_location_id,p1_0.sum_clerk_id,p1_0.sum_beginning_cnt,p1_0.sum_beginning_amt,p1_0.sum_additions_cnt,p1_0.sum_additions_amt,p1_0.sum_deletions_cnt,p1_0.sum_deletions_amt,p1_0.sum_ending_cnt,p1_0.sum_ending_amt from p09_summary p1_0 where p1_0.sum_location_id=? and p1_0.sum_clerk_id=?|select p1_0.sum_location_id,p1_0.sum_clerk_id,p1_0.sum_beginning_cnt,p1_0.sum_beginning_amt,p1_0.sum_additions_cnt,p1_0.sum_additions_amt,p1_0.sum_deletions_cnt,p1_0.sum_deletions_amt,p1_0.sum_ending_cnt,p1_0.sum_ending_amt from p09_summary p1_0 where p1_0.sum_location_id='130' and p1_0.sum_clerk_id='0001'
1778643601054|9|statement|connection 0|url jdbc:p6spy:sqlserver://CFSFPTEST:1433;databaseName=CFSFP;encrypt=true;trustServerCertificate=true;|select p1_0.sum_location_id,p1_0.sum_clerk_id,p1_0.sum_beginning_cnt,p1_0.sum_beginning_amt,p1_0.sum_additions_cnt,p1_0.sum_additions_amt,p1_0.sum_deletions_cnt,p1_0.sum_deletions_amt,p1_0.sum_ending_cnt,p1_0.sum_ending_amt from p09_summary p1_0 where p1_0.sum_location_id=? and p1_0.sum_clerk_id=?|select p1_0.sum_location_id,p1_0.sum_clerk_id,p1_0.sum_beginning_cnt,p1_0.sum_beginning_amt,p1_0.sum_additions_cnt,p1_0.sum_additions_amt,p1_0.sum_deletions_cnt,p1_0.sum_deletions_amt,p1_0.sum_ending_cnt,p1_0.sum_ending_amt from p09_summary p1_0 where p1_0.sum_location_id='135' and p1_0.sum_clerk_id='0000'
1778643601064|3|statement|connection 0|url jdbc:p6spy:sqlserver://CFSFPTEST:1433;databaseName=CFSFP;encrypt=true;trustServerCertificate=true;|select p1_0.sum_location_id,p1_0.sum_clerk_id,p1_0.sum_beginning_cnt,p1_0.sum_beginning_amt,p1_0.sum_additions_cnt,p1_0.sum_additions_amt,p1_0.sum_deletions_cnt,p1_0.sum_deletions_amt,p1_0.sum_ending_cnt,p1_0.sum_ending_amt from p09_summary p1_0 where p1_0.sum_location_id=? and p1_0.sum_clerk_id=?|select p1_0.sum_location_id,p1_0.sum_clerk_id,p1_0.sum_beginning_cnt,p1_0.sum_beginning_amt,p1_0.sum_additions_cnt,p1_0.sum_additions_amt,p1_0.sum_deletions_cnt,p1_0.sum_deletions_amt,p1_0.sum_ending_cnt,p1_0.sum_ending_amt from p09_summary p1_0 where p1_0.sum_location_id='135' and p1_0.sum_clerk_id='0001'
1778643601233|4|statement|connection 0|url jdbc:p6spy:sqlserver://CFSFPTEST:1433;databaseName=CFSFP;encrypt=true;trustServerCertificate=true;|select p1_0.sum_location_id,p1_0.sum_clerk_id,p1_0.sum_beginning_cnt,p1_0.sum_beginning_amt,p1_0.sum_additions_cnt,p1_0.sum_additions_amt,p1_0.sum_deletions_cnt,p1_0.sum_deletions_amt,p1_0.sum_ending_cnt,p1_0.sum_ending_amt from p09_summary p1_0 where p1_0.sum_location_id=? and p1_0.sum_clerk_id=?|select p1_0.sum_location_id,p1_0.sum_clerk_id,p1_0.sum_beginning_cnt,p1_0.sum_beginning_amt,p1_0.sum_additions_cnt,p1_0.sum_additions_amt,p1_0.sum_deletions_cnt,p1_0.sum_deletions_amt,p1_0.sum_ending_cnt,p1_0.sum_ending_amt from p09_summary p1_0 where p1_0.sum_location_id='135' and p1_0.sum_clerk_id='3488'
1778643601247|3|statement|connection 0|url jdbc:p6spy:sqlserver://CFSFPTEST:1433;databaseName=CFSFP;encrypt=true;trustServerCertificate=true;|select p1_0.sum_location_id,p1_0.sum_clerk_id,p1_0.sum_beginning_cnt,p1_0.sum_beginning_amt,p1_0.sum_additions_cnt,p1_0.sum_additions_amt,p1_0.sum_deletions_cnt,p1_0.sum_deletions_amt,p1_0.sum_ending_cnt,p1_0.sum_ending_amt from p09_summary p1_0 where p1_0.sum_location_id=? and p1_0.sum_clerk_id=?|select p1_0.sum_location_id,p1_0.sum_clerk_id,p1_0.sum_beginning_cnt,p1_0.sum_beginning_amt,p1_0.sum_additions_cnt,p1_0.sum_additions_amt,p1_0.sum_deletions_cnt,p1_0.sum_deletions_amt,p1_0.sum_ending_cnt,p1_0.sum_ending_amt from p09_summary p1_0 where p1_0.sum_location_id='136' and p1_0.sum_clerk_id='0001'
1778643601326|2|statement|connection 0|url jdbc:p6spy:sqlserver://CFSFPTEST:1433;databaseName=CFSFP;encrypt=true;trustServerCertificate=true;|select p1_0.sum_location_id,p1_0.sum_clerk_id,p1_0.sum_beginning_cnt,p1_0.sum_beginning_amt,p1_0.sum_additions_cnt,p1_0.sum_additions_amt,p1_0.sum_deletions_cnt,p1_0.sum_deletions_amt,p1_0.sum_ending_cnt,p1_0.sum_ending_amt from p09_summary p1_0 where p1_0.sum_location_id=? and p1_0.sum_clerk_id=?|select p1_0.sum_location_id,p1_0.sum_clerk_id,p1_0.sum_beginning_cnt,p1_0.sum_beginning_amt,p1_0.sum_additions_cnt,p1_0.sum_additions_amt,p1_0.sum_deletions_cnt,p1_0.sum_deletions_amt,p1_0.sum_ending_cnt,p1_0.sum_ending_amt from p09_summary p1_0 where p1_0.sum_location_id='137' and p1_0.sum_clerk_id='0001'
1778643601363|4|statement|connection 0|url jdbc:p6spy:sqlserver://CFSFPTEST:1433;databaseName=CFSFP;encrypt=true;trustServerCertificate=true;|select p1_0.sum_location_id,p1_0.sum_clerk_id,p1_0.sum_beginning_cnt,p1_0.sum_beginning_amt,p1_0.sum_additions_cnt,p1_0.sum_additions_amt,p1_0.sum_deletions_cnt,p1_0.sum_deletions_amt,p1_0.sum_ending_cnt,p1_0.sum_ending_amt from p09_summary p1_0 where p1_0.sum_location_id=? and p1_0.sum_clerk_id=?|select p1_0.sum_location_id,p1_0.sum_clerk_id,p1_0.sum_beginning_cnt,p1_0.sum_beginning_amt,p1_0.sum_additions_cnt,p1_0.sum_additions_amt,p1_0.sum_deletions_cnt,p1_0.sum_deletions_amt,p1_0.sum_ending_cnt,p1_0.sum_ending_amt from p09_summary p1_0 where p1_0.sum_location_id='138' and p1_0.sum_clerk_id='0001'
1778643601401|5|statement|connection 0|url jdbc:p6spy:sqlserver://CFSFPTEST:1433;databaseName=CFSFP;encrypt=true;trustServerCertificate=true;|select p1_0.sum_location_id,p1_0.sum_clerk_id,p1_0.sum_beginning_cnt,p1_0.sum_beginning_amt,p1_0.sum_additions_cnt,p1_0.sum_additions_amt,p1_0.sum_deletions_cnt,p1_0.sum_deletions_amt,p1_0.sum_ending_cnt,p1_0.sum_ending_amt from p09_summary p1_0 where p1_0.sum_location_id=? and p1_0.sum_clerk_id=?|select p1_0.sum_location_id,p1_0.sum_clerk_id,p1_0.sum_beginning_cnt,p1_0.sum_beginning_amt,p1_0.sum_additions_cnt,p1_0.sum_additions_amt,p1_0.sum_deletions_cnt,p1_0.sum_deletions_amt,p1_0.sum_ending_cnt,p1_0.sum_ending_amt from p09_summary p1_0 where p1_0.sum_location_id='139' and p1_0.sum_clerk_id='0001'
1778643601422|2|statement|connection 0|url jdbc:p6spy:sqlserver://CFSFPTEST:1433;databaseName=CFSFP;encrypt=true;trustServerCertificate=true;|select p1_0.sum_location_id,p1_0.sum_clerk_id,p1_0.sum_beginning_cnt,p1_0.sum_beginning_amt,p1_0.sum_additions_cnt,p1_0.sum_additions_amt,p1_0.sum_deletions_cnt,p1_0.sum_deletions_amt,p1_0.sum_ending_cnt,p1_0.sum_ending_amt from p09_summary p1_0 where p1_0.sum_location_id=? and p1_0.sum_clerk_id=?|select p1_0.sum_location_id,p1_0.sum_clerk_id,p1_0.sum_beginning_cnt,p1_0.sum_beginning_amt,p1_0.sum_additions_cnt,p1_0.sum_additions_amt,p1_0.sum_deletions_cnt,p1_0.sum_deletions_amt,p1_0.sum_ending_cnt,p1_0.sum_ending_amt from p09_summary p1_0 where p1_0.sum_location_id='190' and p1_0.sum_clerk_id='0001'
1778643601561|2|statement|connection 0|url jdbc:p6spy:sqlserver://CFSFPTEST:1433;databaseName=CFSFP;encrypt=true;trustServerCertificate=true;|select p1_0.sum_location_id,p1_0.sum_clerk_id,p1_0.sum_beginning_cnt,p1_0.sum_beginning_amt,p1_0.sum_additions_cnt,p1_0.sum_additions_amt,p1_0.sum_deletions_cnt,p1_0.sum_deletions_amt,p1_0.sum_ending_cnt,p1_0.sum_ending_amt from p09_summary p1_0 where p1_0.sum_location_id=? and p1_0.sum_clerk_id=?|select p1_0.sum_location_id,p1_0.sum_clerk_id,p1_0.sum_beginning_cnt,p1_0.sum_beginning_amt,p1_0.sum_additions_cnt,p1_0.sum_additions_amt,p1_0.sum_deletions_cnt,p1_0.sum_deletions_amt,p1_0.sum_ending_cnt,p1_0.sum_ending_amt from p09_summary p1_0 where p1_0.sum_location_id='190' and p1_0.sum_clerk_id='0002'
1778643601566|2|statement|connection 0|url jdbc:p6spy:sqlserver://CFSFPTEST:1433;databaseName=CFSFP;encrypt=true;trustServerCertificate=true;|select p1_0.sum_location_id,p1_0.sum_clerk_id,p1_0.sum_beginning_cnt,p1_0.sum_beginning_amt,p1_0.sum_additions_cnt,p1_0.sum_additions_amt,p1_0.sum_deletions_cnt,p1_0.sum_deletions_amt,p1_0.sum_ending_cnt,p1_0.sum_ending_amt from p09_summary p1_0 where p1_0.sum_location_id=? and p1_0.sum_clerk_id=?|select p1_0.sum_location_id,p1_0.sum_clerk_id,p1_0.sum_beginning_cnt,p1_0.sum_beginning_amt,p1_0.sum_additions_cnt,p1_0.sum_additions_amt,p1_0.sum_deletions_cnt,p1_0.sum_deletions_amt,p1_0.sum_ending_cnt,p1_0.sum_ending_amt from p09_summary p1_0 where p1_0.sum_location_id='190' and p1_0.sum_clerk_id='6636'
1778643601633|3|statement|connection 0|url jdbc:p6spy:sqlserver://CFSFPTEST:1433;databaseName=CFSFP;encrypt=true;trustServerCertificate=true;|select p1_0.sum_location_id,p1_0.sum_clerk_id,p1_0.sum_beginning_cnt,p1_0.sum_beginning_amt,p1_0.sum_additions_cnt,p1_0.sum_additions_amt,p1_0.sum_deletions_cnt,p1_0.sum_deletions_amt,p1_0.sum_ending_cnt,p1_0.sum_ending_amt from p09_summary p1_0 where p1_0.sum_location_id=? and p1_0.sum_clerk_id=?|select p1_0.sum_location_id,p1_0.sum_clerk_id,p1_0.sum_beginning_cnt,p1_0.sum_beginning_amt,p1_0.sum_additions_cnt,p1_0.sum_additions_amt,p1_0.sum_deletions_cnt,p1_0.sum_deletions_amt,p1_0.sum_ending_cnt,p1_0.sum_ending_amt from p09_summary p1_0 where p1_0.sum_location_id='200' and p1_0.sum_clerk_id='0001'
1778643601652|5|statement|connection 0|url jdbc:p6spy:sqlserver://CFSFPTEST:1433;databaseName=CFSFP;encrypt=true;trustServerCertificate=true;|select p1_0.sum_location_id,p1_0.sum_clerk_id,p1_0.sum_beginning_cnt,p1_0.sum_beginning_amt,p1_0.sum_additions_cnt,p1_0.sum_additions_amt,p1_0.sum_deletions_cnt,p1_0.sum_deletions_amt,p1_0.sum_ending_cnt,p1_0.sum_ending_amt from p09_summary p1_0 where p1_0.sum_location_id=? and p1_0.sum_clerk_id=?|select p1_0.sum_location_id,p1_0.sum_clerk_id,p1_0.sum_beginning_cnt,p1_0.sum_beginning_amt,p1_0.sum_additions_cnt,p1_0.sum_additions_amt,p1_0.sum_deletions_cnt,p1_0.sum_deletions_amt,p1_0.sum_ending_cnt,p1_0.sum_ending_amt from p09_summary p1_0 where p1_0.sum_location_id='210' and p1_0.sum_clerk_id='0001'
1778643601666|1|statement|connection 0|url jdbc:p6spy:sqlserver://CFSFPTEST:1433;databaseName=CFSFP;encrypt=true;trustServerCertificate=true;|select p1_0.sum_location_id,p1_0.sum_clerk_id,p1_0.sum_beginning_cnt,p1_0.sum_beginning_amt,p1_0.sum_additions_cnt,p1_0.sum_additions_amt,p1_0.sum_deletions_cnt,p1_0.sum_deletions_amt,p1_0.sum_ending_cnt,p1_0.sum_ending_amt from p09_summary p1_0 where p1_0.sum_location_id=? and p1_0.sum_clerk_id=?|select p1_0.sum_location_id,p1_0.sum_clerk_id,p1_0.sum_beginning_cnt,p1_0.sum_beginning_amt,p1_0.sum_additions_cnt,p1_0.sum_additions_amt,p1_0.sum_deletions_cnt,p1_0.sum_deletions_amt,p1_0.sum_ending_cnt,p1_0.sum_ending_amt from p09_summary p1_0 where p1_0.sum_location_id='995' and p1_0.sum_clerk_id='0001'
1778643601671|2|statement|connection 0|url jdbc:p6spy:sqlserver://CFSFPTEST:1433;databaseName=CFSFP;encrypt=true;trustServerCertificate=true;|select p1_0.sum_location_id,p1_0.sum_clerk_id,p1_0.sum_beginning_cnt,p1_0.sum_beginning_amt,p1_0.sum_additions_cnt,p1_0.sum_additions_amt,p1_0.sum_deletions_cnt,p1_0.sum_deletions_amt,p1_0.sum_ending_cnt,p1_0.sum_ending_amt from p09_summary p1_0 where p1_0.sum_location_id=? and p1_0.sum_clerk_id=?|select p1_0.sum_location_id,p1_0.sum_clerk_id,p1_0.sum_beginning_cnt,p1_0.sum_beginning_amt,p1_0.sum_additions_cnt,p1_0.sum_additions_amt,p1_0.sum_deletions_cnt,p1_0.sum_deletions_amt,p1_0.sum_ending_cnt,p1_0.sum_ending_amt from p09_summary p1_0 where p1_0.sum_location_id='999' and p1_0.sum_clerk_id='999'
1778643601702|14|statement|connection 0|url jdbc:p6spy:sqlserver://CFSFPTEST:1433;databaseName=CFSFP;encrypt=true;trustServerCertificate=true;|select p1_0.sum_location_id,p1_0.sum_clerk_id,p1_0.sum_beginning_cnt,p1_0.sum_beginning_amt,p1_0.sum_additions_cnt,p1_0.sum_additions_amt,p1_0.sum_deletions_cnt,p1_0.sum_deletions_amt,p1_0.sum_ending_cnt,p1_0.sum_ending_amt from p09_summary p1_0 where p1_0.sum_location_id=? and p1_0.sum_clerk_id=?|select p1_0.sum_location_id,p1_0.sum_clerk_id,p1_0.sum_beginning_cnt,p1_0.sum_beginning_amt,p1_0.sum_additions_cnt,p1_0.sum_additions_amt,p1_0.sum_deletions_cnt,p1_0.sum_deletions_amt,p1_0.sum_ending_cnt,p1_0.sum_ending_amt from p09_summary p1_0 where p1_0.sum_location_id='999' and p1_0.sum_clerk_id='9999'
1778643601747|7|statement|connection 0|url jdbc:p6spy:sqlserver://CFSFPTEST:1433;databaseName=CFSFP;encrypt=true;trustServerCertificate=true;|select p1_0.sum_location_id,sum(p1_0.sum_beginning_cnt),sum(p1_0.sum_beginning_amt),sum(p1_0.sum_additions_cnt),sum(p1_0.sum_additions_amt),sum(p1_0.sum_deletions_cnt),sum(p1_0.sum_deletions_amt),sum(p1_0.sum_ending_cnt),sum(p1_0.sum_ending_amt) from p09_summary p1_0 group by p1_0.sum_location_id|select p1_0.sum_location_id,sum(p1_0.sum_beginning_cnt),sum(p1_0.sum_beginning_amt),sum(p1_0.sum_additions_cnt),sum(p1_0.sum_additions_amt),sum(p1_0.sum_deletions_cnt),sum(p1_0.sum_deletions_amt),sum(p1_0.sum_ending_cnt),sum(p1_0.sum_ending_amt) from p09_summary p1_0 group by p1_0.sum_location_id
1778643601826|13|statement|connection 0|url jdbc:p6spy:sqlserver://CFSFPTEST:1433;databaseName=CFSFP;encrypt=true;trustServerCertificate=true;|update p09_summary set sum_processed_date=convert(date,getdate()),sum_beginning_cnt=sum_ending_cnt,sum_beginning_amt=sum_ending_amt,sum_additions_cnt=0,sum_additions_amt=0,sum_deletions_cnt=0,sum_deletions_amt=0|update p09_summary set sum_processed_date=convert(date,getdate()),sum_beginning_cnt=sum_ending_cnt,sum_beginning_amt=sum_ending_amt,sum_additions_cnt=0,sum_additions_amt=0,sum_deletions_cnt=0,sum_deletions_amt=0
1778643601925|8|commit|connection 0|url jdbc:p6spy:sqlserver://CFSFPTEST:1433;databaseName=CFSFP;encrypt=true;trustServerCertificate=true;||
1778643601939|5|commit|connection 0|url jdbc:p6spy:sqlserver://CFSFPTEST:1433;databaseName=CFSFP;encrypt=true;trustServerCertificate=true;||
1778643601958|6|commit|connection 0|url jdbc:p6spy:sqlserver://CFSFPTEST:1433;databaseName=CFSFP;encrypt=true;trustServerCertificate=true;||
1778643601971|6|commit|connection 0|url jdbc:p6spy:sqlserver://CFSFPTEST:1433;databaseName=CFSFP;encrypt=true;trustServerCertificate=true;||
1778643601993|4|commit|connection 0|url jdbc:p6spy:sqlserver://CFSFPTEST:1433;databaseName=CFSFP;encrypt=true;trustServerCertificate=true;||
1778644552542|4|commit|connection 0|url jdbc:p6spy:sqlserver://CFSFPTEST:1433;databaseName=CFSFP;encrypt=true;trustServerCertificate=true;||
1778644552570|3|statement|connection 0|url jdbc:p6spy:sqlserver://CFSFPTEST:1433;databaseName=CFSFP;encrypt=true;trustServerCertificate=true;|select next value for BATCH_JOB_SEQ|select next value for BATCH_JOB_SEQ
1778644552643|12|commit|connection 0|url jdbc:p6spy:sqlserver://CFSFPTEST:1433;databaseName=CFSFP;encrypt=true;trustServerCertificate=true;||
1778644552799|14|commit|connection 0|url jdbc:p6spy:sqlserver://CFSFPTEST:1433;databaseName=CFSFP;encrypt=true;trustServerCertificate=true;||
1778644552815|0|commit|connection 0|url jdbc:p6spy:sqlserver://CFSFPTEST:1433;databaseName=CFSFP;encrypt=true;trustServerCertificate=true;||
1778644552826|0|commit|connection 0|url jdbc:p6spy:sqlserver://CFSFPTEST:1433;databaseName=CFSFP;encrypt=true;trustServerCertificate=true;||
1778644552862|17|commit|connection 0|url jdbc:p6spy:sqlserver://CFSFPTEST:1433;databaseName=CFSFP;encrypt=true;trustServerCertificate=true;||
1778644552894|9|commit|connection 0|url jdbc:p6spy:sqlserver://CFSFPTEST:1433;databaseName=CFSFP;encrypt=true;trustServerCertificate=true;||
1778644552912|3|commit|connection 0|url jdbc:p6spy:sqlserver://CFSFPTEST:1433;databaseName=CFSFP;encrypt=true;trustServerCertificate=true;||
1778644553642|138|statement|connection 0|url jdbc:p6spy:sqlserver://CFSFPTEST:1433;databaseName=CFSFP;encrypt=true;trustServerCertificate=true;|select p1_0.cr_location_clerk,p1_0.cr_location_nbr,p1_0.cr_cntrl_date,p1_0.cr_cntrl_nbr,p1_0.cr_refund_type,p1_0.cr_cntrld_amt,p1_0.cr_patient_lname,p1_0.cr_patient_fname,p1_0.cr_mbr_id_nbr,p1_0.cr_remittor_name,p1_0.cr_reason_code,p1_0.cr_receipt_type,p1_0.cr_check_nbr,p1_0.cr_status_text,p1_0.cr_received_date,p1_0.cr_location_date from p09_cash_receipt p1_0 where (p1_0.cr_location_nbr+p1_0.cr_location_clerk+format(p1_0.cr_received_date,'yyyy-MM-dd')+p1_0.cr_refund_type+p1_0.cr_cntrl_nbr+format(p1_0.cr_cntrl_date,'yyyy-MM-dd'))>? and p1_0.cr_status_text in ('OPEN','PENDED') order by p1_0.cr_location_nbr,p1_0.cr_location_clerk,p1_0.cr_received_date,p1_0.cr_refund_type,p1_0.cr_cntrl_nbr,p1_0.cr_cntrl_date|select p1_0.cr_location_clerk,p1_0.cr_location_nbr,p1_0.cr_cntrl_date,p1_0.cr_cntrl_nbr,p1_0.cr_refund_type,p1_0.cr_cntrld_amt,p1_0.cr_patient_lname,p1_0.cr_patient_fname,p1_0.cr_mbr_id_nbr,p1_0.cr_remittor_name,p1_0.cr_reason_code,p1_0.cr_receipt_type,p1_0.cr_check_nbr,p1_0.cr_status_text,p1_0.cr_received_date,p1_0.cr_location_date from p09_cash_receipt p1_0 where (p1_0.cr_location_nbr+p1_0.cr_location_clerk+format(p1_0.cr_received_date,'yyyy-MM-dd')+p1_0.cr_refund_type+p1_0.cr_cntrl_nbr+format(p1_0.cr_cntrl_date,'yyyy-MM-dd'))>'' and p1_0.cr_status_text in ('OPEN','PENDED') order by p1_0.cr_location_nbr,p1_0.cr_location_clerk,p1_0.cr_received_date,p1_0.cr_refund_type,p1_0.cr_cntrl_nbr,p1_0.cr_cntrl_date
1778644554112|3|statement|connection 0|url jdbc:p6spy:sqlserver://CFSFPTEST:1433;databaseName=CFSFP;encrypt=true;trustServerCertificate=true;|select p1_0.sum_location_id,p1_0.sum_clerk_id,p1_0.sum_beginning_cnt,p1_0.sum_beginning_amt,p1_0.sum_additions_cnt,p1_0.sum_additions_amt,p1_0.sum_deletions_cnt,p1_0.sum_deletions_amt,p1_0.sum_ending_cnt,p1_0.sum_ending_amt from p09_summary p1_0 where p1_0.sum_location_id=? and p1_0.sum_clerk_id=?|select p1_0.sum_location_id,p1_0.sum_clerk_id,p1_0.sum_beginning_cnt,p1_0.sum_beginning_amt,p1_0.sum_additions_cnt,p1_0.sum_additions_amt,p1_0.sum_deletions_cnt,p1_0.sum_deletions_amt,p1_0.sum_ending_cnt,p1_0.sum_ending_amt from p09_summary p1_0 where p1_0.sum_location_id=' ' and p1_0.sum_clerk_id=' '
1778644554130|2|statement|connection 0|url jdbc:p6spy:sqlserver://CFSFPTEST:1433;databaseName=CFSFP;encrypt=true;trustServerCertificate=true;|select p1_0.sum_location_id,p1_0.sum_clerk_id,p1_0.sum_beginning_cnt,p1_0.sum_beginning_amt,p1_0.sum_additions_cnt,p1_0.sum_additions_amt,p1_0.sum_deletions_cnt,p1_0.sum_deletions_amt,p1_0.sum_ending_cnt,p1_0.sum_ending_amt from p09_summary p1_0 where p1_0.sum_location_id=? and p1_0.sum_clerk_id=?|select p1_0.sum_location_id,p1_0.sum_clerk_id,p1_0.sum_beginning_cnt,p1_0.sum_beginning_amt,p1_0.sum_additions_cnt,p1_0.sum_additions_amt,p1_0.sum_deletions_cnt,p1_0.sum_deletions_amt,p1_0.sum_ending_cnt,p1_0.sum_ending_amt from p09_summary p1_0 where p1_0.sum_location_id='130' and p1_0.sum_clerk_id='0000'
1778644554138|1|statement|connection 0|url jdbc:p6spy:sqlserver://CFSFPTEST:1433;databaseName=CFSFP;encrypt=true;trustServerCertificate=true;|select p1_0.sum_location_id,p1_0.sum_clerk_id,p1_0.sum_beginning_cnt,p1_0.sum_beginning_amt,p1_0.sum_additions_cnt,p1_0.sum_additions_amt,p1_0.sum_deletions_cnt,p1_0.sum_deletions_amt,p1_0.sum_ending_cnt,p1_0.sum_ending_amt from p09_summary p1_0 where p1_0.sum_location_id=? and p1_0.sum_clerk_id=?|select p1_0.sum_location_id,p1_0.sum_clerk_id,p1_0.sum_beginning_cnt,p1_0.sum_beginning_amt,p1_0.sum_additions_cnt,p1_0.sum_additions_amt,p1_0.sum_deletions_cnt,p1_0.sum_deletions_amt,p1_0.sum_ending_cnt,p1_0.sum_ending_amt from p09_summary p1_0 where p1_0.sum_location_id='130' and p1_0.sum_clerk_id='0001'
1778644554165|6|statement|connection 0|url jdbc:p6spy:sqlserver://CFSFPTEST:1433;databaseName=CFSFP;encrypt=true;trustServerCertificate=true;|select p1_0.sum_location_id,p1_0.sum_clerk_id,p1_0.sum_beginning_cnt,p1_0.sum_beginning_amt,p1_0.sum_additions_cnt,p1_0.sum_additions_amt,p1_0.sum_deletions_cnt,p1_0.sum_deletions_amt,p1_0.sum_ending_cnt,p1_0.sum_ending_amt from p09_summary p1_0 where p1_0.sum_location_id=? and p1_0.sum_clerk_id=?|select p1_0.sum_location_id,p1_0.sum_clerk_id,p1_0.sum_beginning_cnt,p1_0.sum_beginning_amt,p1_0.sum_additions_cnt,p1_0.sum_additions_amt,p1_0.sum_deletions_cnt,p1_0.sum_deletions_amt,p1_0.sum_ending_cnt,p1_0.sum_ending_amt from p09_summary p1_0 where p1_0.sum_location_id='135' and p1_0.sum_clerk_id='0000'
1778644554181|11|statement|connection 0|url jdbc:p6spy:sqlserver://CFSFPTEST:1433;databaseName=CFSFP;encrypt=true;trustServerCertificate=true;|select p1_0.sum_location_id,p1_0.sum_clerk_id,p1_0.sum_beginning_cnt,p1_0.sum_beginning_amt,p1_0.sum_additions_cnt,p1_0.sum_additions_amt,p1_0.sum_deletions_cnt,p1_0.sum_deletions_amt,p1_0.sum_ending_cnt,p1_0.sum_ending_amt from p09_summary p1_0 where p1_0.sum_location_id=? and p1_0.sum_clerk_id=?|select p1_0.sum_location_id,p1_0.sum_clerk_id,p1_0.sum_beginning_cnt,p1_0.sum_beginning_amt,p1_0.sum_additions_cnt,p1_0.sum_additions_amt,p1_0.sum_deletions_cnt,p1_0.sum_deletions_amt,p1_0.sum_ending_cnt,p1_0.sum_ending_amt from p09_summary p1_0 where p1_0.sum_location_id='135' and p1_0.sum_clerk_id='0001'
1778644554320|6|statement|connection 0|url jdbc:p6spy:sqlserver://CFSFPTEST:1433;databaseName=CFSFP;encrypt=true;trustServerCertificate=true;|select p1_0.sum_location_id,p1_0.sum_clerk_id,p1_0.sum_beginning_cnt,p1_0.sum_beginning_amt,p1_0.sum_additions_cnt,p1_0.sum_additions_amt,p1_0.sum_deletions_cnt,p1_0.sum_deletions_amt,p1_0.sum_ending_cnt,p1_0.sum_ending_amt from p09_summary p1_0 where p1_0.sum_location_id=? and p1_0.sum_clerk_id=?|select p1_0.sum_location_id,p1_0.sum_clerk_id,p1_0.sum_beginning_cnt,p1_0.sum_beginning_amt,p1_0.sum_additions_cnt,p1_0.sum_additions_amt,p1_0.sum_deletions_cnt,p1_0.sum_deletions_amt,p1_0.sum_ending_cnt,p1_0.sum_ending_amt from p09_summary p1_0 where p1_0.sum_location_id='135' and p1_0.sum_clerk_id='3488'
1778644554330|1|statement|connection 0|url jdbc:p6spy:sqlserver://CFSFPTEST:1433;databaseName=CFSFP;encrypt=true;trustServerCertificate=true;|select p1_0.sum_location_id,p1_0.sum_clerk_id,p1_0.sum_beginning_cnt,p1_0.sum_beginning_amt,p1_0.sum_additions_cnt,p1_0.sum_additions_amt,p1_0.sum_deletions_cnt,p1_0.sum_deletions_amt,p1_0.sum_ending_cnt,p1_0.sum_ending_amt from p09_summary p1_0 where p1_0.sum_location_id=? and p1_0.sum_clerk_id=?|select p1_0.sum_location_id,p1_0.sum_clerk_id,p1_0.sum_beginning_cnt,p1_0.sum_beginning_amt,p1_0.sum_additions_cnt,p1_0.sum_additions_amt,p1_0.sum_deletions_cnt,p1_0.sum_deletions_amt,p1_0.sum_ending_cnt,p1_0.sum_ending_amt from p09_summary p1_0 where p1_0.sum_location_id='136' and p1_0.sum_clerk_id='0001'
1778644554424|6|statement|connection 0|url jdbc:p6spy:sqlserver://CFSFPTEST:1433;databaseName=CFSFP;encrypt=true;trustServerCertificate=true;|select p1_0.sum_location_id,p1_0.sum_clerk_id,p1_0.sum_beginning_cnt,p1_0.sum_beginning_amt,p1_0.sum_additions_cnt,p1_0.sum_additions_amt,p1_0.sum_deletions_cnt,p1_0.sum_deletions_amt,p1_0.sum_ending_cnt,p1_0.sum_ending_amt from p09_summary p1_0 where p1_0.sum_location_id=? and p1_0.sum_clerk_id=?|select p1_0.sum_location_id,p1_0.sum_clerk_id,p1_0.sum_beginning_cnt,p1_0.sum_beginning_amt,p1_0.sum_additions_cnt,p1_0.sum_additions_amt,p1_0.sum_deletions_cnt,p1_0.sum_deletions_amt,p1_0.sum_ending_cnt,p1_0.sum_ending_amt from p09_summary p1_0 where p1_0.sum_location_id='137' and p1_0.sum_clerk_id='0001'
1778644554478|4|statement|connection 0|url jdbc:p6spy:sqlserver://CFSFPTEST:1433;databaseName=CFSFP;encrypt=true;trustServerCertificate=true;|select p1_0.sum_location_id,p1_0.sum_clerk_id,p1_0.sum_beginning_cnt,p1_0.sum_beginning_amt,p1_0.sum_additions_cnt,p1_0.sum_additions_amt,p1_0.sum_deletions_cnt,p1_0.sum_deletions_amt,p1_0.sum_ending_cnt,p1_0.sum_ending_amt from p09_summary p1_0 where p1_0.sum_location_id=? and p1_0.sum_clerk_id=?|select p1_0.sum_location_id,p1_0.sum_clerk_id,p1_0.sum_beginning_cnt,p1_0.sum_beginning_amt,p1_0.sum_additions_cnt,p1_0.sum_additions_amt,p1_0.sum_deletions_cnt,p1_0.sum_deletions_amt,p1_0.sum_ending_cnt,p1_0.sum_ending_amt from p09_summary p1_0 where p1_0.sum_location_id='138' and p1_0.sum_clerk_id='0001'
1778644554530|2|statement|connection 0|url jdbc:p6spy:sqlserver://CFSFPTEST:1433;databaseName=CFSFP;encrypt=true;trustServerCertificate=true;|select p1_0.sum_location_id,p1_0.sum_clerk_id,p1_0.sum_beginning_cnt,p1_0.sum_beginning_amt,p1_0.sum_additions_cnt,p1_0.sum_additions_amt,p1_0.sum_deletions_cnt,p1_0.sum_deletions_amt,p1_0.sum_ending_cnt,p1_0.sum_ending_amt from p09_summary p1_0 where p1_0.sum_location_id=? and p1_0.sum_clerk_id=?|select p1_0.sum_location_id,p1_0.sum_clerk_id,p1_0.sum_beginning_cnt,p1_0.sum_beginning_amt,p1_0.sum_additions_cnt,p1_0.sum_additions_amt,p1_0.sum_deletions_cnt,p1_0.sum_deletions_amt,p1_0.sum_ending_cnt,p1_0.sum_ending_amt from p09_summary p1_0 where p1_0.sum_location_id='139' and p1_0.sum_clerk_id='0001'
1778644554552|8|statement|connection 0|url jdbc:p6spy:sqlserver://CFSFPTEST:1433;databaseName=CFSFP;encrypt=true;trustServerCertificate=true;|select p1_0.sum_location_id,p1_0.sum_clerk_id,p1_0.sum_beginning_cnt,p1_0.sum_beginning_amt,p1_0.sum_additions_cnt,p1_0.sum_additions_amt,p1_0.sum_deletions_cnt,p1_0.sum_deletions_amt,p1_0.sum_ending_cnt,p1_0.sum_ending_amt from p09_summary p1_0 where p1_0.sum_location_id=? and p1_0.sum_clerk_id=?|select p1_0.sum_location_id,p1_0.sum_clerk_id,p1_0.sum_beginning_cnt,p1_0.sum_beginning_amt,p1_0.sum_additions_cnt,p1_0.sum_additions_amt,p1_0.sum_deletions_cnt,p1_0.sum_deletions_amt,p1_0.sum_ending_cnt,p1_0.sum_ending_amt from p09_summary p1_0 where p1_0.sum_location_id='190' and p1_0.sum_clerk_id='0001'
1778644554751|2|statement|connection 0|url jdbc:p6spy:sqlserver://CFSFPTEST:1433;databaseName=CFSFP;encrypt=true;trustServerCertificate=true;|select p1_0.sum_location_id,p1_0.sum_clerk_id,p1_0.sum_beginning_cnt,p1_0.sum_beginning_amt,p1_0.sum_additions_cnt,p1_0.sum_additions_amt,p1_0.sum_deletions_cnt,p1_0.sum_deletions_amt,p1_0.sum_ending_cnt,p1_0.sum_ending_amt from p09_summary p1_0 where p1_0.sum_location_id=? and p1_0.sum_clerk_id=?|select p1_0.sum_location_id,p1_0.sum_clerk_id,p1_0.sum_beginning_cnt,p1_0.sum_beginning_amt,p1_0.sum_additions_cnt,p1_0.sum_additions_amt,p1_0.sum_deletions_cnt,p1_0.sum_deletions_amt,p1_0.sum_ending_cnt,p1_0.sum_ending_amt from p09_summary p1_0 where p1_0.sum_location_id='190' and p1_0.sum_clerk_id='0002'
1778644554756|1|statement|connection 0|url jdbc:p6spy:sqlserver://CFSFPTEST:1433;databaseName=CFSFP;encrypt=true;trustServerCertificate=true;|select p1_0.sum_location_id,p1_0.sum_clerk_id,p1_0.sum_beginning_cnt,p1_0.sum_beginning_amt,p1_0.sum_additions_cnt,p1_0.sum_additions_amt,p1_0.sum_deletions_cnt,p1_0.sum_deletions_amt,p1_0.sum_ending_cnt,p1_0.sum_ending_amt from p09_summary p1_0 where p1_0.sum_location_id=? and p1_0.sum_clerk_id=?|select p1_0.sum_location_id,p1_0.sum_clerk_id,p1_0.sum_beginning_cnt,p1_0.sum_beginning_amt,p1_0.sum_additions_cnt,p1_0.sum_additions_amt,p1_0.sum_deletions_cnt,p1_0.sum_deletions_amt,p1_0.sum_ending_cnt,p1_0.sum_ending_amt from p09_summary p1_0 where p1_0.sum_location_id='190' and p1_0.sum_clerk_id='6636'
1778644554853|3|statement|connection 0|url jdbc:p6spy:sqlserver://CFSFPTEST:1433;databaseName=CFSFP;encrypt=true;trustServerCertificate=true;|select p1_0.sum_location_id,p1_0.sum_clerk_id,p1_0.sum_beginning_cnt,p1_0.sum_beginning_amt,p1_0.sum_additions_cnt,p1_0.sum_additions_amt,p1_0.sum_deletions_cnt,p1_0.sum_deletions_amt,p1_0.sum_ending_cnt,p1_0.sum_ending_amt from p09_summary p1_0 where p1_0.sum_location_id=? and p1_0.sum_clerk_id=?|select p1_0.sum_location_id,p1_0.sum_clerk_id,p1_0.sum_beginning_cnt,p1_0.sum_beginning_amt,p1_0.sum_additions_cnt,p1_0.sum_additions_amt,p1_0.sum_deletions_cnt,p1_0.sum_deletions_amt,p1_0.sum_ending_cnt,p1_0.sum_ending_amt from p09_summary p1_0 where p1_0.sum_location_id='200' and p1_0.sum_clerk_id='0001'
1778644554861|2|statement|connection 0|url jdbc:p6spy:sqlserver://CFSFPTEST:1433;databaseName=CFSFP;encrypt=true;trustServerCertificate=true;|select p1_0.sum_location_id,p1_0.sum_clerk_id,p1_0.sum_beginning_cnt,p1_0.sum_beginning_amt,p1_0.sum_additions_cnt,p1_0.sum_additions_amt,p1_0.sum_deletions_cnt,p1_0.sum_deletions_amt,p1_0.sum_ending_cnt,p1_0.sum_ending_amt from p09_summary p1_0 where p1_0.sum_location_id=? and p1_0.sum_clerk_id=?|select p1_0.sum_location_id,p1_0.sum_clerk_id,p1_0.sum_beginning_cnt,p1_0.sum_beginning_amt,p1_0.sum_additions_cnt,p1_0.sum_additions_amt,p1_0.sum_deletions_cnt,p1_0.sum_deletions_amt,p1_0.sum_ending_cnt,p1_0.sum_ending_amt from p09_summary p1_0 where p1_0.sum_location_id='210' and p1_0.sum_clerk_id='0001'
1778644554875|2|statement|connection 0|url jdbc:p6spy:sqlserver://CFSFPTEST:1433;databaseName=CFSFP;encrypt=true;trustServerCertificate=true;|select p1_0.sum_location_id,p1_0.sum_clerk_id,p1_0.sum_beginning_cnt,p1_0.sum_beginning_amt,p1_0.sum_additions_cnt,p1_0.sum_additions_amt,p1_0.sum_deletions_cnt,p1_0.sum_deletions_amt,p1_0.sum_ending_cnt,p1_0.sum_ending_amt from p09_summary p1_0 where p1_0.sum_location_id=? and p1_0.sum_clerk_id=?|select p1_0.sum_location_id,p1_0.sum_clerk_id,p1_0.sum_beginning_cnt,p1_0.sum_beginning_amt,p1_0.sum_additions_cnt,p1_0.sum_additions_amt,p1_0.sum_deletions_cnt,p1_0.sum_deletions_amt,p1_0.sum_ending_cnt,p1_0.sum_ending_amt from p09_summary p1_0 where p1_0.sum_location_id='995' and p1_0.sum_clerk_id='0001'
1778644554879|1|statement|connection 0|url jdbc:p6spy:sqlserver://CFSFPTEST:1433;databaseName=CFSFP;encrypt=true;trustServerCertificate=true;|select p1_0.sum_location_id,p1_0.sum_clerk_id,p1_0.sum_beginning_cnt,p1_0.sum_beginning_amt,p1_0.sum_additions_cnt,p1_0.sum_additions_amt,p1_0.sum_deletions_cnt,p1_0.sum_deletions_amt,p1_0.sum_ending_cnt,p1_0.sum_ending_amt from p09_summary p1_0 where p1_0.sum_location_id=? and p1_0.sum_clerk_id=?|select p1_0.sum_location_id,p1_0.sum_clerk_id,p1_0.sum_beginning_cnt,p1_0.sum_beginning_amt,p1_0.sum_additions_cnt,p1_0.sum_additions_amt,p1_0.sum_deletions_cnt,p1_0.sum_deletions_amt,p1_0.sum_ending_cnt,p1_0.sum_ending_amt from p09_summary p1_0 where p1_0.sum_location_id='999' and p1_0.sum_clerk_id='999'
1778644554897|1|statement|connection 0|url jdbc:p6spy:sqlserver://CFSFPTEST:1433;databaseName=CFSFP;encrypt=true;trustServerCertificate=true;|select p1_0.sum_location_id,p1_0.sum_clerk_id,p1_0.sum_beginning_cnt,p1_0.sum_beginning_amt,p1_0.sum_additions_cnt,p1_0.sum_additions_amt,p1_0.sum_deletions_cnt,p1_0.sum_deletions_amt,p1_0.sum_ending_cnt,p1_0.sum_ending_amt from p09_summary p1_0 where p1_0.sum_location_id=? and p1_0.sum_clerk_id=?|select p1_0.sum_location_id,p1_0.sum_clerk_id,p1_0.sum_beginning_cnt,p1_0.sum_beginning_amt,p1_0.sum_additions_cnt,p1_0.sum_additions_amt,p1_0.sum_deletions_cnt,p1_0.sum_deletions_amt,p1_0.sum_ending_cnt,p1_0.sum_ending_amt from p09_summary p1_0 where p1_0.sum_location_id='999' and p1_0.sum_clerk_id='9999'
1778644554942|3|statement|connection 0|url jdbc:p6spy:sqlserver://CFSFPTEST:1433;databaseName=CFSFP;encrypt=true;trustServerCertificate=true;|select p1_0.sum_location_id,sum(p1_0.sum_beginning_cnt),sum(p1_0.sum_beginning_amt),sum(p1_0.sum_additions_cnt),sum(p1_0.sum_additions_amt),sum(p1_0.sum_deletions_cnt),sum(p1_0.sum_deletions_amt),sum(p1_0.sum_ending_cnt),sum(p1_0.sum_ending_amt) from p09_summary p1_0 group by p1_0.sum_location_id|select p1_0.sum_location_id,sum(p1_0.sum_beginning_cnt),sum(p1_0.sum_beginning_amt),sum(p1_0.sum_additions_cnt),sum(p1_0.sum_additions_amt),sum(p1_0.sum_deletions_cnt),sum(p1_0.sum_deletions_amt),sum(p1_0.sum_ending_cnt),sum(p1_0.sum_ending_amt) from p09_summary p1_0 group by p1_0.sum_location_id
1778644554995|3|statement|connection 0|url jdbc:p6spy:sqlserver://CFSFPTEST:1433;databaseName=CFSFP;encrypt=true;trustServerCertificate=true;|update p09_summary set sum_processed_date=convert(date,getdate()),sum_beginning_cnt=sum_ending_cnt,sum_beginning_amt=sum_ending_amt,sum_additions_cnt=0,sum_additions_amt=0,sum_deletions_cnt=0,sum_deletions_amt=0|update p09_summary set sum_processed_date=convert(date,getdate()),sum_beginning_cnt=sum_ending_cnt,sum_beginning_amt=sum_ending_amt,sum_additions_cnt=0,sum_additions_amt=0,sum_deletions_cnt=0,sum_deletions_amt=0
1778644555029|3|commit|connection 0|url jdbc:p6spy:sqlserver://CFSFPTEST:1433;databaseName=CFSFP;encrypt=true;trustServerCertificate=true;||
1778644555049|8|commit|connection 0|url jdbc:p6spy:sqlserver://CFSFPTEST:1433;databaseName=CFSFP;encrypt=true;trustServerCertificate=true;||
1778644555068|8|commit|connection 0|url jdbc:p6spy:sqlserver://CFSFPTEST:1433;databaseName=CFSFP;encrypt=true;trustServerCertificate=true;||
1778644555079|5|commit|connection 0|url jdbc:p6spy:sqlserver://CFSFPTEST:1433;databaseName=CFSFP;encrypt=true;trustServerCertificate=true;||
1778644555095|4|commit|connection 0|url jdbc:p6spy:sqlserver://CFSFPTEST:1433;databaseName=CFSFP;encrypt=true;trustServerCertificate=true;||
