2026-02-24 12:01:25 INFO  com.abcbs.crrs.CrrsBatchApplication - Starting CrrsBatchApplication using Java 21.0.6 with PID 15576 (started by SXBUDDAREDDYGARI in \\LRD1FIL2\ISAMISYS\srivani\STS_BATCH\CRRSBatch)
2026-02-24 12:01:25 DEBUG com.abcbs.crrs.CrrsBatchApplication - Running with Spring Boot v3.5.5, Spring v6.2.10
2026-02-24 12:01:25 INFO  com.abcbs.crrs.CrrsBatchApplication - No active profile set, falling back to 1 default profile: "default"
2026-02-24 12:01:47 INFO  com.abcbs.crrs.config.P09186Config - Creating step: P09186Step
2026-02-24 12:01:47 INFO  com.abcbs.crrs.config.P09186Config - Creating job: P09186Job
2026-02-24 12:01:52 INFO  com.abcbs.crrs.config.P09373Config - Configuring Step: P09373Step with chunk size = 50
2026-02-24 12:01:52 INFO  com.abcbs.crrs.config.P09373Config - Configuring Job: P09373Job
2026-02-24 12:01:52 INFO  com.abcbs.crrs.config.P09375Config - Creating step: P09375Step (as tasklet)
2026-02-24 12:01:52 INFO  com.abcbs.crrs.config.P09375Config - Creating job: P09375Job
2026-02-24 12:01:52 INFO  com.abcbs.crrs.config.P09320Config - Configuring step: P09320Step
2026-02-24 12:01:52 INFO  com.abcbs.crrs.config.P09320Config - Configuring job: P09320Job
2026-02-24 12:01:52 INFO  com.abcbs.crrs.config.P09321Config - Configuring step: P09321Step
2026-02-24 12:01:52 INFO  com.abcbs.crrs.config.P09321Config - Configuring job: P09321Job
2026-02-24 12:01:52 INFO  com.abcbs.crrs.config.P09185Config - Building step: p09185Step
2026-02-24 12:01:52 INFO  com.abcbs.crrs.config.P09185Config - Building job: p09185Job
2026-02-24 12:01:52 INFO  com.abcbs.crrs.config.P09310Config - Entered into Step 1
2026-02-24 12:01:52 INFO  com.abcbs.crrs.config.P09310Config - Entered into Step 2
2026-02-24 12:01:52 INFO  com.abcbs.crrs.config.P09310Config - Entered into Job
2026-02-24 12:01:53 INFO  com.abcbs.crrs.config.P09305Config - P09305 Chkp Step started
2026-02-24 12:01:53 INFO  com.abcbs.crrs.config.P09305Config - P09305 Step job started 
2026-02-24 12:01:53 INFO  com.abcbs.crrs.config.P09305Config - P09305 job started 
2026-02-24 12:01:53 INFO  com.abcbs.crrs.config.P09325Config - Entered into P09325 Step
2026-02-24 12:01:53 INFO  com.abcbs.crrs.config.P09325Config - Entered into P09325 Job
2026-02-24 12:01:53 INFO  com.abcbs.crrs.config.P09376Config - Creating step: p09376Step (as tasklet)
2026-02-24 12:01:53 INFO  com.abcbs.crrs.config.P09376Config - Creating job: p09376Job
2026-02-24 12:01:53 INFO  com.abcbs.crrs.config.P09330Config - Creating step: p09330Step (tasklet)
2026-02-24 12:01:53 INFO  com.abcbs.crrs.config.P09330Config - Creating job: p09330Job
2026-02-24 12:01:53 INFO  com.abcbs.crrs.config.P09183Config - Building Step 'p09183Step' with chunk size 100
2026-02-24 12:01:53 INFO  com.abcbs.crrs.config.P09183Config - Building Job 'p09183Job'
2026-02-24 12:01:53 INFO  com.abcbs.crrs.config.P09180Config - Creating step: P09186Step
2026-02-24 12:01:53 INFO  com.abcbs.crrs.config.P09180Config - Creating job: P09180Job
2026-02-24 12:01:53 INFO  com.abcbs.crrs.config.P09345Config - Creating step: p09345Step (tasklet)
2026-02-24 12:01:53 INFO  com.abcbs.crrs.config.P09345Config - Creating job: p09345Job
2026-02-24 12:01:56 INFO  com.abcbs.crrs.config.P09372Config - Creating ItemReader for P09CashReceipt using repository method: findOffCashReceipts
2026-02-24 12:01:56 INFO  com.abcbs.crrs.config.P09372Config - Configuring Step: P09372Step with chunk size 2000
2026-02-24 12:01:56 INFO  com.abcbs.crrs.config.P09372Config - Initializing Job: P09372Job
2026-02-24 12:01:56 INFO  com.abcbs.crrs.config.P09175Config - Creating step: P09175Step (tasklet)
2026-02-24 12:01:56 INFO  com.abcbs.crrs.config.P09175Config - Creating job: P09175Job
2026-02-24 12:01:56 INFO  com.abcbs.crrs.lock.P09TableLocker - P09TableLocker initialized. Detected DB dialect=org.hibernate.dialect.sqlserverdialect
2026-02-24 12:01:56 INFO  com.abcbs.crrs.config.RetryConfig - Entered into RetryTemplate
2026-02-24 12:01:57 INFO  com.abcbs.crrs.CrrsBatchApplication - Started CrrsBatchApplication in 35.441 seconds (process running for 39.375)
2026-02-24 12:01:57 INFO  com.abcbs.crrs.config.JobLauncherRunner - Entered into run
2026-02-24 12:01:57 INFO  com.abcbs.crrs.config.JobLauncherRunner - Requested job: P09360
2026-02-24 12:01:58 INFO  com.abcbs.crrs.config.P09360Config - Initializing reader for file: input/CFS.P0910172.WEEKLY.DEDS.G0001V00
2026-02-24 12:01:58 INFO  com.abcbs.crrs.jobs.P09360.P09360FileWriter - Opening report writer for path: output/360report.txt
2026-02-24 12:01:58 INFO  com.abcbs.crrs.jobs.P09360.P09360FileWriter - Opened report: \\LRD1FIL2\ISAMISYS\srivani\STS_BATCH\CRRSBatch\output\360report.txt
2026-02-24 12:01:58 DEBUG com.abcbs.crrs.jobs.P09360.P09360FileWriter - Initializing report counters and amounts.
2026-02-24 12:01:58 DEBUG com.abcbs.crrs.jobs.P09360.P09360FileWriter - write() called with chunk size: 256
2026-02-24 12:01:58 DEBUG com.abcbs.crrs.jobs.P09360.P09360FileWriter - Starting new page: 0
2026-02-24 12:01:58 DEBUG com.abcbs.crrs.jobs.P09360.P09360FileWriter - Processing record: RefundType=SPO, ControlDate=2026-02-10, ControlNbr=500, ActAmt=00000004800
2026-02-24 12:01:58 INFO  com.abcbs.crrs.jobs.P09360.P09360FileWriter - Full Record: P09GlDedsRecord(p09deds_julian=26041, p09deds_hhmmsss=0718420, filler=, gl_p09deds_id=04, gl_refund_type=SPO, gl_control_date=2026-02-10, gl_control_nbr=500, gl_receipt_type=FL, gl_bank_acct_nbr=487004293973, gl_acct_nbr=10953, gl_act_code=FR, gl_act_amt=00000004800, gl_act_date=2026-02-10, gl_report_mo=02, gl_report_yr=26, gl_patient_ln=JACOBS, gl_patient_fn=JOYCE, gl_mbr_id_nbr=5D312, gl_xref_type=, gl_xref_claim_nbr=, gl_xref_date=2026-02-10, gl_cash_rec_bal=-00000000000, gl_corp=01, gl_filler=)
2026-02-24 12:01:59 DEBUG com.abcbs.crrs.jobs.P09360.P09360FileWriter - No matching activity found for control number: 500
2026-02-24 12:01:59 DEBUG com.abcbs.crrs.jobs.P09360.P09360FileWriter - Processing record: RefundType=SPO, ControlDate=2026-02-10, ControlNbr=500, ActAmt=-00000004800
2026-02-24 12:01:59 INFO  com.abcbs.crrs.jobs.P09360.P09360FileWriter - Full Record: P09GlDedsRecord(p09deds_julian=26041, p09deds_hhmmsss=0718420, filler=, gl_p09deds_id=04, gl_refund_type=SPO, gl_control_date=2026-02-10, gl_control_nbr=500, gl_receipt_type=FL, gl_bank_acct_nbr=487004293973, gl_acct_nbr=10953, gl_act_code=FR, gl_act_amt=-00000004800, gl_act_date=2026-02-10, gl_report_mo=02, gl_report_yr=26, gl_patient_ln=JACOBS, gl_patient_fn=JOYCE, gl_mbr_id_nbr=5D312, gl_xref_type=, gl_xref_claim_nbr=, gl_xref_date=2026-02-10, gl_cash_rec_bal=-00000000000, gl_corp=01, gl_filler=)
2026-02-24 12:01:59 DEBUG com.abcbs.crrs.jobs.P09360.P09360FileWriter - No matching activity found for control number: 500
2026-02-24 12:01:59 DEBUG com.abcbs.crrs.jobs.P09360.P09360FileWriter - Processing record: RefundType=SPO, ControlDate=2026-02-10, ControlNbr=500, ActAmt=00000004800
2026-02-24 12:01:59 INFO  com.abcbs.crrs.jobs.P09360.P09360FileWriter - Full Record: P09GlDedsRecord(p09deds_julian=26041, p09deds_hhmmsss=0718420, filler=, gl_p09deds_id=04, gl_refund_type=SPO, gl_control_date=2026-02-10, gl_control_nbr=500, gl_receipt_type=FL, gl_bank_acct_nbr=487004293973, gl_acct_nbr=10911, gl_act_code=CAN, gl_act_amt=00000004800, gl_act_date=2026-02-10, gl_report_mo=02, gl_report_yr=26, gl_patient_ln=JACOBS, gl_patient_fn=JOYCE, gl_mbr_id_nbr=5D312, gl_xref_type=, gl_xref_claim_nbr=, gl_xref_date=2026-02-10, gl_cash_rec_bal=-00000000000, gl_corp=01, gl_filler=)
2026-02-24 12:01:59 DEBUG com.abcbs.crrs.jobs.P09360.P09360FileWriter - No matching activity found for control number: 500
2026-02-24 12:01:59 DEBUG com.abcbs.crrs.jobs.P09360.P09360FileWriter - Processing record: RefundType=SPO, ControlDate=2026-02-10, ControlNbr=500, ActAmt=-00000004800
2026-02-24 12:01:59 INFO  com.abcbs.crrs.jobs.P09360.P09360FileWriter - Full Record: P09GlDedsRecord(p09deds_julian=26041, p09deds_hhmmsss=0718420, filler=, gl_p09deds_id=04, gl_refund_type=SPO, gl_control_date=2026-02-10, gl_control_nbr=500, gl_receipt_type=FL, gl_bank_acct_nbr=487004293973, gl_acct_nbr=10953, gl_act_code=CAN, gl_act_amt=-00000004800, gl_act_date=2026-02-10, gl_report_mo=02, gl_report_yr=26, gl_patient_ln=JACOBS, gl_patient_fn=JOYCE, gl_mbr_id_nbr=5D312, gl_xref_type=, gl_xref_claim_nbr=, gl_xref_date=2026-02-10, gl_cash_rec_bal=-00000000000, gl_corp=01, gl_filler=)
2026-02-24 12:01:59 DEBUG com.abcbs.crrs.jobs.P09360.P09360FileWriter - No matching activity found for control number: 500
2026-02-24 12:01:59 DEBUG com.abcbs.crrs.jobs.P09360.P09360FileWriter - Processing record: RefundType=PER, ControlDate=2026-02-10, ControlNbr=707A, ActAmt=00000250000
2026-02-24 12:01:59 INFO  com.abcbs.crrs.jobs.P09360.P09360FileWriter - Full Record: P09GlDedsRecord(p09deds_julian=26041, p09deds_hhmmsss=0929447, filler=2900, gl_p09deds_id=01, gl_refund_type=PER, gl_control_date=2026-02-10, gl_control_nbr=707A, gl_receipt_type=PA, gl_bank_acct_nbr=, gl_acct_nbr=108200000000, gl_act_code=EST, gl_act_amt=00000250000, gl_act_date=2026-02-10, gl_report_mo=02, gl_report_yr=26, gl_patient_ln=JONES, gl_patient_fn=DOROTHY, gl_mbr_id_nbr=R08718969, gl_xref_type=, gl_xref_claim_nbr=, gl_xref_date=, gl_cash_rec_bal=00000250000, gl_corp=01, gl_filler=)
2026-02-24 12:01:59 DEBUG com.abcbs.crrs.jobs.P09360.P09360FileWriter - Detail line written for member R08718969 (refundType=PER): PER    02/10/26  707A   JONES          DOROTHY      R08718969     EST  02/10/26        $2,500.00
2026-02-24 12:01:59 INFO  com.abcbs.crrs.jobs.P09360.P09360FileWriter - act amount:2500.00
2026-02-24 12:01:59 DEBUG com.abcbs.crrs.jobs.P09360.P09360FileWriter - Processing record: RefundType=PER, ControlDate=2026-02-10, ControlNbr=707A, ActAmt=-00000250000
2026-02-24 12:01:59 INFO  com.abcbs.crrs.jobs.P09360.P09360FileWriter - Full Record: P09GlDedsRecord(p09deds_julian=26041, p09deds_hhmmsss=0929447, filler=2900, gl_p09deds_id=01, gl_refund_type=PER, gl_control_date=2026-02-10, gl_control_nbr=707A, gl_receipt_type=PA, gl_bank_acct_nbr=, gl_acct_nbr=280000000000, gl_act_code=EST, gl_act_amt=-00000250000, gl_act_date=2026-02-10, gl_report_mo=02, gl_report_yr=26, gl_patient_ln=JONES, gl_patient_fn=DOROTHY, gl_mbr_id_nbr=R08718969, gl_xref_type=, gl_xref_claim_nbr=, gl_xref_date=, gl_cash_rec_bal=00000250000, gl_corp=01, gl_filler=)
2026-02-24 12:01:59 DEBUG com.abcbs.crrs.jobs.P09360.P09360FileWriter - Suppressing refundType in detail line for record on page 1: prevRefundType matches
2026-02-24 12:01:59 DEBUG com.abcbs.crrs.jobs.P09360.P09360FileWriter - Suppressing detail fields: controlDate, controlNbr, actCode, actDate, patient names for record
2026-02-24 12:01:59 DEBUG com.abcbs.crrs.jobs.P09360.P09360FileWriter - Detail line written for member R08718969 (refundType=PER): $2,500.00-
2026-02-24 12:01:59 INFO  com.abcbs.crrs.jobs.P09360.P09360FileWriter - act amount:-2500.00
2026-02-24 12:01:59 DEBUG com.abcbs.crrs.jobs.P09360.P09360FileWriter - Processing record: RefundType=PER, ControlDate=2026-02-10, ControlNbr=707B, ActAmt=00000250000
2026-02-24 12:01:59 INFO  com.abcbs.crrs.jobs.P09360.P09360FileWriter - Full Record: P09GlDedsRecord(p09deds_julian=26041, p09deds_hhmmsss=0929447, filler=2900, gl_p09deds_id=01, gl_refund_type=PER, gl_control_date=2026-02-10, gl_control_nbr=707B, gl_receipt_type=PA, gl_bank_acct_nbr=, gl_acct_nbr=108200000000, gl_act_code=EST, gl_act_amt=00000250000, gl_act_date=2026-02-10, gl_report_mo=02, gl_report_yr=26, gl_patient_ln=LOVELL JR, gl_patient_fn=HARLAND, gl_mbr_id_nbr=R510187553, gl_xref_type=, gl_xref_claim_nbr=, gl_xref_date=, gl_cash_rec_bal=00000250000, gl_corp=01, gl_filler=)
2026-02-24 12:01:59 DEBUG com.abcbs.crrs.jobs.P09360.P09360FileWriter - Suppressing refundType in detail line for record on page 1: prevRefundType matches
2026-02-24 12:01:59 DEBUG com.abcbs.crrs.jobs.P09360.P09360FileWriter - Detail line written for member R510187553 (refundType=PER): 02/10/26  707B   LOVELL JR      HARLAND      R510187553    EST  02/10/26        $2,500.00
2026-02-24 12:01:59 INFO  com.abcbs.crrs.jobs.P09360.P09360FileWriter - act amount:2500.00
2026-02-24 12:01:59 DEBUG com.abcbs.crrs.jobs.P09360.P09360FileWriter - Processing record: RefundType=PER, ControlDate=2026-02-10, ControlNbr=707B, ActAmt=-00000250000
2026-02-24 12:01:59 INFO  com.abcbs.crrs.jobs.P09360.P09360FileWriter - Full Record: P09GlDedsRecord(p09deds_julian=26041, p09deds_hhmmsss=0929447, filler=2900, gl_p09deds_id=01, gl_refund_type=PER, gl_control_date=2026-02-10, gl_control_nbr=707B, gl_receipt_type=PA, gl_bank_acct_nbr=, gl_acct_nbr=280000000000, gl_act_code=EST, gl_act_amt=-00000250000, gl_act_date=2026-02-10, gl_report_mo=02, gl_report_yr=26, gl_patient_ln=LOVELL JR, gl_patient_fn=HARLAND, gl_mbr_id_nbr=R510187553, gl_xref_type=, gl_xref_claim_nbr=, gl_xref_date=, gl_cash_rec_bal=00000250000, gl_corp=01, gl_filler=)
2026-02-24 12:01:59 DEBUG com.abcbs.crrs.jobs.P09360.P09360FileWriter - Suppressing refundType in detail line for record on page 1: prevRefundType matches
2026-02-24 12:01:59 DEBUG com.abcbs.crrs.jobs.P09360.P09360FileWriter - Suppressing detail fields: controlDate, controlNbr, actCode, actDate, patient names for record
2026-02-24 12:01:59 DEBUG com.abcbs.crrs.jobs.P09360.P09360FileWriter - Detail line written for member R510187553 (refundType=PER): $2,500.00-
2026-02-24 12:01:59 INFO  com.abcbs.crrs.jobs.P09360.P09360FileWriter - act amount:-2500.00
2026-02-24 12:01:59 DEBUG com.abcbs.crrs.jobs.P09360.P09360FileWriter - Processing record: RefundType=PER, ControlDate=2026-02-10, ControlNbr=707C, ActAmt=00000250000
2026-02-24 12:01:59 INFO  com.abcbs.crrs.jobs.P09360.P09360FileWriter - Full Record: P09GlDedsRecord(p09deds_julian=26041, p09deds_hhmmsss=0929447, filler=2900, gl_p09deds_id=01, gl_refund_type=PER, gl_control_date=2026-02-10, gl_control_nbr=707C, gl_receipt_type=PA, gl_bank_acct_nbr=, gl_acct_nbr=108200000000, gl_act_code=EST, gl_act_amt=00000250000, gl_act_date=2026-02-10, gl_report_mo=02, gl_report_yr=26, gl_patient_ln=COTTINGHAM, gl_patient_fn=BRENDA, gl_mbr_id_nbr=R50435748, gl_xref_type=, gl_xref_claim_nbr=, gl_xref_date=, gl_cash_rec_bal=00000250000, gl_corp=01, gl_filler=)
2026-02-24 12:01:59 DEBUG com.abcbs.crrs.jobs.P09360.P09360FileWriter - Suppressing refundType in detail line for record on page 1: prevRefundType matches
2026-02-24 12:01:59 DEBUG com.abcbs.crrs.jobs.P09360.P09360FileWriter - Detail line written for member R50435748 (refundType=PER): 02/10/26  707C   COTTINGHAM     BRENDA       R50435748     EST  02/10/26        $2,500.00
2026-02-24 12:01:59 INFO  com.abcbs.crrs.jobs.P09360.P09360FileWriter - act amount:2500.00
2026-02-24 12:01:59 DEBUG com.abcbs.crrs.jobs.P09360.P09360FileWriter - Processing record: RefundType=PER, ControlDate=2026-02-10, ControlNbr=707C, ActAmt=-00000250000
2026-02-24 12:01:59 INFO  com.abcbs.crrs.jobs.P09360.P09360FileWriter - Full Record: P09GlDedsRecord(p09deds_julian=26041, p09deds_hhmmsss=0929447, filler=2900, gl_p09deds_id=01, gl_refund_type=PER, gl_control_date=2026-02-10, gl_control_nbr=707C, gl_receipt_type=PA, gl_bank_acct_nbr=, gl_acct_nbr=280000000000, gl_act_code=EST, gl_act_amt=-00000250000, gl_act_date=2026-02-10, gl_report_mo=02, gl_report_yr=26, gl_patient_ln=COTTINGHAM, gl_patient_fn=BRENDA, gl_mbr_id_nbr=R50435748, gl_xref_type=, gl_xref_claim_nbr=, gl_xref_date=, gl_cash_rec_bal=00000250000, gl_corp=01, gl_filler=)
2026-02-24 12:01:59 DEBUG com.abcbs.crrs.jobs.P09360.P09360FileWriter - Suppressing refundType in detail line for record on page 1: prevRefundType matches
2026-02-24 12:01:59 DEBUG com.abcbs.crrs.jobs.P09360.P09360FileWriter - Suppressing detail fields: controlDate, controlNbr, actCode, actDate, patient names for record
2026-02-24 12:01:59 DEBUG com.abcbs.crrs.jobs.P09360.P09360FileWriter - Detail line written for member R50435748 (refundType=PER): $2,500.00-
2026-02-24 12:01:59 INFO  com.abcbs.crrs.jobs.P09360.P09360FileWriter - act amount:-2500.00
2026-02-24 12:01:59 DEBUG com.abcbs.crrs.jobs.P09360.P09360FileWriter - Processing record: RefundType=PER, ControlDate=2026-02-10, ControlNbr=707D, ActAmt=00000249900
2026-02-24 12:01:59 INFO  com.abcbs.crrs.jobs.P09360.P09360FileWriter - Full Record: P09GlDedsRecord(p09deds_julian=26041, p09deds_hhmmsss=0929447, filler=2900, gl_p09deds_id=01, gl_refund_type=PER, gl_control_date=2026-02-10, gl_control_nbr=707D, gl_receipt_type=PA, gl_bank_acct_nbr=, gl_acct_nbr=108200000000, gl_act_code=EST, gl_act_amt=00000249900, gl_act_date=2026-02-10, gl_report_mo=02, gl_report_yr=26, gl_patient_ln=TATE, gl_patient_fn=JANICE, gl_mbr_id_nbr=R22007925, gl_xref_type=, gl_xref_claim_nbr=, gl_xref_date=, gl_cash_rec_bal=00000249900, gl_corp=01, gl_filler=)
2026-02-24 12:01:59 DEBUG com.abcbs.crrs.jobs.P09360.P09360FileWriter - Suppressing refundType in detail line for record on page 1: prevRefundType matches
2026-02-24 12:01:59 DEBUG com.abcbs.crrs.jobs.P09360.P09360FileWriter - Detail line written for member R22007925 (refundType=PER): 02/10/26  707D   TATE           JANICE       R22007925     EST  02/10/26        $2,499.00
2026-02-24 12:01:59 INFO  com.abcbs.crrs.jobs.P09360.P09360FileWriter - act amount:2499.00
2026-02-24 12:01:59 DEBUG com.abcbs.crrs.jobs.P09360.P09360FileWriter - Processing record: RefundType=PER, ControlDate=2026-02-10, ControlNbr=707D, ActAmt=-00000249900
2026-02-24 12:01:59 INFO  com.abcbs.crrs.jobs.P09360.P09360FileWriter - Full Record: P09GlDedsRecord(p09deds_julian=26041, p09deds_hhmmsss=0929447, filler=2900, gl_p09deds_id=01, gl_refund_type=PER, gl_control_date=2026-02-10, gl_control_nbr=707D, gl_receipt_type=PA, gl_bank_acct_nbr=, gl_acct_nbr=280000000000, gl_act_code=EST, gl_act_amt=-00000249900, gl_act_date=2026-02-10, gl_report_mo=02, gl_report_yr=26, gl_patient_ln=TATE, gl_patient_fn=JANICE, gl_mbr_id_nbr=R22007925, gl_xref_type=, gl_xref_claim_nbr=, gl_xref_date=, gl_cash_rec_bal=00000249900, gl_corp=01, gl_filler=)
2026-02-24 12:01:59 DEBUG com.abcbs.crrs.jobs.P09360.P09360FileWriter - Suppressing refundType in detail line for record on page 1: prevRefundType matches
2026-02-24 12:01:59 DEBUG com.abcbs.crrs.jobs.P09360.P09360FileWriter - Suppressing detail fields: controlDate, controlNbr, actCode, actDate, patient names for record
2026-02-24 12:01:59 DEBUG com.abcbs.crrs.jobs.P09360.P09360FileWriter - Detail line written for member R22007925 (refundType=PER): $2,499.00-
2026-02-24 12:01:59 INFO  com.abcbs.crrs.jobs.P09360.P09360FileWriter - act amount:-2499.00
2026-02-24 12:01:59 DEBUG com.abcbs.crrs.jobs.P09360.P09360FileWriter - Processing record: RefundType=PER, ControlDate=2026-02-10, ControlNbr=707E, ActAmt=00000402641
2026-02-24 12:01:59 INFO  com.abcbs.crrs.jobs.P09360.P09360FileWriter - Full Record: P09GlDedsRecord(p09deds_julian=26041, p09deds_hhmmsss=0929447, filler=2900, gl_p09deds_id=01, gl_refund_type=PER, gl_control_date=2026-02-10, gl_control_nbr=707E, gl_receipt_type=PA, gl_bank_acct_nbr=, gl_acct_nbr=108200000000, gl_act_code=EST, gl_act_amt=00000402641, gl_act_date=2026-02-10, gl_report_mo=02, gl_report_yr=26, gl_patient_ln=EDGAR, gl_patient_fn=LETHA, gl_mbr_id_nbr=E4KFM1161052, gl_xref_type=, gl_xref_claim_nbr=, gl_xref_date=, gl_cash_rec_bal=00000402641, gl_corp=01, gl_filler=)
2026-02-24 12:01:59 DEBUG com.abcbs.crrs.jobs.P09360.P09360FileWriter - Suppressing refundType in detail line for record on page 1: prevRefundType matches
2026-02-24 12:01:59 DEBUG com.abcbs.crrs.jobs.P09360.P09360FileWriter - Detail line written for member E4KFM1161052 (refundType=PER): 02/10/26  707E   EDGAR          LETHA        E4KFM1161052  EST  02/10/26        $4,026.41
2026-02-24 12:01:59 INFO  com.abcbs.crrs.jobs.P09360.P09360FileWriter - act amount:4026.41
2026-02-24 12:01:59 DEBUG com.abcbs.crrs.jobs.P09360.P09360FileWriter - Processing record: RefundType=PER, ControlDate=2026-02-10, ControlNbr=707E, ActAmt=-00000402641
2026-02-24 12:01:59 INFO  com.abcbs.crrs.jobs.P09360.P09360FileWriter - Full Record: P09GlDedsRecord(p09deds_julian=26041, p09deds_hhmmsss=0929447, filler=2900, gl_p09deds_id=01, gl_refund_type=PER, gl_control_date=2026-02-10, gl_control_nbr=707E, gl_receipt_type=PA, gl_bank_acct_nbr=, gl_acct_nbr=280000000000, gl_act_code=EST, gl_act_amt=-00000402641, gl_act_date=2026-02-10, gl_report_mo=02, gl_report_yr=26, gl_patient_ln=EDGAR, gl_patient_fn=LETHA, gl_mbr_id_nbr=E4KFM1161052, gl_xref_type=, gl_xref_claim_nbr=, gl_xref_date=, gl_cash_rec_bal=00000402641, gl_corp=01, gl_filler=)
2026-02-24 12:01:59 DEBUG com.abcbs.crrs.jobs.P09360.P09360FileWriter - Suppressing refundType in detail line for record on page 1: prevRefundType matches
2026-02-24 12:01:59 DEBUG com.abcbs.crrs.jobs.P09360.P09360FileWriter - Suppressing detail fields: controlDate, controlNbr, actCode, actDate, patient names for record
2026-02-24 12:01:59 DEBUG com.abcbs.crrs.jobs.P09360.P09360FileWriter - Detail line written for member E4KFM1161052 (refundType=PER): $4,026.41-
2026-02-24 12:01:59 INFO  com.abcbs.crrs.jobs.P09360.P09360FileWriter - act amount:-4026.41
2026-02-24 12:01:59 DEBUG com.abcbs.crrs.jobs.P09360.P09360FileWriter - Processing record: RefundType=PER, ControlDate=2026-02-10, ControlNbr=707F, ActAmt=00000840000
2026-02-24 12:01:59 INFO  com.abcbs.crrs.jobs.P09360.P09360FileWriter - Full Record: P09GlDedsRecord(p09deds_julian=26041, p09deds_hhmmsss=0929447, filler=2900, gl_p09deds_id=01, gl_refund_type=PER, gl_control_date=2026-02-10, gl_control_nbr=707F, gl_receipt_type=PA, gl_bank_acct_nbr=, gl_acct_nbr=108200000000, gl_act_code=EST, gl_act_amt=00000840000, gl_act_date=2026-02-10, gl_report_mo=02, gl_report_yr=26, gl_patient_ln=PATIENTS, gl_patient_fn=SEVERAL, gl_mbr_id_nbr=999999999999, gl_xref_type=, gl_xref_claim_nbr=, gl_xref_date=, gl_cash_rec_bal=00000840000, gl_corp=01, gl_filler=)
2026-02-24 12:01:59 DEBUG com.abcbs.crrs.jobs.P09360.P09360FileWriter - Suppressing refundType in detail line for record on page 1: prevRefundType matches
2026-02-24 12:01:59 DEBUG com.abcbs.crrs.jobs.P09360.P09360FileWriter - Detail line written for member 999999999999 (refundType=PER): 02/10/26  707F   PATIENTS       SEVERAL      999999999999  EST  02/10/26        $8,400.00
2026-02-24 12:01:59 INFO  com.abcbs.crrs.jobs.P09360.P09360FileWriter - act amount:8400.00
2026-02-24 12:01:59 DEBUG com.abcbs.crrs.jobs.P09360.P09360FileWriter - Processing record: RefundType=PER, ControlDate=2026-02-10, ControlNbr=707F, ActAmt=-00000840000
2026-02-24 12:01:59 INFO  com.abcbs.crrs.jobs.P09360.P09360FileWriter - Full Record: P09GlDedsRecord(p09deds_julian=26041, p09deds_hhmmsss=0929447, filler=2900, gl_p09deds_id=01, gl_refund_type=PER, gl_control_date=2026-02-10, gl_control_nbr=707F, gl_receipt_type=PA, gl_bank_acct_nbr=, gl_acct_nbr=280000000000, gl_act_code=EST, gl_act_amt=-00000840000, gl_act_date=2026-02-10, gl_report_mo=02, gl_report_yr=26, gl_patient_ln=PATIENTS, gl_patient_fn=SEVERAL, gl_mbr_id_nbr=999999999999, gl_xref_type=, gl_xref_claim_nbr=, gl_xref_date=, gl_cash_rec_bal=00000840000, gl_corp=01, gl_filler=)
2026-02-24 12:01:59 DEBUG com.abcbs.crrs.jobs.P09360.P09360FileWriter - Suppressing refundType in detail line for record on page 1: prevRefundType matches
2026-02-24 12:01:59 DEBUG com.abcbs.crrs.jobs.P09360.P09360FileWriter - Suppressing detail fields: controlDate, controlNbr, actCode, actDate, patient names for record
2026-02-24 12:01:59 DEBUG com.abcbs.crrs.jobs.P09360.P09360FileWriter - Detail line written for member 999999999999 (refundType=PER): $8,400.00-
2026-02-24 12:01:59 INFO  com.abcbs.crrs.jobs.P09360.P09360FileWriter - act amount:-8400.00
2026-02-24 12:01:59 DEBUG com.abcbs.crrs.jobs.P09360.P09360FileWriter - Processing record: RefundType=PER, ControlDate=2026-02-10, ControlNbr=708A, ActAmt=00000003366
2026-02-24 12:01:59 INFO  com.abcbs.crrs.jobs.P09360.P09360FileWriter - Full Record: P09GlDedsRecord(p09deds_julian=26041, p09deds_hhmmsss=0929447, filler=2900, gl_p09deds_id=01, gl_refund_type=PER, gl_control_date=2026-02-10, gl_control_nbr=708A, gl_receipt_type=PA, gl_bank_acct_nbr=, gl_acct_nbr=108200000000, gl_act_code=EST, gl_act_amt=00000003366, gl_act_date=2026-02-10, gl_report_mo=02, gl_report_yr=26, gl_patient_ln=NICHOLS, gl_patient_fn=MICHAEL, gl_mbr_id_nbr=RTE103781663, gl_xref_type=, gl_xref_claim_nbr=, gl_xref_date=, gl_cash_rec_bal=00000003366, gl_corp=01, gl_filler=)
2026-02-24 12:01:59 DEBUG com.abcbs.crrs.jobs.P09360.P09360FileWriter - Suppressing refundType in detail line for record on page 1: prevRefundType matches
2026-02-24 12:01:59 DEBUG com.abcbs.crrs.jobs.P09360.P09360FileWriter - Detail line written for member RTE103781663 (refundType=PER): 02/10/26  708A   NICHOLS        MICHAEL      RTE103781663  EST  02/10/26           $33.66
2026-02-24 12:01:59 INFO  com.abcbs.crrs.jobs.P09360.P09360FileWriter - act amount:33.66
2026-02-24 12:01:59 DEBUG com.abcbs.crrs.jobs.P09360.P09360FileWriter - Processing record: RefundType=PER, ControlDate=2026-02-10, ControlNbr=708A, ActAmt=-00000003366
2026-02-24 12:01:59 INFO  com.abcbs.crrs.jobs.P09360.P09360FileWriter - Full Record: P09GlDedsRecord(p09deds_julian=26041, p09deds_hhmmsss=0929447, filler=2900, gl_p09deds_id=01, gl_refund_type=PER, gl_control_date=2026-02-10, gl_control_nbr=708A, gl_receipt_type=PA, gl_bank_acct_nbr=, gl_acct_nbr=280000000000, gl_act_code=EST, gl_act_amt=-00000003366, gl_act_date=2026-02-10, gl_report_mo=02, gl_report_yr=26, gl_patient_ln=NICHOLS, gl_patient_fn=MICHAEL, gl_mbr_id_nbr=RTE103781663, gl_xref_type=, gl_xref_claim_nbr=, gl_xref_date=, gl_cash_rec_bal=00000003366, gl_corp=01, gl_filler=)
2026-02-24 12:01:59 DEBUG com.abcbs.crrs.jobs.P09360.P09360FileWriter - Suppressing refundType in detail line for record on page 1: prevRefundType matches
2026-02-24 12:01:59 DEBUG com.abcbs.crrs.jobs.P09360.P09360FileWriter - Suppressing detail fields: controlDate, controlNbr, actCode, actDate, patient names for record
2026-02-24 12:01:59 DEBUG com.abcbs.crrs.jobs.P09360.P09360FileWriter - Detail line written for member RTE103781663 (refundType=PER): $33.66-
2026-02-24 12:01:59 INFO  com.abcbs.crrs.jobs.P09360.P09360FileWriter - act amount:-33.66
2026-02-24 12:01:59 DEBUG com.abcbs.crrs.jobs.P09360.P09360FileWriter - Processing record: RefundType=PER, ControlDate=2026-02-10, ControlNbr=708B, ActAmt=00000009200
2026-02-24 12:01:59 INFO  com.abcbs.crrs.jobs.P09360.P09360FileWriter - Full Record: P09GlDedsRecord(p09deds_julian=26041, p09deds_hhmmsss=0929447, filler=2900, gl_p09deds_id=01, gl_refund_type=PER, gl_control_date=2026-02-10, gl_control_nbr=708B, gl_receipt_type=PA, gl_bank_acct_nbr=, gl_acct_nbr=108200000000, gl_act_code=EST, gl_act_amt=00000009200, gl_act_date=2026-02-10, gl_report_mo=02, gl_report_yr=26, gl_patient_ln=RICHARD, gl_patient_fn=KAREN, gl_mbr_id_nbr=HBU498M94353, gl_xref_type=, gl_xref_claim_nbr=, gl_xref_date=, gl_cash_rec_bal=00000009200, gl_corp=01, gl_filler=)
2026-02-24 12:01:59 DEBUG com.abcbs.crrs.jobs.P09360.P09360FileWriter - Suppressing refundType in detail line for record on page 1: prevRefundType matches
2026-02-24 12:01:59 DEBUG com.abcbs.crrs.jobs.P09360.P09360FileWriter - Detail line written for member HBU498M94353 (refundType=PER): 02/10/26  708B   RICHARD        KAREN        HBU498M94353  EST  02/10/26           $92.00
2026-02-24 12:01:59 INFO  com.abcbs.crrs.jobs.P09360.P09360FileWriter - act amount:92.00
2026-02-24 12:01:59 DEBUG com.abcbs.crrs.jobs.P09360.P09360FileWriter - Processing record: RefundType=PER, ControlDate=2026-02-10, ControlNbr=708B, ActAmt=-00000009200
2026-02-24 12:01:59 INFO  com.abcbs.crrs.jobs.P09360.P09360FileWriter - Full Record: P09GlDedsRecord(p09deds_julian=26041, p09deds_hhmmsss=0929447, filler=2900, gl_p09deds_id=01, gl_refund_type=PER, gl_control_date=2026-02-10, gl_control_nbr=708B, gl_receipt_type=PA, gl_bank_acct_nbr=, gl_acct_nbr=280000000000, gl_act_code=EST, gl_act_amt=-00000009200, gl_act_date=2026-02-10, gl_report_mo=02, gl_report_yr=26, gl_patient_ln=RICHARD, gl_patient_fn=KAREN, gl_mbr_id_nbr=HBU498M94353, gl_xref_type=, gl_xref_claim_nbr=, gl_xref_date=, gl_cash_rec_bal=00000009200, gl_corp=01, gl_filler=)
2026-02-24 12:01:59 DEBUG com.abcbs.crrs.jobs.P09360.P09360FileWriter - Suppressing refundType in detail line for record on page 1: prevRefundType matches
2026-02-24 12:01:59 DEBUG com.abcbs.crrs.jobs.P09360.P09360FileWriter - Suppressing detail fields: controlDate, controlNbr, actCode, actDate, patient names for record
2026-02-24 12:01:59 DEBUG com.abcbs.crrs.jobs.P09360.P09360FileWriter - Detail line written for member HBU498M94353 (refundType=PER): $92.00-
2026-02-24 12:01:59 INFO  com.abcbs.crrs.jobs.P09360.P09360FileWriter - act amount:-92.00
2026-02-24 12:01:59 DEBUG com.abcbs.crrs.jobs.P09360.P09360FileWriter - Processing record: RefundType=PER, ControlDate=2026-02-10, ControlNbr=708C, ActAmt=00000009255
2026-02-24 12:01:59 INFO  com.abcbs.crrs.jobs.P09360.P09360FileWriter - Full Record: P09GlDedsRecord(p09deds_julian=26041, p09deds_hhmmsss=0929447, filler=2900, gl_p09deds_id=01, gl_refund_type=PER, gl_control_date=2026-02-10, gl_control_nbr=708C, gl_receipt_type=PA, gl_bank_acct_nbr=, gl_acct_nbr=108200000000, gl_act_code=EST, gl_act_amt=00000009255, gl_act_date=2026-02-10, gl_report_mo=02, gl_report_yr=26, gl_patient_ln=VAUGHN, gl_patient_fn=RANDALL, gl_mbr_id_nbr=BVA476M65508, gl_xref_type=, gl_xref_claim_nbr=, gl_xref_date=, gl_cash_rec_bal=00000009255, gl_corp=01, gl_filler=)
2026-02-24 12:01:59 DEBUG com.abcbs.crrs.jobs.P09360.P09360FileWriter - Suppressing refundType in detail line for record on page 1: prevRefundType matches
2026-02-24 12:01:59 DEBUG com.abcbs.crrs.jobs.P09360.P09360FileWriter - Detail line written for member BVA476M65508 (refundType=PER): 02/10/26  708C   VAUGHN         RANDALL      BVA476M65508  EST  02/10/26           $92.55
2026-02-24 12:01:59 INFO  com.abcbs.crrs.jobs.P09360.P09360FileWriter - act amount:92.55
2026-02-24 12:01:59 DEBUG com.abcbs.crrs.jobs.P09360.P09360FileWriter - Processing record: RefundType=PER, ControlDate=2026-02-10, ControlNbr=708C, ActAmt=-00000009255
2026-02-24 12:01:59 INFO  com.abcbs.crrs.jobs.P09360.P09360FileWriter - Full Record: P09GlDedsRecord(p09deds_julian=26041, p09deds_hhmmsss=0929447, filler=2900, gl_p09deds_id=01, gl_refund_type=PER, gl_control_date=2026-02-10, gl_control_nbr=708C, gl_receipt_type=PA, gl_bank_acct_nbr=, gl_acct_nbr=280000000000, gl_act_code=EST, gl_act_amt=-00000009255, gl_act_date=2026-02-10, gl_report_mo=02, gl_report_yr=26, gl_patient_ln=VAUGHN, gl_patient_fn=RANDALL, gl_mbr_id_nbr=BVA476M65508, gl_xref_type=, gl_xref_claim_nbr=, gl_xref_date=, gl_cash_rec_bal=00000009255, gl_corp=01, gl_filler=)
2026-02-24 12:01:59 DEBUG com.abcbs.crrs.jobs.P09360.P09360FileWriter - Suppressing refundType in detail line for record on page 1: prevRefundType matches
2026-02-24 12:01:59 DEBUG com.abcbs.crrs.jobs.P09360.P09360FileWriter - Suppressing detail fields: controlDate, controlNbr, actCode, actDate, patient names for record
2026-02-24 12:01:59 DEBUG com.abcbs.crrs.jobs.P09360.P09360FileWriter - Detail line written for member BVA476M65508 (refundType=PER): $92.55-
2026-02-24 12:01:59 INFO  com.abcbs.crrs.jobs.P09360.P09360FileWriter - act amount:-92.55
2026-02-24 12:01:59 DEBUG com.abcbs.crrs.jobs.P09360.P09360FileWriter - Processing record: RefundType=PER, ControlDate=2026-02-10, ControlNbr=708D, ActAmt=00000012312
2026-02-24 12:01:59 INFO  com.abcbs.crrs.jobs.P09360.P09360FileWriter - Full Record: P09GlDedsRecord(p09deds_julian=26041, p09deds_hhmmsss=0929447, filler=2900, gl_p09deds_id=01, gl_refund_type=PER, gl_control_date=2026-02-10, gl_control_nbr=708D, gl_receipt_type=PA, gl_bank_acct_nbr=, gl_acct_nbr=108200000000, gl_act_code=EST, gl_act_amt=00000012312, gl_act_date=2026-02-10, gl_report_mo=02, gl_report_yr=26, gl_patient_ln=RICHARD, gl_patient_fn=MICHAEL, gl_mbr_id_nbr=GFM697M98209, gl_xref_type=, gl_xref_claim_nbr=, gl_xref_date=, gl_cash_rec_bal=00000012312, gl_corp=01, gl_filler=)
2026-02-24 12:01:59 DEBUG com.abcbs.crrs.jobs.P09360.P09360FileWriter - Suppressing refundType in detail line for record on page 1: prevRefundType matches
2026-02-24 12:01:59 DEBUG com.abcbs.crrs.jobs.P09360.P09360FileWriter - Detail line written for member GFM697M98209 (refundType=PER): 02/10/26  708D   RICHARD        MICHAEL      GFM697M98209  EST  02/10/26          $123.12
2026-02-24 12:01:59 INFO  com.abcbs.crrs.jobs.P09360.P09360FileWriter - act amount:123.12
2026-02-24 12:01:59 DEBUG com.abcbs.crrs.jobs.P09360.P09360FileWriter - Processing record: RefundType=PER, ControlDate=2026-02-10, ControlNbr=708D, ActAmt=-00000012312
2026-02-24 12:01:59 INFO  com.abcbs.crrs.jobs.P09360.P09360FileWriter - Full Record: P09GlDedsRecord(p09deds_julian=26041, p09deds_hhmmsss=0929447, filler=2900, gl_p09deds_id=01, gl_refund_type=PER, gl_control_date=2026-02-10, gl_control_nbr=708D, gl_receipt_type=PA, gl_bank_acct_nbr=, gl_acct_nbr=280000000000, gl_act_code=EST, gl_act_amt=-00000012312, gl_act_date=2026-02-10, gl_report_mo=02, gl_report_yr=26, gl_patient_ln=RICHARD, gl_patient_fn=MICHAEL, gl_mbr_id_nbr=GFM697M98209, gl_xref_type=, gl_xref_claim_nbr=, gl_xref_date=, gl_cash_rec_bal=00000012312, gl_corp=01, gl_filler=)
2026-02-24 12:01:59 DEBUG com.abcbs.crrs.jobs.P09360.P09360FileWriter - Suppressing refundType in detail line for record on page 1: prevRefundType matches
2026-02-24 12:01:59 DEBUG com.abcbs.crrs.jobs.P09360.P09360FileWriter - Suppressing detail fields: controlDate, controlNbr, actCode, actDate, patient names for record
2026-02-24 12:01:59 DEBUG com.abcbs.crrs.jobs.P09360.P09360FileWriter - Detail line written for member GFM697M98209 (refundType=PER): $123.12-
2026-02-24 12:01:59 INFO  com.abcbs.crrs.jobs.P09360.P09360FileWriter - act amount:-123.12
2026-02-24 12:01:59 DEBUG com.abcbs.crrs.jobs.P09360.P09360FileWriter - Processing record: RefundType=PER, ControlDate=2026-02-10, ControlNbr=709A, ActAmt=00000000391
2026-02-24 12:01:59 INFO  com.abcbs.crrs.jobs.P09360.P09360FileWriter - Full Record: P09GlDedsRecord(p09deds_julian=26041, p09deds_hhmmsss=0929447, filler=2900, gl_p09deds_id=01, gl_refund_type=PER, gl_control_date=2026-02-10, gl_control_nbr=709A, gl_receipt_type=PA, gl_bank_acct_nbr=, gl_acct_nbr=108200000000, gl_act_code=EST, gl_act_amt=00000000391, gl_act_date=2026-02-10, gl_report_mo=02, gl_report_yr=26, gl_patient_ln=POOL, gl_patient_fn=PAUL, gl_mbr_id_nbr=R57687966, gl_xref_type=, gl_xref_claim_nbr=, gl_xref_date=, gl_cash_rec_bal=00000000391, gl_corp=01, gl_filler=)
2026-02-24 12:01:59 DEBUG com.abcbs.crrs.jobs.P09360.P09360FileWriter - Suppressing refundType in detail line for record on page 1: prevRefundType matches
2026-02-24 12:01:59 DEBUG com.abcbs.crrs.jobs.P09360.P09360FileWriter - Detail line written for member R57687966 (refundType=PER): 02/10/26  709A   POOL           PAUL         R57687966     EST  02/10/26            $3.91
2026-02-24 12:01:59 INFO  com.abcbs.crrs.jobs.P09360.P09360FileWriter - act amount:3.91
2026-02-24 12:01:59 DEBUG com.abcbs.crrs.jobs.P09360.P09360FileWriter - Processing record: RefundType=PER, ControlDate=2026-02-10, ControlNbr=709A, ActAmt=-00000000391
2026-02-24 12:01:59 INFO  com.abcbs.crrs.jobs.P09360.P09360FileWriter - Full Record: P09GlDedsRecord(p09deds_julian=26041, p09deds_hhmmsss=0929447, filler=2900, gl_p09deds_id=01, gl_refund_type=PER, gl_control_date=2026-02-10, gl_control_nbr=709A, gl_receipt_type=PA, gl_bank_acct_nbr=, gl_acct_nbr=280000000000, gl_act_code=EST, gl_act_amt=-00000000391, gl_act_date=2026-02-10, gl_report_mo=02, gl_report_yr=26, gl_patient_ln=POOL, gl_patient_fn=PAUL, gl_mbr_id_nbr=R57687966, gl_xref_type=, gl_xref_claim_nbr=, gl_xref_date=, gl_cash_rec_bal=00000000391, gl_corp=01, gl_filler=)
2026-02-24 12:01:59 DEBUG com.abcbs.crrs.jobs.P09360.P09360FileWriter - Suppressing refundType in detail line for record on page 1: prevRefundType matches
2026-02-24 12:01:59 DEBUG com.abcbs.crrs.jobs.P09360.P09360FileWriter - Suppressing detail fields: controlDate, controlNbr, actCode, actDate, patient names for record
2026-02-24 12:01:59 DEBUG com.abcbs.crrs.jobs.P09360.P09360FileWriter - Detail line written for member R57687966 (refundType=PER): $3.91-
2026-02-24 12:01:59 INFO  com.abcbs.crrs.jobs.P09360.P09360FileWriter - act amount:-3.91
2026-02-24 12:01:59 DEBUG com.abcbs.crrs.jobs.P09360.P09360FileWriter - Processing record: RefundType=PER, ControlDate=2026-02-10, ControlNbr=709B, ActAmt=00000069034
2026-02-24 12:01:59 INFO  com.abcbs.crrs.jobs.P09360.P09360FileWriter - Full Record: P09GlDedsRecord(p09deds_julian=26041, p09deds_hhmmsss=0929447, filler=2900, gl_p09deds_id=01, gl_refund_type=PER, gl_control_date=2026-02-10, gl_control_nbr=709B, gl_receipt_type=PA, gl_bank_acct_nbr=, gl_acct_nbr=108200000000, gl_act_code=EST, gl_act_amt=00000069034, gl_act_date=2026-02-10, gl_report_mo=02, gl_report_yr=26, gl_patient_ln=STEPHENSON, gl_patient_fn=BUFFY, gl_mbr_id_nbr=R59423386, gl_xref_type=, gl_xref_claim_nbr=, gl_xref_date=, gl_cash_rec_bal=00000069034, gl_corp=01, gl_filler=)
2026-02-24 12:01:59 DEBUG com.abcbs.crrs.jobs.P09360.P09360FileWriter - Suppressing refundType in detail line for record on page 1: prevRefundType matches
2026-02-24 12:01:59 DEBUG com.abcbs.crrs.jobs.P09360.P09360FileWriter - Detail line written for member R59423386 (refundType=PER): 02/10/26  709B   STEPHENSON     BUFFY        R59423386     EST  02/10/26          $690.34
2026-02-24 12:01:59 INFO  com.abcbs.crrs.jobs.P09360.P09360FileWriter - act amount:690.34
2026-02-24 12:01:59 DEBUG com.abcbs.crrs.jobs.P09360.P09360FileWriter - Processing record: RefundType=PER, ControlDate=2026-02-10, ControlNbr=709B, ActAmt=-00000069034
2026-02-24 12:01:59 INFO  com.abcbs.crrs.jobs.P09360.P09360FileWriter - Full Record: P09GlDedsRecord(p09deds_julian=26041, p09deds_hhmmsss=0929447, filler=2900, gl_p09deds_id=01, gl_refund_type=PER, gl_control_date=2026-02-10, gl_control_nbr=709B, gl_receipt_type=PA, gl_bank_acct_nbr=, gl_acct_nbr=280000000000, gl_act_code=EST, gl_act_amt=-00000069034, gl_act_date=2026-02-10, gl_report_mo=02, gl_report_yr=26, gl_patient_ln=STEPHENSON, gl_patient_fn=BUFFY, gl_mbr_id_nbr=R59423386, gl_xref_type=, gl_xref_claim_nbr=, gl_xref_date=, gl_cash_rec_bal=00000069034, gl_corp=01, gl_filler=)
2026-02-24 12:01:59 DEBUG com.abcbs.crrs.jobs.P09360.P09360FileWriter - Suppressing refundType in detail line for record on page 1: prevRefundType matches
2026-02-24 12:01:59 DEBUG com.abcbs.crrs.jobs.P09360.P09360FileWriter - Suppressing detail fields: controlDate, controlNbr, actCode, actDate, patient names for record
2026-02-24 12:01:59 DEBUG com.abcbs.crrs.jobs.P09360.P09360FileWriter - Detail line written for member R59423386 (refundType=PER): $690.34-
2026-02-24 12:01:59 INFO  com.abcbs.crrs.jobs.P09360.P09360FileWriter - act amount:-690.34
2026-02-24 12:01:59 DEBUG com.abcbs.crrs.jobs.P09360.P09360FileWriter - Processing record: RefundType=PER, ControlDate=2026-02-10, ControlNbr=700, ActAmt=00000003755
2026-02-24 12:01:59 INFO  com.abcbs.crrs.jobs.P09360.P09360FileWriter - Full Record: P09GlDedsRecord(p09deds_julian=26041, p09deds_hhmmsss=0827143, filler=2900, gl_p09deds_id=01, gl_refund_type=PER, gl_control_date=2026-02-10, gl_control_nbr=700, gl_receipt_type=PA, gl_bank_acct_nbr=, gl_acct_nbr=108200000000, gl_act_code=EST, gl_act_amt=00000003755, gl_act_date=2026-02-10, gl_report_mo=02, gl_report_yr=26, gl_patient_ln=DOBBINS, gl_patient_fn=VIRA, gl_mbr_id_nbr=R60809972, gl_xref_type=, gl_xref_claim_nbr=, gl_xref_date=, gl_cash_rec_bal=00000003755, gl_corp=01, gl_filler=)
2026-02-24 12:01:59 DEBUG com.abcbs.crrs.jobs.P09360.P09360FileWriter - Suppressing refundType in detail line for record on page 1: prevRefundType matches
2026-02-24 12:01:59 DEBUG com.abcbs.crrs.jobs.P09360.P09360FileWriter - Detail line written for member R60809972 (refundType=PER): 02/10/26  700    DOBBINS        VIRA         R60809972     EST  02/10/26           $37.55
2026-02-24 12:01:59 INFO  com.abcbs.crrs.jobs.P09360.P09360FileWriter - act amount:37.55
2026-02-24 12:01:59 DEBUG com.abcbs.crrs.jobs.P09360.P09360FileWriter - Processing record: RefundType=PER, ControlDate=2026-02-10, ControlNbr=700, ActAmt=-00000003755
2026-02-24 12:01:59 INFO  com.abcbs.crrs.jobs.P09360.P09360FileWriter - Full Record: P09GlDedsRecord(p09deds_julian=26041, p09deds_hhmmsss=0827143, filler=2900, gl_p09deds_id=01, gl_refund_type=PER, gl_control_date=2026-02-10, gl_control_nbr=700, gl_receipt_type=PA, gl_bank_acct_nbr=, gl_acct_nbr=280000000000, gl_act_code=EST, gl_act_amt=-00000003755, gl_act_date=2026-02-10, gl_report_mo=02, gl_report_yr=26, gl_patient_ln=DOBBINS, gl_patient_fn=VIRA, gl_mbr_id_nbr=R60809972, gl_xref_type=, gl_xref_claim_nbr=, gl_xref_date=, gl_cash_rec_bal=00000003755, gl_corp=01, gl_filler=)
2026-02-24 12:01:59 DEBUG com.abcbs.crrs.jobs.P09360.P09360FileWriter - Suppressing refundType in detail line for record on page 1: prevRefundType matches
2026-02-24 12:01:59 DEBUG com.abcbs.crrs.jobs.P09360.P09360FileWriter - Suppressing detail fields: controlDate, controlNbr, actCode, actDate, patient names for record
2026-02-24 12:01:59 DEBUG com.abcbs.crrs.jobs.P09360.P09360FileWriter - Detail line written for member R60809972 (refundType=PER): $37.55-
2026-02-24 12:01:59 INFO  com.abcbs.crrs.jobs.P09360.P09360FileWriter - act amount:-37.55
2026-02-24 12:01:59 DEBUG com.abcbs.crrs.jobs.P09360.P09360FileWriter - Processing record: RefundType=PER, ControlDate=2026-02-10, ControlNbr=701, ActAmt=00000021872
2026-02-24 12:01:59 INFO  com.abcbs.crrs.jobs.P09360.P09360FileWriter - Full Record: P09GlDedsRecord(p09deds_julian=26041, p09deds_hhmmsss=0827143, filler=2900, gl_p09deds_id=01, gl_refund_type=PER, gl_control_date=2026-02-10, gl_control_nbr=701, gl_receipt_type=PA, gl_bank_acct_nbr=, gl_acct_nbr=108200000000, gl_act_code=EST, gl_act_amt=00000021872, gl_act_date=2026-02-10, gl_report_mo=02, gl_report_yr=26, gl_patient_ln=WOODS, gl_patient_fn=CAROL, gl_mbr_id_nbr=R57960506, gl_xref_type=, gl_xref_claim_nbr=, gl_xref_date=, gl_cash_rec_bal=00000021872, gl_corp=01, gl_filler=)
2026-02-24 12:01:59 DEBUG com.abcbs.crrs.jobs.P09360.P09360FileWriter - Suppressing refundType in detail line for record on page 1: prevRefundType matches
2026-02-24 12:01:59 DEBUG com.abcbs.crrs.jobs.P09360.P09360FileWriter - Detail line written for member R57960506 (refundType=PER): 02/10/26  701    WOODS          CAROL        R57960506     EST  02/10/26          $218.72
2026-02-24 12:01:59 INFO  com.abcbs.crrs.jobs.P09360.P09360FileWriter - act amount:218.72
2026-02-24 12:01:59 DEBUG com.abcbs.crrs.jobs.P09360.P09360FileWriter - Processing record: RefundType=PER, ControlDate=2026-02-10, ControlNbr=701, ActAmt=-00000021872
2026-02-24 12:01:59 INFO  com.abcbs.crrs.jobs.P09360.P09360FileWriter - Full Record: P09GlDedsRecord(p09deds_julian=26041, p09deds_hhmmsss=0827143, filler=2900, gl_p09deds_id=01, gl_refund_type=PER, gl_control_date=2026-02-10, gl_control_nbr=701, gl_receipt_type=PA, gl_bank_acct_nbr=, gl_acct_nbr=280000000000, gl_act_code=EST, gl_act_amt=-00000021872, gl_act_date=2026-02-10, gl_report_mo=02, gl_report_yr=26, gl_patient_ln=WOODS, gl_patient_fn=CAROL, gl_mbr_id_nbr=R57960506, gl_xref_type=, gl_xref_claim_nbr=, gl_xref_date=, gl_cash_rec_bal=00000021872, gl_corp=01, gl_filler=)
2026-02-24 12:01:59 DEBUG com.abcbs.crrs.jobs.P09360.P09360FileWriter - Suppressing refundType in detail line for record on page 1: prevRefundType matches
2026-02-24 12:01:59 DEBUG com.abcbs.crrs.jobs.P09360.P09360FileWriter - Suppressing detail fields: controlDate, controlNbr, actCode, actDate, patient names for record
2026-02-24 12:01:59 DEBUG com.abcbs.crrs.jobs.P09360.P09360FileWriter - Detail line written for member R57960506 (refundType=PER): $218.72-
2026-02-24 12:01:59 INFO  com.abcbs.crrs.jobs.P09360.P09360FileWriter - act amount:-218.72
2026-02-24 12:01:59 DEBUG com.abcbs.crrs.jobs.P09360.P09360FileWriter - Processing record: RefundType=PER, ControlDate=2026-02-10, ControlNbr=702, ActAmt=00000009898
2026-02-24 12:01:59 INFO  com.abcbs.crrs.jobs.P09360.P09360FileWriter - Full Record: P09GlDedsRecord(p09deds_julian=26041, p09deds_hhmmsss=0827143, filler=2900, gl_p09deds_id=01, gl_refund_type=PER, gl_control_date=2026-02-10, gl_control_nbr=702, gl_receipt_type=PA, gl_bank_acct_nbr=, gl_acct_nbr=108200000000, gl_act_code=EST, gl_act_amt=00000009898, gl_act_date=2026-02-10, gl_report_mo=02, gl_report_yr=26, gl_patient_ln=STRATTON, gl_patient_fn=JEFFERY, gl_mbr_id_nbr=YUP831173854, gl_xref_type=, gl_xref_claim_nbr=, gl_xref_date=, gl_cash_rec_bal=00000009898, gl_corp=01, gl_filler=)
2026-02-24 12:01:59 DEBUG com.abcbs.crrs.jobs.P09360.P09360FileWriter - Suppressing refundType in detail line for record on page 1: prevRefundType matches
2026-02-24 12:01:59 DEBUG com.abcbs.crrs.jobs.P09360.P09360FileWriter - Detail line written for member YUP831173854 (refundType=PER): 02/10/26  702    STRATTON       JEFFERY      YUP831173854  EST  02/10/26           $98.98
2026-02-24 12:01:59 INFO  com.abcbs.crrs.jobs.P09360.P09360FileWriter - act amount:98.98
2026-02-24 12:01:59 DEBUG com.abcbs.crrs.jobs.P09360.P09360FileWriter - Processing record: RefundType=PER, ControlDate=2026-02-10, ControlNbr=702, ActAmt=-00000009898
2026-02-24 12:01:59 INFO  com.abcbs.crrs.jobs.P09360.P09360FileWriter - Full Record: P09GlDedsRecord(p09deds_julian=26041, p09deds_hhmmsss=0827143, filler=2900, gl_p09deds_id=01, gl_refund_type=PER, gl_control_date=2026-02-10, gl_control_nbr=702, gl_receipt_type=PA, gl_bank_acct_nbr=, gl_acct_nbr=280000000000, gl_act_code=EST, gl_act_amt=-00000009898, gl_act_date=2026-02-10, gl_report_mo=02, gl_report_yr=26, gl_patient_ln=STRATTON, gl_patient_fn=JEFFERY, gl_mbr_id_nbr=YUP831173854, gl_xref_type=, gl_xref_claim_nbr=, gl_xref_date=, gl_cash_rec_bal=00000009898, gl_corp=01, gl_filler=)
2026-02-24 12:01:59 DEBUG com.abcbs.crrs.jobs.P09360.P09360FileWriter - Suppressing refundType in detail line for record on page 1: prevRefundType matches
2026-02-24 12:01:59 DEBUG com.abcbs.crrs.jobs.P09360.P09360FileWriter - Suppressing detail fields: controlDate, controlNbr, actCode, actDate, patient names for record
2026-02-24 12:01:59 DEBUG com.abcbs.crrs.jobs.P09360.P09360FileWriter - Detail line written for member YUP831173854 (refundType=PER): $98.98-
2026-02-24 12:01:59 INFO  com.abcbs.crrs.jobs.P09360.P09360FileWriter - act amount:-98.98
2026-02-24 12:01:59 DEBUG com.abcbs.crrs.jobs.P09360.P09360FileWriter - Processing record: RefundType=PER, ControlDate=2026-02-10, ControlNbr=703, ActAmt=00000126887
2026-02-24 12:01:59 INFO  com.abcbs.crrs.jobs.P09360.P09360FileWriter - Full Record: P09GlDedsRecord(p09deds_julian=26041, p09deds_hhmmsss=0827143, filler=2900, gl_p09deds_id=01, gl_refund_type=PER, gl_control_date=2026-02-10, gl_control_nbr=703, gl_receipt_type=PA, gl_bank_acct_nbr=, gl_acct_nbr=108200000000, gl_act_code=EST, gl_act_amt=00000126887, gl_act_date=2026-02-10, gl_report_mo=02, gl_report_yr=26, gl_patient_ln=BRANHAM, gl_patient_fn=ASHTON, gl_mbr_id_nbr=FRU100011727, gl_xref_type=, gl_xref_claim_nbr=, gl_xref_date=, gl_cash_rec_bal=00000126887, gl_corp=01, gl_filler=)
2026-02-24 12:01:59 DEBUG com.abcbs.crrs.jobs.P09360.P09360FileWriter - Suppressing refundType in detail line for record on page 1: prevRefundType matches
2026-02-24 12:01:59 DEBUG com.abcbs.crrs.jobs.P09360.P09360FileWriter - Detail line written for member FRU100011727 (refundType=PER): 02/10/26  703    BRANHAM        ASHTON       FRU100011727  EST  02/10/26        $1,268.87
2026-02-24 12:01:59 INFO  com.abcbs.crrs.jobs.P09360.P09360FileWriter - act amount:1268.87
2026-02-24 12:01:59 DEBUG com.abcbs.crrs.jobs.P09360.P09360FileWriter - Processing record: RefundType=PER, ControlDate=2026-02-10, ControlNbr=703, ActAmt=-00000126887
2026-02-24 12:01:59 INFO  com.abcbs.crrs.jobs.P09360.P09360FileWriter - Full Record: P09GlDedsRecord(p09deds_julian=26041, p09deds_hhmmsss=0827143, filler=2900, gl_p09deds_id=01, gl_refund_type=PER, gl_control_date=2026-02-10, gl_control_nbr=703, gl_receipt_type=PA, gl_bank_acct_nbr=, gl_acct_nbr=280000000000, gl_act_code=EST, gl_act_amt=-00000126887, gl_act_date=2026-02-10, gl_report_mo=02, gl_report_yr=26, gl_patient_ln=BRANHAM, gl_patient_fn=ASHTON, gl_mbr_id_nbr=FRU100011727, gl_xref_type=, gl_xref_claim_nbr=, gl_xref_date=, gl_cash_rec_bal=00000126887, gl_corp=01, gl_filler=)
2026-02-24 12:01:59 DEBUG com.abcbs.crrs.jobs.P09360.P09360FileWriter - Suppressing refundType in detail line for record on page 1: prevRefundType matches
2026-02-24 12:01:59 DEBUG com.abcbs.crrs.jobs.P09360.P09360FileWriter - Suppressing detail fields: controlDate, controlNbr, actCode, actDate, patient names for record
2026-02-24 12:01:59 DEBUG com.abcbs.crrs.jobs.P09360.P09360FileWriter - Detail line written for member FRU100011727 (refundType=PER): $1,268.87-
2026-02-24 12:01:59 INFO  com.abcbs.crrs.jobs.P09360.P09360FileWriter - act amount:-1268.87
2026-02-24 12:01:59 DEBUG com.abcbs.crrs.jobs.P09360.P09360FileWriter - Processing record: RefundType=PER, ControlDate=2026-02-10, ControlNbr=704, ActAmt=00000002771
2026-02-24 12:01:59 INFO  com.abcbs.crrs.jobs.P09360.P09360FileWriter - Full Record: P09GlDedsRecord(p09deds_julian=26041, p09deds_hhmmsss=0827143, filler=2900, gl_p09deds_id=01, gl_refund_type=PER, gl_control_date=2026-02-10, gl_control_nbr=704, gl_receipt_type=PA, gl_bank_acct_nbr=, gl_acct_nbr=108200000000, gl_act_code=EST, gl_act_amt=00000002771, gl_act_date=2026-02-10, gl_report_mo=02, gl_report_yr=26, gl_patient_ln=BOYCE, gl_patient_fn=TRACY, gl_mbr_id_nbr=LGO991W09773, gl_xref_type=, gl_xref_claim_nbr=, gl_xref_date=, gl_cash_rec_bal=00000002771, gl_corp=01, gl_filler=)
2026-02-24 12:01:59 DEBUG com.abcbs.crrs.jobs.P09360.P09360FileWriter - Suppressing refundType in detail line for record on page 1: prevRefundType matches
2026-02-24 12:01:59 DEBUG com.abcbs.crrs.jobs.P09360.P09360FileWriter - Detail line written for member LGO991W09773 (refundType=PER): 02/10/26  704    BOYCE          TRACY        LGO991W09773  EST  02/10/26           $27.71
2026-02-24 12:01:59 INFO  com.abcbs.crrs.jobs.P09360.P09360FileWriter - act amount:27.71
2026-02-24 12:01:59 DEBUG com.abcbs.crrs.jobs.P09360.P09360FileWriter - Processing record: RefundType=PER, ControlDate=2026-02-10, ControlNbr=704, ActAmt=-00000002771
2026-02-24 12:01:59 INFO  com.abcbs.crrs.jobs.P09360.P09360FileWriter - Full Record: P09GlDedsRecord(p09deds_julian=26041, p09deds_hhmmsss=0827143, filler=2900, gl_p09deds_id=01, gl_refund_type=PER, gl_control_date=2026-02-10, gl_control_nbr=704, gl_receipt_type=PA, gl_bank_acct_nbr=, gl_acct_nbr=280000000000, gl_act_code=EST, gl_act_amt=-00000002771, gl_act_date=2026-02-10, gl_report_mo=02, gl_report_yr=26, gl_patient_ln=BOYCE, gl_patient_fn=TRACY, gl_mbr_id_nbr=LGO991W09773, gl_xref_type=, gl_xref_claim_nbr=, gl_xref_date=, gl_cash_rec_bal=00000002771, gl_corp=01, gl_filler=)
2026-02-24 12:01:59 DEBUG com.abcbs.crrs.jobs.P09360.P09360FileWriter - Suppressing refundType in detail line for record on page 1: prevRefundType matches
2026-02-24 12:01:59 DEBUG com.abcbs.crrs.jobs.P09360.P09360FileWriter - Suppressing detail fields: controlDate, controlNbr, actCode, actDate, patient names for record
2026-02-24 12:01:59 DEBUG com.abcbs.crrs.jobs.P09360.P09360FileWriter - Detail line written for member LGO991W09773 (refundType=PER): $27.71-
2026-02-24 12:01:59 INFO  com.abcbs.crrs.jobs.P09360.P09360FileWriter - act amount:-27.71
2026-02-24 12:01:59 DEBUG com.abcbs.crrs.jobs.P09360.P09360FileWriter - Processing record: RefundType=PER, ControlDate=2026-02-10, ControlNbr=705, ActAmt=00000064020
2026-02-24 12:01:59 INFO  com.abcbs.crrs.jobs.P09360.P09360FileWriter - Full Record: P09GlDedsRecord(p09deds_julian=26041, p09deds_hhmmsss=0827143, filler=2900, gl_p09deds_id=01, gl_refund_type=PER, gl_control_date=2026-02-10, gl_control_nbr=705, gl_receipt_type=PA, gl_bank_acct_nbr=, gl_acct_nbr=108200000000, gl_act_code=EST, gl_act_amt=00000064020, gl_act_date=2026-02-10, gl_report_mo=02, gl_report_yr=26, gl_patient_ln=BLACK, gl_patient_fn=MARY, gl_mbr_id_nbr=XDD294A67027, gl_xref_type=, gl_xref_claim_nbr=, gl_xref_date=, gl_cash_rec_bal=00000064020, gl_corp=01, gl_filler=)
2026-02-24 12:01:59 DEBUG com.abcbs.crrs.jobs.P09360.P09360FileWriter - Suppressing refundType in detail line for record on page 1: prevRefundType matches
2026-02-24 12:01:59 DEBUG com.abcbs.crrs.jobs.P09360.P09360FileWriter - Detail line written for member XDD294A67027 (refundType=PER): 02/10/26  705    BLACK          MARY         XDD294A67027  EST  02/10/26          $640.20
2026-02-24 12:01:59 INFO  com.abcbs.crrs.jobs.P09360.P09360FileWriter - act amount:640.20
2026-02-24 12:01:59 DEBUG com.abcbs.crrs.jobs.P09360.P09360FileWriter - Processing record: RefundType=PER, ControlDate=2026-02-10, ControlNbr=705, ActAmt=-00000064020
2026-02-24 12:01:59 INFO  com.abcbs.crrs.jobs.P09360.P09360FileWriter - Full Record: P09GlDedsRecord(p09deds_julian=26041, p09deds_hhmmsss=0827143, filler=2900, gl_p09deds_id=01, gl_refund_type=PER, gl_control_date=2026-02-10, gl_control_nbr=705, gl_receipt_type=PA, gl_bank_acct_nbr=, gl_acct_nbr=280000000000, gl_act_code=EST, gl_act_amt=-00000064020, gl_act_date=2026-02-10, gl_report_mo=02, gl_report_yr=26, gl_patient_ln=BLACK, gl_patient_fn=MARY, gl_mbr_id_nbr=XDD294A67027, gl_xref_type=, gl_xref_claim_nbr=, gl_xref_date=, gl_cash_rec_bal=00000064020, gl_corp=01, gl_filler=)
2026-02-24 12:01:59 DEBUG com.abcbs.crrs.jobs.P09360.P09360FileWriter - Suppressing refundType in detail line for record on page 1: prevRefundType matches
2026-02-24 12:01:59 DEBUG com.abcbs.crrs.jobs.P09360.P09360FileWriter - Suppressing detail fields: controlDate, controlNbr, actCode, actDate, patient names for record
2026-02-24 12:01:59 DEBUG com.abcbs.crrs.jobs.P09360.P09360FileWriter - Detail line written for member XDD294A67027 (refundType=PER): $640.20-
2026-02-24 12:01:59 INFO  com.abcbs.crrs.jobs.P09360.P09360FileWriter - act amount:-640.20
2026-02-24 12:01:59 DEBUG com.abcbs.crrs.jobs.P09360.P09360FileWriter - Processing record: RefundType=PER, ControlDate=2026-02-10, ControlNbr=706, ActAmt=00000014578
2026-02-24 12:01:59 INFO  com.abcbs.crrs.jobs.P09360.P09360FileWriter - Full Record: P09GlDedsRecord(p09deds_julian=26041, p09deds_hhmmsss=0827143, filler=2900, gl_p09deds_id=01, gl_refund_type=PER, gl_control_date=2026-02-10, gl_control_nbr=706, gl_receipt_type=PA, gl_bank_acct_nbr=, gl_acct_nbr=108200000000, gl_act_code=EST, gl_act_amt=00000014578, gl_act_date=2026-02-10, gl_report_mo=02, gl_report_yr=26, gl_patient_ln=HUDSPETH, gl_patient_fn=DANIEL, gl_mbr_id_nbr=RPS0A0358016, gl_xref_type=, gl_xref_claim_nbr=, gl_xref_date=, gl_cash_rec_bal=00000014578, gl_corp=01, gl_filler=)
2026-02-24 12:01:59 DEBUG com.abcbs.crrs.jobs.P09360.P09360FileWriter - Suppressing refundType in detail line for record on page 1: prevRefundType matches
2026-02-24 12:01:59 DEBUG com.abcbs.crrs.jobs.P09360.P09360FileWriter - Detail line written for member RPS0A0358016 (refundType=PER): 02/10/26  706    HUDSPETH       DANIEL       RPS0A0358016  EST  02/10/26          $145.78
2026-02-24 12:01:59 INFO  com.abcbs.crrs.jobs.P09360.P09360FileWriter - act amount:145.78
2026-02-24 12:01:59 DEBUG com.abcbs.crrs.jobs.P09360.P09360FileWriter - Processing record: RefundType=PER, ControlDate=2026-02-10, ControlNbr=706, ActAmt=-00000014578
2026-02-24 12:01:59 INFO  com.abcbs.crrs.jobs.P09360.P09360FileWriter - Full Record: P09GlDedsRecord(p09deds_julian=26041, p09deds_hhmmsss=0827143, filler=2900, gl_p09deds_id=01, gl_refund_type=PER, gl_control_date=2026-02-10, gl_control_nbr=706, gl_receipt_type=PA, gl_bank_acct_nbr=, gl_acct_nbr=280000000000, gl_act_code=EST, gl_act_amt=-00000014578, gl_act_date=2026-02-10, gl_report_mo=02, gl_report_yr=26, gl_patient_ln=HUDSPETH, gl_patient_fn=DANIEL, gl_mbr_id_nbr=RPS0A0358016, gl_xref_type=, gl_xref_claim_nbr=, gl_xref_date=, gl_cash_rec_bal=00000014578, gl_corp=01, gl_filler=)
2026-02-24 12:01:59 DEBUG com.abcbs.crrs.jobs.P09360.P09360FileWriter - Suppressing refundType in detail line for record on page 1: prevRefundType matches
2026-02-24 12:01:59 DEBUG com.abcbs.crrs.jobs.P09360.P09360FileWriter - Suppressing detail fields: controlDate, controlNbr, actCode, actDate, patient names for record
2026-02-24 12:01:59 DEBUG com.abcbs.crrs.jobs.P09360.P09360FileWriter - Detail line written for member RPS0A0358016 (refundType=PER): $145.78-
2026-02-24 12:01:59 INFO  com.abcbs.crrs.jobs.P09360.P09360FileWriter - act amount:-145.78
2026-02-24 12:01:59 DEBUG com.abcbs.crrs.jobs.P09360.P09360FileWriter - Processing record: RefundType=PER, ControlDate=2026-02-10, ControlNbr=710, ActAmt=00000167600
2026-02-24 12:01:59 INFO  com.abcbs.crrs.jobs.P09360.P09360FileWriter - Full Record: P09GlDedsRecord(p09deds_julian=26041, p09deds_hhmmsss=1123269, filler=2900, gl_p09deds_id=01, gl_refund_type=PER, gl_control_date=2026-02-10, gl_control_nbr=710, gl_receipt_type=PA, gl_bank_acct_nbr=, gl_acct_nbr=108200000000, gl_act_code=EST, gl_act_amt=00000167600, gl_act_date=2026-02-10, gl_report_mo=02, gl_report_yr=26, gl_patient_ln=SMITH, gl_patient_fn=RUTH, gl_mbr_id_nbr=YAX866020510, gl_xref_type=, gl_xref_claim_nbr=, gl_xref_date=, gl_cash_rec_bal=00000167600, gl_corp=01, gl_filler=)
2026-02-24 12:01:59 DEBUG com.abcbs.crrs.jobs.P09360.P09360FileWriter - Suppressing refundType in detail line for record on page 1: prevRefundType matches
2026-02-24 12:01:59 DEBUG com.abcbs.crrs.jobs.P09360.P09360FileWriter - Detail line written for member YAX866020510 (refundType=PER): 02/10/26  710    SMITH          RUTH         YAX866020510  EST  02/10/26        $1,676.00
2026-02-24 12:01:59 INFO  com.abcbs.crrs.jobs.P09360.P09360FileWriter - act amount:1676.00
2026-02-24 12:01:59 DEBUG com.abcbs.crrs.jobs.P09360.P09360FileWriter - Processing record: RefundType=PER, ControlDate=2026-02-10, ControlNbr=710, ActAmt=-00000167600
2026-02-24 12:01:59 INFO  com.abcbs.crrs.jobs.P09360.P09360FileWriter - Full Record: P09GlDedsRecord(p09deds_julian=26041, p09deds_hhmmsss=1123269, filler=2900, gl_p09deds_id=01, gl_refund_type=PER, gl_control_date=2026-02-10, gl_control_nbr=710, gl_receipt_type=PA, gl_bank_acct_nbr=, gl_acct_nbr=280000000000, gl_act_code=EST, gl_act_amt=-00000167600, gl_act_date=2026-02-10, gl_report_mo=02, gl_report_yr=26, gl_patient_ln=SMITH, gl_patient_fn=RUTH, gl_mbr_id_nbr=YAX866020510, gl_xref_type=, gl_xref_claim_nbr=, gl_xref_date=, gl_cash_rec_bal=00000167600, gl_corp=01, gl_filler=)
2026-02-24 12:01:59 DEBUG com.abcbs.crrs.jobs.P09360.P09360FileWriter - Suppressing refundType in detail line for record on page 1: prevRefundType matches
2026-02-24 12:01:59 DEBUG com.abcbs.crrs.jobs.P09360.P09360FileWriter - Suppressing detail fields: controlDate, controlNbr, actCode, actDate, patient names for record
2026-02-24 12:01:59 DEBUG com.abcbs.crrs.jobs.P09360.P09360FileWriter - Detail line written for member YAX866020510 (refundType=PER): $1,676.00-
2026-02-24 12:01:59 INFO  com.abcbs.crrs.jobs.P09360.P09360FileWriter - act amount:-1676.00
2026-02-24 12:01:59 DEBUG com.abcbs.crrs.jobs.P09360.P09360FileWriter - Processing record: RefundType=PER, ControlDate=2026-02-10, ControlNbr=711, ActAmt=00000003050
2026-02-24 12:01:59 INFO  com.abcbs.crrs.jobs.P09360.P09360FileWriter - Full Record: P09GlDedsRecord(p09deds_julian=26041, p09deds_hhmmsss=1237047, filler=2900, gl_p09deds_id=01, gl_refund_type=PER, gl_control_date=2026-02-10, gl_control_nbr=711, gl_receipt_type=PA, gl_bank_acct_nbr=, gl_acct_nbr=108200000000, gl_act_code=EST, gl_act_amt=00000003050, gl_act_date=2026-02-10, gl_report_mo=02, gl_report_yr=26, gl_patient_ln=IRIZARRY, gl_patient_fn=VICTORIA, gl_mbr_id_nbr=W9F2261082AB, gl_xref_type=, gl_xref_claim_nbr=, gl_xref_date=, gl_cash_rec_bal=00000003050, gl_corp=01, gl_filler=)
2026-02-24 12:01:59 DEBUG com.abcbs.crrs.jobs.P09360.P09360FileWriter - Suppressing refundType in detail line for record on page 1: prevRefundType matches
2026-02-24 12:01:59 DEBUG com.abcbs.crrs.jobs.P09360.P09360FileWriter - Detail line written for member W9F2261082AB (refundType=PER): 02/10/26  711    IRIZARRY       VICTORIA     W9F2261082AB  EST  02/10/26           $30.50
2026-02-24 12:01:59 INFO  com.abcbs.crrs.jobs.P09360.P09360FileWriter - act amount:30.50
2026-02-24 12:01:59 DEBUG com.abcbs.crrs.jobs.P09360.P09360FileWriter - Processing record: RefundType=PER, ControlDate=2026-02-10, ControlNbr=711, ActAmt=-00000003050
2026-02-24 12:01:59 INFO  com.abcbs.crrs.jobs.P09360.P09360FileWriter - Full Record: P09GlDedsRecord(p09deds_julian=26041, p09deds_hhmmsss=1237047, filler=2900, gl_p09deds_id=01, gl_refund_type=PER, gl_control_date=2026-02-10, gl_control_nbr=711, gl_receipt_type=PA, gl_bank_acct_nbr=, gl_acct_nbr=280000000000, gl_act_code=EST, gl_act_amt=-00000003050, gl_act_date=2026-02-10, gl_report_mo=02, gl_report_yr=26, gl_patient_ln=IRIZARRY, gl_patient_fn=VICTORIA, gl_mbr_id_nbr=W9F2261082AB, gl_xref_type=, gl_xref_claim_nbr=, gl_xref_date=, gl_cash_rec_bal=00000003050, gl_corp=01, gl_filler=)
2026-02-24 12:01:59 DEBUG com.abcbs.crrs.jobs.P09360.P09360FileWriter - Suppressing refundType in detail line for record on page 1: prevRefundType matches
2026-02-24 12:01:59 DEBUG com.abcbs.crrs.jobs.P09360.P09360FileWriter - Suppressing detail fields: controlDate, controlNbr, actCode, actDate, patient names for record
2026-02-24 12:02:00 DEBUG com.abcbs.crrs.jobs.P09360.P09360FileWriter - Detail line written for member W9F2261082AB (refundType=PER): $30.50-
2026-02-24 12:02:00 INFO  com.abcbs.crrs.jobs.P09360.P09360FileWriter - act amount:-30.50
2026-02-24 12:02:00 DEBUG com.abcbs.crrs.jobs.P09360.P09360FileWriter - Processing record: RefundType=PER, ControlDate=2026-02-10, ControlNbr=712, ActAmt=00000012877
2026-02-24 12:02:00 INFO  com.abcbs.crrs.jobs.P09360.P09360FileWriter - Full Record: P09GlDedsRecord(p09deds_julian=26041, p09deds_hhmmsss=1237047, filler=2900, gl_p09deds_id=01, gl_refund_type=PER, gl_control_date=2026-02-10, gl_control_nbr=712, gl_receipt_type=PA, gl_bank_acct_nbr=, gl_acct_nbr=108200000000, gl_act_code=EST, gl_act_amt=00000012877, gl_act_date=2026-02-10, gl_report_mo=02, gl_report_yr=26, gl_patient_ln=HIGHFILL, gl_patient_fn=ADDISON, gl_mbr_id_nbr=FCJ825512987, gl_xref_type=, gl_xref_claim_nbr=, gl_xref_date=, gl_cash_rec_bal=00000012877, gl_corp=01, gl_filler=)
2026-02-24 12:02:00 DEBUG com.abcbs.crrs.jobs.P09360.P09360FileWriter - Suppressing refundType in detail line for record on page 1: prevRefundType matches
2026-02-24 12:02:00 DEBUG com.abcbs.crrs.jobs.P09360.P09360FileWriter - Detail line written for member FCJ825512987 (refundType=PER): 02/10/26  712    HIGHFILL       ADDISON      FCJ825512987  EST  02/10/26          $128.77
2026-02-24 12:02:00 INFO  com.abcbs.crrs.jobs.P09360.P09360FileWriter - act amount:128.77
2026-02-24 12:02:00 DEBUG com.abcbs.crrs.jobs.P09360.P09360FileWriter - Processing record: RefundType=PER, ControlDate=2026-02-10, ControlNbr=712, ActAmt=-00000012877
2026-02-24 12:02:00 INFO  com.abcbs.crrs.jobs.P09360.P09360FileWriter - Full Record: P09GlDedsRecord(p09deds_julian=26041, p09deds_hhmmsss=1237047, filler=2900, gl_p09deds_id=01, gl_refund_type=PER, gl_control_date=2026-02-10, gl_control_nbr=712, gl_receipt_type=PA, gl_bank_acct_nbr=, gl_acct_nbr=280000000000, gl_act_code=EST, gl_act_amt=-00000012877, gl_act_date=2026-02-10, gl_report_mo=02, gl_report_yr=26, gl_patient_ln=HIGHFILL, gl_patient_fn=ADDISON, gl_mbr_id_nbr=FCJ825512987, gl_xref_type=, gl_xref_claim_nbr=, gl_xref_date=, gl_cash_rec_bal=00000012877, gl_corp=01, gl_filler=)
2026-02-24 12:02:00 DEBUG com.abcbs.crrs.jobs.P09360.P09360FileWriter - Suppressing refundType in detail line for record on page 1: prevRefundType matches
2026-02-24 12:02:00 DEBUG com.abcbs.crrs.jobs.P09360.P09360FileWriter - Suppressing detail fields: controlDate, controlNbr, actCode, actDate, patient names for record
2026-02-24 12:02:00 DEBUG com.abcbs.crrs.jobs.P09360.P09360FileWriter - Detail line written for member FCJ825512987 (refundType=PER): $128.77-
2026-02-24 12:02:00 INFO  com.abcbs.crrs.jobs.P09360.P09360FileWriter - act amount:-128.77
2026-02-24 12:02:00 DEBUG com.abcbs.crrs.jobs.P09360.P09360FileWriter - Processing record: RefundType=PER, ControlDate=2026-02-10, ControlNbr=713, ActAmt=00000013016
2026-02-24 12:02:00 INFO  com.abcbs.crrs.jobs.P09360.P09360FileWriter - Full Record: P09GlDedsRecord(p09deds_julian=26041, p09deds_hhmmsss=1237047, filler=2900, gl_p09deds_id=01, gl_refund_type=PER, gl_control_date=2026-02-10, gl_control_nbr=713, gl_receipt_type=PA, gl_bank_acct_nbr=, gl_acct_nbr=108200000000, gl_act_code=EST, gl_act_amt=00000013016, gl_act_date=2026-02-10, gl_report_mo=02, gl_report_yr=26, gl_patient_ln=PAPPILLION, gl_patient_fn=JENNY, gl_mbr_id_nbr=R61928000, gl_xref_type=, gl_xref_claim_nbr=, gl_xref_date=, gl_cash_rec_bal=00000013016, gl_corp=01, gl_filler=)
2026-02-24 12:02:00 DEBUG com.abcbs.crrs.jobs.P09360.P09360FileWriter - Suppressing refundType in detail line for record on page 1: prevRefundType matches
2026-02-24 12:02:00 DEBUG com.abcbs.crrs.jobs.P09360.P09360FileWriter - Detail line written for member R61928000 (refundType=PER): 02/10/26  713    PAPPILLION     JENNY        R61928000     EST  02/10/26          $130.16
2026-02-24 12:02:00 INFO  com.abcbs.crrs.jobs.P09360.P09360FileWriter - act amount:130.16
2026-02-24 12:02:00 DEBUG com.abcbs.crrs.jobs.P09360.P09360FileWriter - Processing record: RefundType=PER, ControlDate=2026-02-10, ControlNbr=713, ActAmt=-00000013016
2026-02-24 12:02:00 INFO  com.abcbs.crrs.jobs.P09360.P09360FileWriter - Full Record: P09GlDedsRecord(p09deds_julian=26041, p09deds_hhmmsss=1237047, filler=2900, gl_p09deds_id=01, gl_refund_type=PER, gl_control_date=2026-02-10, gl_control_nbr=713, gl_receipt_type=PA, gl_bank_acct_nbr=, gl_acct_nbr=280000000000, gl_act_code=EST, gl_act_amt=-00000013016, gl_act_date=2026-02-10, gl_report_mo=02, gl_report_yr=26, gl_patient_ln=PAPPILLION, gl_patient_fn=JENNY, gl_mbr_id_nbr=R61928000, gl_xref_type=, gl_xref_claim_nbr=, gl_xref_date=, gl_cash_rec_bal=00000013016, gl_corp=01, gl_filler=)
2026-02-24 12:02:00 DEBUG com.abcbs.crrs.jobs.P09360.P09360FileWriter - Suppressing refundType in detail line for record on page 1: prevRefundType matches
2026-02-24 12:02:00 DEBUG com.abcbs.crrs.jobs.P09360.P09360FileWriter - Suppressing detail fields: controlDate, controlNbr, actCode, actDate, patient names for record
2026-02-24 12:02:00 DEBUG com.abcbs.crrs.jobs.P09360.P09360FileWriter - Detail line written for member R61928000 (refundType=PER): $130.16-
2026-02-24 12:02:00 INFO  com.abcbs.crrs.jobs.P09360.P09360FileWriter - act amount:-130.16
2026-02-24 12:02:00 DEBUG com.abcbs.crrs.jobs.P09360.P09360FileWriter - Processing record: RefundType=PER, ControlDate=2026-02-10, ControlNbr=714, ActAmt=00000011844
2026-02-24 12:02:00 INFO  com.abcbs.crrs.jobs.P09360.P09360FileWriter - Full Record: P09GlDedsRecord(p09deds_julian=26041, p09deds_hhmmsss=1237047, filler=2900, gl_p09deds_id=01, gl_refund_type=PER, gl_control_date=2026-02-10, gl_control_nbr=714, gl_receipt_type=PA, gl_bank_acct_nbr=, gl_acct_nbr=108200000000, gl_act_code=EST, gl_act_amt=00000011844, gl_act_date=2026-02-10, gl_report_mo=02, gl_report_yr=26, gl_patient_ln=VEGA, gl_patient_fn=PABLO, gl_mbr_id_nbr=OEV120883160, gl_xref_type=, gl_xref_claim_nbr=, gl_xref_date=, gl_cash_rec_bal=00000011844, gl_corp=01, gl_filler=)
2026-02-24 12:02:00 DEBUG com.abcbs.crrs.jobs.P09360.P09360FileWriter - Suppressing refundType in detail line for record on page 1: prevRefundType matches
2026-02-24 12:02:00 DEBUG com.abcbs.crrs.jobs.P09360.P09360FileWriter - Detail line written for member OEV120883160 (refundType=PER): 02/10/26  714    VEGA           PABLO        OEV120883160  EST  02/10/26          $118.44
2026-02-24 12:02:00 INFO  com.abcbs.crrs.jobs.P09360.P09360FileWriter - act amount:118.44
2026-02-24 12:02:00 DEBUG com.abcbs.crrs.jobs.P09360.P09360FileWriter - Processing record: RefundType=PER, ControlDate=2026-02-10, ControlNbr=714, ActAmt=-00000011844
2026-02-24 12:02:00 INFO  com.abcbs.crrs.jobs.P09360.P09360FileWriter - Full Record: P09GlDedsRecord(p09deds_julian=26041, p09deds_hhmmsss=1237047, filler=2900, gl_p09deds_id=01, gl_refund_type=PER, gl_control_date=2026-02-10, gl_control_nbr=714, gl_receipt_type=PA, gl_bank_acct_nbr=, gl_acct_nbr=280000000000, gl_act_code=EST, gl_act_amt=-00000011844, gl_act_date=2026-02-10, gl_report_mo=02, gl_report_yr=26, gl_patient_ln=VEGA, gl_patient_fn=PABLO, gl_mbr_id_nbr=OEV120883160, gl_xref_type=, gl_xref_claim_nbr=, gl_xref_date=, gl_cash_rec_bal=00000011844, gl_corp=01, gl_filler=)
2026-02-24 12:02:00 DEBUG com.abcbs.crrs.jobs.P09360.P09360FileWriter - Suppressing refundType in detail line for record on page 1: prevRefundType matches
2026-02-24 12:02:00 DEBUG com.abcbs.crrs.jobs.P09360.P09360FileWriter - Suppressing detail fields: controlDate, controlNbr, actCode, actDate, patient names for record
2026-02-24 12:02:00 DEBUG com.abcbs.crrs.jobs.P09360.P09360FileWriter - Detail line written for member OEV120883160 (refundType=PER): $118.44-
2026-02-24 12:02:00 INFO  com.abcbs.crrs.jobs.P09360.P09360FileWriter - act amount:-118.44
2026-02-24 12:02:00 DEBUG com.abcbs.crrs.jobs.P09360.P09360FileWriter - Processing record: RefundType=PER, ControlDate=2026-02-10, ControlNbr=715, ActAmt=00000012315
2026-02-24 12:02:00 INFO  com.abcbs.crrs.jobs.P09360.P09360FileWriter - Full Record: P09GlDedsRecord(p09deds_julian=26041, p09deds_hhmmsss=1237047, filler=2900, gl_p09deds_id=01, gl_refund_type=PER, gl_control_date=2026-02-10, gl_control_nbr=715, gl_receipt_type=PA, gl_bank_acct_nbr=, gl_acct_nbr=108200000000, gl_act_code=EST, gl_act_amt=00000012315, gl_act_date=2026-02-10, gl_report_mo=02, gl_report_yr=26, gl_patient_ln=SMITH, gl_patient_fn=ALVIN, gl_mbr_id_nbr=SFZ841540643, gl_xref_type=, gl_xref_claim_nbr=, gl_xref_date=, gl_cash_rec_bal=00000012315, gl_corp=01, gl_filler=)
2026-02-24 12:02:00 DEBUG com.abcbs.crrs.jobs.P09360.P09360FileWriter - Suppressing refundType in detail line for record on page 1: prevRefundType matches
2026-02-24 12:02:00 DEBUG com.abcbs.crrs.jobs.P09360.P09360FileWriter - Detail line written for member SFZ841540643 (refundType=PER): 02/10/26  715    SMITH          ALVIN        SFZ841540643  EST  02/10/26          $123.15
2026-02-24 12:02:00 INFO  com.abcbs.crrs.jobs.P09360.P09360FileWriter - act amount:123.15
2026-02-24 12:02:00 DEBUG com.abcbs.crrs.jobs.P09360.P09360FileWriter - Starting new page: 1
2026-02-24 12:02:00 DEBUG com.abcbs.crrs.jobs.P09360.P09360FileWriter - Processing record: RefundType=PER, ControlDate=2026-02-10, ControlNbr=715, ActAmt=-00000012315
2026-02-24 12:02:00 INFO  com.abcbs.crrs.jobs.P09360.P09360FileWriter - Full Record: P09GlDedsRecord(p09deds_julian=26041, p09deds_hhmmsss=1237047, filler=2900, gl_p09deds_id=01, gl_refund_type=PER, gl_control_date=2026-02-10, gl_control_nbr=715, gl_receipt_type=PA, gl_bank_acct_nbr=, gl_acct_nbr=280000000000, gl_act_code=EST, gl_act_amt=-00000012315, gl_act_date=2026-02-10, gl_report_mo=02, gl_report_yr=26, gl_patient_ln=SMITH, gl_patient_fn=ALVIN, gl_mbr_id_nbr=SFZ841540643, gl_xref_type=, gl_xref_claim_nbr=, gl_xref_date=, gl_cash_rec_bal=00000012315, gl_corp=01, gl_filler=)
2026-02-24 12:02:00 DEBUG com.abcbs.crrs.jobs.P09360.P09360FileWriter - Suppressing detail fields: controlDate, controlNbr, actCode, actDate, patient names for record
2026-02-24 12:02:00 DEBUG com.abcbs.crrs.jobs.P09360.P09360FileWriter - Detail line written for member SFZ841540643 (refundType=PER): PER                                                                                     $123.15-
2026-02-24 12:02:00 INFO  com.abcbs.crrs.jobs.P09360.P09360FileWriter - act amount:-123.15
2026-02-24 12:02:00 DEBUG com.abcbs.crrs.jobs.P09360.P09360FileWriter - Processing record: RefundType=PER, ControlDate=2026-02-10, ControlNbr=716, ActAmt=00000011318
2026-02-24 12:02:00 INFO  com.abcbs.crrs.jobs.P09360.P09360FileWriter - Full Record: P09GlDedsRecord(p09deds_julian=26041, p09deds_hhmmsss=1237047, filler=2900, gl_p09deds_id=01, gl_refund_type=PER, gl_control_date=2026-02-10, gl_control_nbr=716, gl_receipt_type=PA, gl_bank_acct_nbr=, gl_acct_nbr=108200000000, gl_act_code=EST, gl_act_amt=00000011318, gl_act_date=2026-02-10, gl_report_mo=02, gl_report_yr=26, gl_patient_ln=GRAINGER, gl_patient_fn=TIFFANY, gl_mbr_id_nbr=R60751859, gl_xref_type=, gl_xref_claim_nbr=, gl_xref_date=, gl_cash_rec_bal=00000011318, gl_corp=01, gl_filler=)
2026-02-24 12:02:00 DEBUG com.abcbs.crrs.jobs.P09360.P09360FileWriter - Suppressing refundType in detail line for record on page 2: prevRefundType matches
2026-02-24 12:02:00 DEBUG com.abcbs.crrs.jobs.P09360.P09360FileWriter - Detail line written for member R60751859 (refundType=PER): 02/10/26  716    GRAINGER       TIFFANY      R60751859     EST  02/10/26          $113.18
2026-02-24 12:02:00 INFO  com.abcbs.crrs.jobs.P09360.P09360FileWriter - act amount:113.18
2026-02-24 12:02:00 DEBUG com.abcbs.crrs.jobs.P09360.P09360FileWriter - Processing record: RefundType=PER, ControlDate=2026-02-10, ControlNbr=716, ActAmt=-00000011318
2026-02-24 12:02:00 INFO  com.abcbs.crrs.jobs.P09360.P09360FileWriter - Full Record: P09GlDedsRecord(p09deds_julian=26041, p09deds_hhmmsss=1237047, filler=2900, gl_p09deds_id=01, gl_refund_type=PER, gl_control_date=2026-02-10, gl_control_nbr=716, gl_receipt_type=PA, gl_bank_acct_nbr=, gl_acct_nbr=280000000000, gl_act_code=EST, gl_act_amt=-00000011318, gl_act_date=2026-02-10, gl_report_mo=02, gl_report_yr=26, gl_patient_ln=GRAINGER, gl_patient_fn=TIFFANY, gl_mbr_id_nbr=R60751859, gl_xref_type=, gl_xref_claim_nbr=, gl_xref_date=, gl_cash_rec_bal=00000011318, gl_corp=01, gl_filler=)
2026-02-24 12:02:00 DEBUG com.abcbs.crrs.jobs.P09360.P09360FileWriter - Suppressing refundType in detail line for record on page 2: prevRefundType matches
2026-02-24 12:02:00 DEBUG com.abcbs.crrs.jobs.P09360.P09360FileWriter - Suppressing detail fields: controlDate, controlNbr, actCode, actDate, patient names for record
2026-02-24 12:02:00 DEBUG com.abcbs.crrs.jobs.P09360.P09360FileWriter - Detail line written for member R60751859 (refundType=PER): $113.18-
2026-02-24 12:02:00 INFO  com.abcbs.crrs.jobs.P09360.P09360FileWriter - act amount:-113.18
2026-02-24 12:02:00 DEBUG com.abcbs.crrs.jobs.P09360.P09360FileWriter - Processing record: RefundType=PER, ControlDate=2026-02-10, ControlNbr=717, ActAmt=00000001453
2026-02-24 12:02:00 INFO  com.abcbs.crrs.jobs.P09360.P09360FileWriter - Full Record: P09GlDedsRecord(p09deds_julian=26041, p09deds_hhmmsss=1237047, filler=2900, gl_p09deds_id=01, gl_refund_type=PER, gl_control_date=2026-02-10, gl_control_nbr=717, gl_receipt_type=PA, gl_bank_acct_nbr=, gl_acct_nbr=108200000000, gl_act_code=EST, gl_act_amt=00000001453, gl_act_date=2026-02-10, gl_report_mo=02, gl_report_yr=26, gl_patient_ln=HARRELL JR, gl_patient_fn=JAMES, gl_mbr_id_nbr=R12383594, gl_xref_type=, gl_xref_claim_nbr=, gl_xref_date=, gl_cash_rec_bal=00000001453, gl_corp=01, gl_filler=)
2026-02-24 12:02:00 DEBUG com.abcbs.crrs.jobs.P09360.P09360FileWriter - Suppressing refundType in detail line for record on page 2: prevRefundType matches
2026-02-24 12:02:00 DEBUG com.abcbs.crrs.jobs.P09360.P09360FileWriter - Detail line written for member R12383594 (refundType=PER): 02/10/26  717    HARRELL JR     JAMES        R12383594     EST  02/10/26           $14.53
2026-02-24 12:02:00 INFO  com.abcbs.crrs.jobs.P09360.P09360FileWriter - act amount:14.53
2026-02-24 12:02:00 DEBUG com.abcbs.crrs.jobs.P09360.P09360FileWriter - Processing record: RefundType=PER, ControlDate=2026-02-10, ControlNbr=717, ActAmt=-00000001453
2026-02-24 12:02:00 INFO  com.abcbs.crrs.jobs.P09360.P09360FileWriter - Full Record: P09GlDedsRecord(p09deds_julian=26041, p09deds_hhmmsss=1237047, filler=2900, gl_p09deds_id=01, gl_refund_type=PER, gl_control_date=2026-02-10, gl_control_nbr=717, gl_receipt_type=PA, gl_bank_acct_nbr=, gl_acct_nbr=280000000000, gl_act_code=EST, gl_act_amt=-00000001453, gl_act_date=2026-02-10, gl_report_mo=02, gl_report_yr=26, gl_patient_ln=HARRELL JR, gl_patient_fn=JAMES, gl_mbr_id_nbr=R12383594, gl_xref_type=, gl_xref_claim_nbr=, gl_xref_date=, gl_cash_rec_bal=00000001453, gl_corp=01, gl_filler=)
2026-02-24 12:02:00 DEBUG com.abcbs.crrs.jobs.P09360.P09360FileWriter - Suppressing refundType in detail line for record on page 2: prevRefundType matches
2026-02-24 12:02:00 DEBUG com.abcbs.crrs.jobs.P09360.P09360FileWriter - Suppressing detail fields: controlDate, controlNbr, actCode, actDate, patient names for record
2026-02-24 12:02:00 DEBUG com.abcbs.crrs.jobs.P09360.P09360FileWriter - Detail line written for member R12383594 (refundType=PER): $14.53-
2026-02-24 12:02:00 INFO  com.abcbs.crrs.jobs.P09360.P09360FileWriter - act amount:-14.53
2026-02-24 12:02:00 DEBUG com.abcbs.crrs.jobs.P09360.P09360FileWriter - Processing record: RefundType=PER, ControlDate=2026-02-10, ControlNbr=718, ActAmt=00000182000
2026-02-24 12:02:00 INFO  com.abcbs.crrs.jobs.P09360.P09360FileWriter - Full Record: P09GlDedsRecord(p09deds_julian=26041, p09deds_hhmmsss=1237047, filler=2900, gl_p09deds_id=01, gl_refund_type=PER, gl_control_date=2026-02-10, gl_control_nbr=718, gl_receipt_type=PA, gl_bank_acct_nbr=, gl_acct_nbr=108200000000, gl_act_code=EST, gl_act_amt=00000182000, gl_act_date=2026-02-10, gl_report_mo=02, gl_report_yr=26, gl_patient_ln=MCCLAIN, gl_patient_fn=LASONDRA, gl_mbr_id_nbr=KZS100010720, gl_xref_type=, gl_xref_claim_nbr=, gl_xref_date=, gl_cash_rec_bal=00000182000, gl_corp=01, gl_filler=)
2026-02-24 12:02:00 DEBUG com.abcbs.crrs.jobs.P09360.P09360FileWriter - Suppressing refundType in detail line for record on page 2: prevRefundType matches
2026-02-24 12:02:00 DEBUG com.abcbs.crrs.jobs.P09360.P09360FileWriter - Detail line written for member KZS100010720 (refundType=PER): 02/10/26  718    MCCLAIN        LASONDRA     KZS100010720  EST  02/10/26        $1,820.00
2026-02-24 12:02:00 INFO  com.abcbs.crrs.jobs.P09360.P09360FileWriter - act amount:1820.00
2026-02-24 12:02:00 DEBUG com.abcbs.crrs.jobs.P09360.P09360FileWriter - Processing record: RefundType=PER, ControlDate=2026-02-10, ControlNbr=718, ActAmt=-00000182000
2026-02-24 12:02:00 INFO  com.abcbs.crrs.jobs.P09360.P09360FileWriter - Full Record: P09GlDedsRecord(p09deds_julian=26041, p09deds_hhmmsss=1237047, filler=2900, gl_p09deds_id=01, gl_refund_type=PER, gl_control_date=2026-02-10, gl_control_nbr=718, gl_receipt_type=PA, gl_bank_acct_nbr=, gl_acct_nbr=280000000000, gl_act_code=EST, gl_act_amt=-00000182000, gl_act_date=2026-02-10, gl_report_mo=02, gl_report_yr=26, gl_patient_ln=MCCLAIN, gl_patient_fn=LASONDRA, gl_mbr_id_nbr=KZS100010720, gl_xref_type=, gl_xref_claim_nbr=, gl_xref_date=, gl_cash_rec_bal=00000182000, gl_corp=01, gl_filler=)
2026-02-24 12:02:00 DEBUG com.abcbs.crrs.jobs.P09360.P09360FileWriter - Suppressing refundType in detail line for record on page 2: prevRefundType matches
2026-02-24 12:02:00 DEBUG com.abcbs.crrs.jobs.P09360.P09360FileWriter - Suppressing detail fields: controlDate, controlNbr, actCode, actDate, patient names for record
2026-02-24 12:02:00 DEBUG com.abcbs.crrs.jobs.P09360.P09360FileWriter - Detail line written for member KZS100010720 (refundType=PER): $1,820.00-
2026-02-24 12:02:00 INFO  com.abcbs.crrs.jobs.P09360.P09360FileWriter - act amount:-1820.00
2026-02-24 12:02:00 DEBUG com.abcbs.crrs.jobs.P09360.P09360FileWriter - Processing record: RefundType=PER, ControlDate=2026-02-10, ControlNbr=719, ActAmt=00000065000
2026-02-24 12:02:00 INFO  com.abcbs.crrs.jobs.P09360.P09360FileWriter - Full Record: P09GlDedsRecord(p09deds_julian=26041, p09deds_hhmmsss=1237047, filler=2900, gl_p09deds_id=01, gl_refund_type=PER, gl_control_date=2026-02-10, gl_control_nbr=719, gl_receipt_type=PA, gl_bank_acct_nbr=, gl_acct_nbr=108200000000, gl_act_code=EST, gl_act_amt=00000065000, gl_act_date=2026-02-10, gl_report_mo=02, gl_report_yr=26, gl_patient_ln=MCCLAIN, gl_patient_fn=LASONDRA, gl_mbr_id_nbr=KZS100010720, gl_xref_type=, gl_xref_claim_nbr=, gl_xref_date=, gl_cash_rec_bal=00000065000, gl_corp=01, gl_filler=)
2026-02-24 12:02:00 DEBUG com.abcbs.crrs.jobs.P09360.P09360FileWriter - Suppressing refundType in detail line for record on page 2: prevRefundType matches
2026-02-24 12:02:00 DEBUG com.abcbs.crrs.jobs.P09360.P09360FileWriter - Detail line written for member KZS100010720 (refundType=PER): 02/10/26  719    MCCLAIN        LASONDRA     KZS100010720  EST  02/10/26          $650.00
2026-02-24 12:02:00 INFO  com.abcbs.crrs.jobs.P09360.P09360FileWriter - act amount:650.00
2026-02-24 12:02:00 DEBUG com.abcbs.crrs.jobs.P09360.P09360FileWriter - Processing record: RefundType=PER, ControlDate=2026-02-10, ControlNbr=719, ActAmt=-00000065000
2026-02-24 12:02:00 INFO  com.abcbs.crrs.jobs.P09360.P09360FileWriter - Full Record: P09GlDedsRecord(p09deds_julian=26041, p09deds_hhmmsss=1237047, filler=2900, gl_p09deds_id=01, gl_refund_type=PER, gl_control_date=2026-02-10, gl_control_nbr=719, gl_receipt_type=PA, gl_bank_acct_nbr=, gl_acct_nbr=280000000000, gl_act_code=EST, gl_act_amt=-00000065000, gl_act_date=2026-02-10, gl_report_mo=02, gl_report_yr=26, gl_patient_ln=MCCLAIN, gl_patient_fn=LASONDRA, gl_mbr_id_nbr=KZS100010720, gl_xref_type=, gl_xref_claim_nbr=, gl_xref_date=, gl_cash_rec_bal=00000065000, gl_corp=01, gl_filler=)
2026-02-24 12:02:00 DEBUG com.abcbs.crrs.jobs.P09360.P09360FileWriter - Suppressing refundType in detail line for record on page 2: prevRefundType matches
2026-02-24 12:02:00 DEBUG com.abcbs.crrs.jobs.P09360.P09360FileWriter - Suppressing detail fields: controlDate, controlNbr, actCode, actDate, patient names for record
2026-02-24 12:02:00 DEBUG com.abcbs.crrs.jobs.P09360.P09360FileWriter - Detail line written for member KZS100010720 (refundType=PER): $650.00-
2026-02-24 12:02:00 INFO  com.abcbs.crrs.jobs.P09360.P09360FileWriter - act amount:-650.00
2026-02-24 12:02:00 DEBUG com.abcbs.crrs.jobs.P09360.P09360FileWriter - Processing record: RefundType=PER, ControlDate=2026-02-10, ControlNbr=720, ActAmt=00000117000
2026-02-24 12:02:00 INFO  com.abcbs.crrs.jobs.P09360.P09360FileWriter - Full Record: P09GlDedsRecord(p09deds_julian=26041, p09deds_hhmmsss=1237047, filler=2900, gl_p09deds_id=01, gl_refund_type=PER, gl_control_date=2026-02-10, gl_control_nbr=720, gl_receipt_type=PA, gl_bank_acct_nbr=, gl_acct_nbr=108200000000, gl_act_code=EST, gl_act_amt=00000117000, gl_act_date=2026-02-10, gl_report_mo=02, gl_report_yr=26, gl_patient_ln=MCCLAIN, gl_patient_fn=LASONDRA, gl_mbr_id_nbr=KZS100010720, gl_xref_type=, gl_xref_claim_nbr=, gl_xref_date=, gl_cash_rec_bal=00000117000, gl_corp=01, gl_filler=)
2026-02-24 12:02:00 DEBUG com.abcbs.crrs.jobs.P09360.P09360FileWriter - Suppressing refundType in detail line for record on page 2: prevRefundType matches
2026-02-24 12:02:00 DEBUG com.abcbs.crrs.jobs.P09360.P09360FileWriter - Detail line written for member KZS100010720 (refundType=PER): 02/10/26  720    MCCLAIN        LASONDRA     KZS100010720  EST  02/10/26        $1,170.00
2026-02-24 12:02:00 INFO  com.abcbs.crrs.jobs.P09360.P09360FileWriter - act amount:1170.00
2026-02-24 12:02:00 DEBUG com.abcbs.crrs.jobs.P09360.P09360FileWriter - Processing record: RefundType=PER, ControlDate=2026-02-10, ControlNbr=720, ActAmt=-00000117000
2026-02-24 12:02:00 INFO  com.abcbs.crrs.jobs.P09360.P09360FileWriter - Full Record: P09GlDedsRecord(p09deds_julian=26041, p09deds_hhmmsss=1237047, filler=2900, gl_p09deds_id=01, gl_refund_type=PER, gl_control_date=2026-02-10, gl_control_nbr=720, gl_receipt_type=PA, gl_bank_acct_nbr=, gl_acct_nbr=280000000000, gl_act_code=EST, gl_act_amt=-00000117000, gl_act_date=2026-02-10, gl_report_mo=02, gl_report_yr=26, gl_patient_ln=MCCLAIN, gl_patient_fn=LASONDRA, gl_mbr_id_nbr=KZS100010720, gl_xref_type=, gl_xref_claim_nbr=, gl_xref_date=, gl_cash_rec_bal=00000117000, gl_corp=01, gl_filler=)
2026-02-24 12:02:00 DEBUG com.abcbs.crrs.jobs.P09360.P09360FileWriter - Suppressing refundType in detail line for record on page 2: prevRefundType matches
2026-02-24 12:02:00 DEBUG com.abcbs.crrs.jobs.P09360.P09360FileWriter - Suppressing detail fields: controlDate, controlNbr, actCode, actDate, patient names for record
2026-02-24 12:02:00 DEBUG com.abcbs.crrs.jobs.P09360.P09360FileWriter - Detail line written for member KZS100010720 (refundType=PER): $1,170.00-
2026-02-24 12:02:00 INFO  com.abcbs.crrs.jobs.P09360.P09360FileWriter - act amount:-1170.00
2026-02-24 12:02:00 DEBUG com.abcbs.crrs.jobs.P09360.P09360FileWriter - Processing record: RefundType=PER, ControlDate=2026-02-10, ControlNbr=721, ActAmt=00000005384
2026-02-24 12:02:00 INFO  com.abcbs.crrs.jobs.P09360.P09360FileWriter - Full Record: P09GlDedsRecord(p09deds_julian=26041, p09deds_hhmmsss=1237047, filler=2900, gl_p09deds_id=01, gl_refund_type=PER, gl_control_date=2026-02-10, gl_control_nbr=721, gl_receipt_type=PA, gl_bank_acct_nbr=, gl_acct_nbr=108200000000, gl_act_code=EST, gl_act_amt=00000005384, gl_act_date=2026-02-10, gl_report_mo=02, gl_report_yr=26, gl_patient_ln=SANDLIN, gl_patient_fn=AIDEN, gl_mbr_id_nbr=RSR827182367, gl_xref_type=, gl_xref_claim_nbr=, gl_xref_date=, gl_cash_rec_bal=00000005384, gl_corp=01, gl_filler=)
2026-02-24 12:02:00 DEBUG com.abcbs.crrs.jobs.P09360.P09360FileWriter - Suppressing refundType in detail line for record on page 2: prevRefundType matches
2026-02-24 12:02:00 DEBUG com.abcbs.crrs.jobs.P09360.P09360FileWriter - Detail line written for member RSR827182367 (refundType=PER): 02/10/26  721    SANDLIN        AIDEN        RSR827182367  EST  02/10/26           $53.84
2026-02-24 12:02:00 INFO  com.abcbs.crrs.jobs.P09360.P09360FileWriter - act amount:53.84
2026-02-24 12:02:00 DEBUG com.abcbs.crrs.jobs.P09360.P09360FileWriter - Processing record: RefundType=PER, ControlDate=2026-02-10, ControlNbr=721, ActAmt=-00000005384
2026-02-24 12:02:00 INFO  com.abcbs.crrs.jobs.P09360.P09360FileWriter - Full Record: P09GlDedsRecord(p09deds_julian=26041, p09deds_hhmmsss=1237047, filler=2900, gl_p09deds_id=01, gl_refund_type=PER, gl_control_date=2026-02-10, gl_control_nbr=721, gl_receipt_type=PA, gl_bank_acct_nbr=, gl_acct_nbr=280000000000, gl_act_code=EST, gl_act_amt=-00000005384, gl_act_date=2026-02-10, gl_report_mo=02, gl_report_yr=26, gl_patient_ln=SANDLIN, gl_patient_fn=AIDEN, gl_mbr_id_nbr=RSR827182367, gl_xref_type=, gl_xref_claim_nbr=, gl_xref_date=, gl_cash_rec_bal=00000005384, gl_corp=01, gl_filler=)
2026-02-24 12:02:00 DEBUG com.abcbs.crrs.jobs.P09360.P09360FileWriter - Suppressing refundType in detail line for record on page 2: prevRefundType matches
2026-02-24 12:02:00 DEBUG com.abcbs.crrs.jobs.P09360.P09360FileWriter - Suppressing detail fields: controlDate, controlNbr, actCode, actDate, patient names for record
2026-02-24 12:02:00 DEBUG com.abcbs.crrs.jobs.P09360.P09360FileWriter - Detail line written for member RSR827182367 (refundType=PER): $53.84-
2026-02-24 12:02:00 INFO  com.abcbs.crrs.jobs.P09360.P09360FileWriter - act amount:-53.84
2026-02-24 12:02:00 DEBUG com.abcbs.crrs.jobs.P09360.P09360FileWriter - Processing record: RefundType=PER, ControlDate=2026-02-10, ControlNbr=722, ActAmt=00000001600
2026-02-24 12:02:00 INFO  com.abcbs.crrs.jobs.P09360.P09360FileWriter - Full Record: P09GlDedsRecord(p09deds_julian=26041, p09deds_hhmmsss=1237047, filler=2900, gl_p09deds_id=01, gl_refund_type=PER, gl_control_date=2026-02-10, gl_control_nbr=722, gl_receipt_type=PA, gl_bank_acct_nbr=, gl_acct_nbr=108200000000, gl_act_code=EST, gl_act_amt=00000001600, gl_act_date=2026-02-10, gl_report_mo=02, gl_report_yr=26, gl_patient_ln=PATTERSON, gl_patient_fn=KHOLE, gl_mbr_id_nbr=BHGW01058207, gl_xref_type=, gl_xref_claim_nbr=, gl_xref_date=, gl_cash_rec_bal=00000001600, gl_corp=01, gl_filler=)
2026-02-24 12:02:00 DEBUG com.abcbs.crrs.jobs.P09360.P09360FileWriter - Suppressing refundType in detail line for record on page 2: prevRefundType matches
2026-02-24 12:02:00 DEBUG com.abcbs.crrs.jobs.P09360.P09360FileWriter - Detail line written for member BHGW01058207 (refundType=PER): 02/10/26  722    PATTERSON      KHOLE        BHGW01058207  EST  02/10/26           $16.00
2026-02-24 12:02:00 INFO  com.abcbs.crrs.jobs.P09360.P09360FileWriter - act amount:16.00
2026-02-24 12:02:00 DEBUG com.abcbs.crrs.jobs.P09360.P09360FileWriter - Processing record: RefundType=PER, ControlDate=2026-02-10, ControlNbr=722, ActAmt=-00000001600
2026-02-24 12:02:00 INFO  com.abcbs.crrs.jobs.P09360.P09360FileWriter - Full Record: P09GlDedsRecord(p09deds_julian=26041, p09deds_hhmmsss=1237047, filler=2900, gl_p09deds_id=01, gl_refund_type=PER, gl_control_date=2026-02-10, gl_control_nbr=722, gl_receipt_type=PA, gl_bank_acct_nbr=, gl_acct_nbr=280000000000, gl_act_code=EST, gl_act_amt=-00000001600, gl_act_date=2026-02-10, gl_report_mo=02, gl_report_yr=26, gl_patient_ln=PATTERSON, gl_patient_fn=KHOLE, gl_mbr_id_nbr=BHGW01058207, gl_xref_type=, gl_xref_claim_nbr=, gl_xref_date=, gl_cash_rec_bal=00000001600, gl_corp=01, gl_filler=)
2026-02-24 12:02:00 DEBUG com.abcbs.crrs.jobs.P09360.P09360FileWriter - Suppressing refundType in detail line for record on page 2: prevRefundType matches
2026-02-24 12:02:00 DEBUG com.abcbs.crrs.jobs.P09360.P09360FileWriter - Suppressing detail fields: controlDate, controlNbr, actCode, actDate, patient names for record
2026-02-24 12:02:00 DEBUG com.abcbs.crrs.jobs.P09360.P09360FileWriter - Detail line written for member BHGW01058207 (refundType=PER): $16.00-
2026-02-24 12:02:00 INFO  com.abcbs.crrs.jobs.P09360.P09360FileWriter - act amount:-16.00
2026-02-24 12:02:00 DEBUG com.abcbs.crrs.jobs.P09360.P09360FileWriter - Processing record: RefundType=PER, ControlDate=2026-02-10, ControlNbr=723, ActAmt=00000002319
2026-02-24 12:02:00 INFO  com.abcbs.crrs.jobs.P09360.P09360FileWriter - Full Record: P09GlDedsRecord(p09deds_julian=26041, p09deds_hhmmsss=1237047, filler=2900, gl_p09deds_id=01, gl_refund_type=PER, gl_control_date=2026-02-10, gl_control_nbr=723, gl_receipt_type=PA, gl_bank_acct_nbr=, gl_acct_nbr=108200000000, gl_act_code=EST, gl_act_amt=00000002319, gl_act_date=2026-02-10, gl_report_mo=02, gl_report_yr=26, gl_patient_ln=HERNANDEZ, gl_patient_fn=ISSAC, gl_mbr_id_nbr=FJB21013604M, gl_xref_type=, gl_xref_claim_nbr=, gl_xref_date=, gl_cash_rec_bal=00000002319, gl_corp=01, gl_filler=)
2026-02-24 12:02:00 DEBUG com.abcbs.crrs.jobs.P09360.P09360FileWriter - Suppressing refundType in detail line for record on page 2: prevRefundType matches
2026-02-24 12:02:00 DEBUG com.abcbs.crrs.jobs.P09360.P09360FileWriter - Detail line written for member FJB21013604M (refundType=PER): 02/10/26  723    HERNANDEZ      ISSAC        FJB21013604M  EST  02/10/26           $23.19
2026-02-24 12:02:00 INFO  com.abcbs.crrs.jobs.P09360.P09360FileWriter - act amount:23.19
2026-02-24 12:02:00 DEBUG com.abcbs.crrs.jobs.P09360.P09360FileWriter - Processing record: RefundType=PER, ControlDate=2026-02-10, ControlNbr=723, ActAmt=-00000002319
2026-02-24 12:02:00 INFO  com.abcbs.crrs.jobs.P09360.P09360FileWriter - Full Record: P09GlDedsRecord(p09deds_julian=26041, p09deds_hhmmsss=1237047, filler=2900, gl_p09deds_id=01, gl_refund_type=PER, gl_control_date=2026-02-10, gl_control_nbr=723, gl_receipt_type=PA, gl_bank_acct_nbr=, gl_acct_nbr=280000000000, gl_act_code=EST, gl_act_amt=-00000002319, gl_act_date=2026-02-10, gl_report_mo=02, gl_report_yr=26, gl_patient_ln=HERNANDEZ, gl_patient_fn=ISSAC, gl_mbr_id_nbr=FJB21013604M, gl_xref_type=, gl_xref_claim_nbr=, gl_xref_date=, gl_cash_rec_bal=00000002319, gl_corp=01, gl_filler=)
2026-02-24 12:02:00 DEBUG com.abcbs.crrs.jobs.P09360.P09360FileWriter - Suppressing refundType in detail line for record on page 2: prevRefundType matches
2026-02-24 12:02:00 DEBUG com.abcbs.crrs.jobs.P09360.P09360FileWriter - Suppressing detail fields: controlDate, controlNbr, actCode, actDate, patient names for record
2026-02-24 12:02:00 DEBUG com.abcbs.crrs.jobs.P09360.P09360FileWriter - Detail line written for member FJB21013604M (refundType=PER): $23.19-
2026-02-24 12:02:00 INFO  com.abcbs.crrs.jobs.P09360.P09360FileWriter - act amount:-23.19
2026-02-24 12:02:00 DEBUG com.abcbs.crrs.jobs.P09360.P09360FileWriter - Processing record: RefundType=PER, ControlDate=2026-02-10, ControlNbr=724, ActAmt=00000016439
2026-02-24 12:02:00 INFO  com.abcbs.crrs.jobs.P09360.P09360FileWriter - Full Record: P09GlDedsRecord(p09deds_julian=26041, p09deds_hhmmsss=1237047, filler=2900, gl_p09deds_id=01, gl_refund_type=PER, gl_control_date=2026-02-10, gl_control_nbr=724, gl_receipt_type=PA, gl_bank_acct_nbr=, gl_acct_nbr=108200000000, gl_act_code=EST, gl_act_amt=00000016439, gl_act_date=2026-02-10, gl_report_mo=02, gl_report_yr=26, gl_patient_ln=WILLIAMS, gl_patient_fn=DAYVEON, gl_mbr_id_nbr=WSY3244684HS, gl_xref_type=, gl_xref_claim_nbr=, gl_xref_date=, gl_cash_rec_bal=00000016439, gl_corp=01, gl_filler=)
2026-02-24 12:02:00 DEBUG com.abcbs.crrs.jobs.P09360.P09360FileWriter - Suppressing refundType in detail line for record on page 2: prevRefundType matches
2026-02-24 12:02:00 DEBUG com.abcbs.crrs.jobs.P09360.P09360FileWriter - Detail line written for member WSY3244684HS (refundType=PER): 02/10/26  724    WILLIAMS       DAYVEON      WSY3244684HS  EST  02/10/26          $164.39
2026-02-24 12:02:00 INFO  com.abcbs.crrs.jobs.P09360.P09360FileWriter - act amount:164.39
2026-02-24 12:02:00 DEBUG com.abcbs.crrs.jobs.P09360.P09360FileWriter - Processing record: RefundType=PER, ControlDate=2026-02-10, ControlNbr=724, ActAmt=-00000016439
2026-02-24 12:02:00 INFO  com.abcbs.crrs.jobs.P09360.P09360FileWriter - Full Record: P09GlDedsRecord(p09deds_julian=26041, p09deds_hhmmsss=1237047, filler=2900, gl_p09deds_id=01, gl_refund_type=PER, gl_control_date=2026-02-10, gl_control_nbr=724, gl_receipt_type=PA, gl_bank_acct_nbr=, gl_acct_nbr=280000000000, gl_act_code=EST, gl_act_amt=-00000016439, gl_act_date=2026-02-10, gl_report_mo=02, gl_report_yr=26, gl_patient_ln=WILLIAMS, gl_patient_fn=DAYVEON, gl_mbr_id_nbr=WSY3244684HS, gl_xref_type=, gl_xref_claim_nbr=, gl_xref_date=, gl_cash_rec_bal=00000016439, gl_corp=01, gl_filler=)
2026-02-24 12:02:00 DEBUG com.abcbs.crrs.jobs.P09360.P09360FileWriter - Suppressing refundType in detail line for record on page 2: prevRefundType matches
2026-02-24 12:02:00 DEBUG com.abcbs.crrs.jobs.P09360.P09360FileWriter - Suppressing detail fields: controlDate, controlNbr, actCode, actDate, patient names for record
2026-02-24 12:02:00 DEBUG com.abcbs.crrs.jobs.P09360.P09360FileWriter - Detail line written for member WSY3244684HS (refundType=PER): $164.39-
2026-02-24 12:02:00 INFO  com.abcbs.crrs.jobs.P09360.P09360FileWriter - act amount:-164.39
2026-02-24 12:02:00 DEBUG com.abcbs.crrs.jobs.P09360.P09360FileWriter - Processing record: RefundType=PER, ControlDate=2026-02-10, ControlNbr=725, ActAmt=00000155328
2026-02-24 12:02:00 INFO  com.abcbs.crrs.jobs.P09360.P09360FileWriter - Full Record: P09GlDedsRecord(p09deds_julian=26041, p09deds_hhmmsss=1237047, filler=2900, gl_p09deds_id=01, gl_refund_type=PER, gl_control_date=2026-02-10, gl_control_nbr=725, gl_receipt_type=PA, gl_bank_acct_nbr=, gl_acct_nbr=108200000000, gl_act_code=EST, gl_act_amt=00000155328, gl_act_date=2026-02-10, gl_report_mo=02, gl_report_yr=26, gl_patient_ln=MILLER, gl_patient_fn=SENICA, gl_mbr_id_nbr=R58281978, gl_xref_type=, gl_xref_claim_nbr=, gl_xref_date=, gl_cash_rec_bal=00000155328, gl_corp=01, gl_filler=)
2026-02-24 12:02:00 DEBUG com.abcbs.crrs.jobs.P09360.P09360FileWriter - Suppressing refundType in detail line for record on page 2: prevRefundType matches
2026-02-24 12:02:00 DEBUG com.abcbs.crrs.jobs.P09360.P09360FileWriter - Detail line written for member R58281978 (refundType=PER): 02/10/26  725    MILLER         SENICA       R58281978     EST  02/10/26        $1,553.28
2026-02-24 12:02:00 INFO  com.abcbs.crrs.jobs.P09360.P09360FileWriter - act amount:1553.28
2026-02-24 12:02:00 DEBUG com.abcbs.crrs.jobs.P09360.P09360FileWriter - Processing record: RefundType=PER, ControlDate=2026-02-10, ControlNbr=725, ActAmt=-00000155328
2026-02-24 12:02:00 INFO  com.abcbs.crrs.jobs.P09360.P09360FileWriter - Full Record: P09GlDedsRecord(p09deds_julian=26041, p09deds_hhmmsss=1237047, filler=2900, gl_p09deds_id=01, gl_refund_type=PER, gl_control_date=2026-02-10, gl_control_nbr=725, gl_receipt_type=PA, gl_bank_acct_nbr=, gl_acct_nbr=280000000000, gl_act_code=EST, gl_act_amt=-00000155328, gl_act_date=2026-02-10, gl_report_mo=02, gl_report_yr=26, gl_patient_ln=MILLER, gl_patient_fn=SENICA, gl_mbr_id_nbr=R58281978, gl_xref_type=, gl_xref_claim_nbr=, gl_xref_date=, gl_cash_rec_bal=00000155328, gl_corp=01, gl_filler=)
2026-02-24 12:02:00 DEBUG com.abcbs.crrs.jobs.P09360.P09360FileWriter - Suppressing refundType in detail line for record on page 2: prevRefundType matches
2026-02-24 12:02:00 DEBUG com.abcbs.crrs.jobs.P09360.P09360FileWriter - Suppressing detail fields: controlDate, controlNbr, actCode, actDate, patient names for record
2026-02-24 12:02:00 DEBUG com.abcbs.crrs.jobs.P09360.P09360FileWriter - Detail line written for member R58281978 (refundType=PER): $1,553.28-
2026-02-24 12:02:00 INFO  com.abcbs.crrs.jobs.P09360.P09360FileWriter - act amount:-1553.28
2026-02-24 12:02:00 DEBUG com.abcbs.crrs.jobs.P09360.P09360FileWriter - Processing record: RefundType=PER, ControlDate=2026-02-10, ControlNbr=726, ActAmt=00000004604
2026-02-24 12:02:00 INFO  com.abcbs.crrs.jobs.P09360.P09360FileWriter - Full Record: P09GlDedsRecord(p09deds_julian=26041, p09deds_hhmmsss=1237047, filler=2900, gl_p09deds_id=01, gl_refund_type=PER, gl_control_date=2026-02-10, gl_control_nbr=726, gl_receipt_type=PA, gl_bank_acct_nbr=, gl_acct_nbr=108200000000, gl_act_code=EST, gl_act_amt=00000004604, gl_act_date=2026-02-10, gl_report_mo=02, gl_report_yr=26, gl_patient_ln=CHRONISTER, gl_patient_fn=VIRGIL, gl_mbr_id_nbr=XAA844672392, gl_xref_type=, gl_xref_claim_nbr=, gl_xref_date=, gl_cash_rec_bal=00000004604, gl_corp=01, gl_filler=)
2026-02-24 12:02:00 DEBUG com.abcbs.crrs.jobs.P09360.P09360FileWriter - Suppressing refundType in detail line for record on page 2: prevRefundType matches
2026-02-24 12:02:00 DEBUG com.abcbs.crrs.jobs.P09360.P09360FileWriter - Detail line written for member XAA844672392 (refundType=PER): 02/10/26  726    CHRONISTER     VIRGIL       XAA844672392  EST  02/10/26           $46.04
2026-02-24 12:02:00 INFO  com.abcbs.crrs.jobs.P09360.P09360FileWriter - act amount:46.04
2026-02-24 12:02:00 DEBUG com.abcbs.crrs.jobs.P09360.P09360FileWriter - Processing record: RefundType=PER, ControlDate=2026-02-10, ControlNbr=726, ActAmt=-00000004604
2026-02-24 12:02:00 INFO  com.abcbs.crrs.jobs.P09360.P09360FileWriter - Full Record: P09GlDedsRecord(p09deds_julian=26041, p09deds_hhmmsss=1237047, filler=2900, gl_p09deds_id=01, gl_refund_type=PER, gl_control_date=2026-02-10, gl_control_nbr=726, gl_receipt_type=PA, gl_bank_acct_nbr=, gl_acct_nbr=280000000000, gl_act_code=EST, gl_act_amt=-00000004604, gl_act_date=2026-02-10, gl_report_mo=02, gl_report_yr=26, gl_patient_ln=CHRONISTER, gl_patient_fn=VIRGIL, gl_mbr_id_nbr=XAA844672392, gl_xref_type=, gl_xref_claim_nbr=, gl_xref_date=, gl_cash_rec_bal=00000004604, gl_corp=01, gl_filler=)
2026-02-24 12:02:00 DEBUG com.abcbs.crrs.jobs.P09360.P09360FileWriter - Suppressing refundType in detail line for record on page 2: prevRefundType matches
2026-02-24 12:02:00 DEBUG com.abcbs.crrs.jobs.P09360.P09360FileWriter - Suppressing detail fields: controlDate, controlNbr, actCode, actDate, patient names for record
2026-02-24 12:02:00 DEBUG com.abcbs.crrs.jobs.P09360.P09360FileWriter - Detail line written for member XAA844672392 (refundType=PER): $46.04-
2026-02-24 12:02:00 INFO  com.abcbs.crrs.jobs.P09360.P09360FileWriter - act amount:-46.04
2026-02-24 12:02:00 DEBUG com.abcbs.crrs.jobs.P09360.P09360FileWriter - Processing record: RefundType=PER, ControlDate=2026-02-10, ControlNbr=727, ActAmt=00000016438
2026-02-24 12:02:00 INFO  com.abcbs.crrs.jobs.P09360.P09360FileWriter - Full Record: P09GlDedsRecord(p09deds_julian=26041, p09deds_hhmmsss=1237047, filler=2900, gl_p09deds_id=01, gl_refund_type=PER, gl_control_date=2026-02-10, gl_control_nbr=727, gl_receipt_type=PA, gl_bank_acct_nbr=, gl_acct_nbr=108200000000, gl_act_code=EST, gl_act_amt=00000016438, gl_act_date=2026-02-10, gl_report_mo=02, gl_report_yr=26, gl_patient_ln=HAMLETT, gl_patient_fn=BILLY, gl_mbr_id_nbr=MGJ030251MDT, gl_xref_type=, gl_xref_claim_nbr=, gl_xref_date=, gl_cash_rec_bal=00000016438, gl_corp=01, gl_filler=)
2026-02-24 12:02:00 DEBUG com.abcbs.crrs.jobs.P09360.P09360FileWriter - Suppressing refundType in detail line for record on page 2: prevRefundType matches
2026-02-24 12:02:00 DEBUG com.abcbs.crrs.jobs.P09360.P09360FileWriter - Detail line written for member MGJ030251MDT (refundType=PER): 02/10/26  727    HAMLETT        BILLY        MGJ030251MDT  EST  02/10/26          $164.38
2026-02-24 12:02:00 INFO  com.abcbs.crrs.jobs.P09360.P09360FileWriter - act amount:164.38
2026-02-24 12:02:00 DEBUG com.abcbs.crrs.jobs.P09360.P09360FileWriter - Processing record: RefundType=PER, ControlDate=2026-02-10, ControlNbr=727, ActAmt=-00000016438
2026-02-24 12:02:00 INFO  com.abcbs.crrs.jobs.P09360.P09360FileWriter - Full Record: P09GlDedsRecord(p09deds_julian=26041, p09deds_hhmmsss=1237047, filler=2900, gl_p09deds_id=01, gl_refund_type=PER, gl_control_date=2026-02-10, gl_control_nbr=727, gl_receipt_type=PA, gl_bank_acct_nbr=, gl_acct_nbr=280000000000, gl_act_code=EST, gl_act_amt=-00000016438, gl_act_date=2026-02-10, gl_report_mo=02, gl_report_yr=26, gl_patient_ln=HAMLETT, gl_patient_fn=BILLY, gl_mbr_id_nbr=MGJ030251MDT, gl_xref_type=, gl_xref_claim_nbr=, gl_xref_date=, gl_cash_rec_bal=00000016438, gl_corp=01, gl_filler=)
2026-02-24 12:02:00 DEBUG com.abcbs.crrs.jobs.P09360.P09360FileWriter - Suppressing refundType in detail line for record on page 2: prevRefundType matches
2026-02-24 12:02:00 DEBUG com.abcbs.crrs.jobs.P09360.P09360FileWriter - Suppressing detail fields: controlDate, controlNbr, actCode, actDate, patient names for record
2026-02-24 12:02:00 DEBUG com.abcbs.crrs.jobs.P09360.P09360FileWriter - Detail line written for member MGJ030251MDT (refundType=PER): $164.38-
2026-02-24 12:02:00 INFO  com.abcbs.crrs.jobs.P09360.P09360FileWriter - act amount:-164.38
2026-02-24 12:02:00 DEBUG com.abcbs.crrs.jobs.P09360.P09360FileWriter - Processing record: RefundType=PER, ControlDate=2026-02-10, ControlNbr=728, ActAmt=00000010812
2026-02-24 12:02:00 INFO  com.abcbs.crrs.jobs.P09360.P09360FileWriter - Full Record: P09GlDedsRecord(p09deds_julian=26041, p09deds_hhmmsss=1237047, filler=2900, gl_p09deds_id=01, gl_refund_type=PER, gl_control_date=2026-02-10, gl_control_nbr=728, gl_receipt_type=PA, gl_bank_acct_nbr=, gl_acct_nbr=108200000000, gl_act_code=EST, gl_act_amt=00000010812, gl_act_date=2026-02-10, gl_report_mo=02, gl_report_yr=26, gl_patient_ln=HOUSE, gl_patient_fn=TRACY, gl_mbr_id_nbr=R57773112, gl_xref_type=, gl_xref_claim_nbr=, gl_xref_date=, gl_cash_rec_bal=00000010812, gl_corp=01, gl_filler=)
2026-02-24 12:02:00 DEBUG com.abcbs.crrs.jobs.P09360.P09360FileWriter - Suppressing refundType in detail line for record on page 2: prevRefundType matches
2026-02-24 12:02:00 DEBUG com.abcbs.crrs.jobs.P09360.P09360FileWriter - Detail line written for member R57773112 (refundType=PER): 02/10/26  728    HOUSE          TRACY        R57773112     EST  02/10/26          $108.12
2026-02-24 12:02:00 INFO  com.abcbs.crrs.jobs.P09360.P09360FileWriter - act amount:108.12
2026-02-24 12:02:00 DEBUG com.abcbs.crrs.jobs.P09360.P09360FileWriter - Processing record: RefundType=PER, ControlDate=2026-02-10, ControlNbr=728, ActAmt=-00000010812
2026-02-24 12:02:00 INFO  com.abcbs.crrs.jobs.P09360.P09360FileWriter - Full Record: P09GlDedsRecord(p09deds_julian=26041, p09deds_hhmmsss=1237047, filler=2900, gl_p09deds_id=01, gl_refund_type=PER, gl_control_date=2026-02-10, gl_control_nbr=728, gl_receipt_type=PA, gl_bank_acct_nbr=, gl_acct_nbr=280000000000, gl_act_code=EST, gl_act_amt=-00000010812, gl_act_date=2026-02-10, gl_report_mo=02, gl_report_yr=26, gl_patient_ln=HOUSE, gl_patient_fn=TRACY, gl_mbr_id_nbr=R57773112, gl_xref_type=, gl_xref_claim_nbr=, gl_xref_date=, gl_cash_rec_bal=00000010812, gl_corp=01, gl_filler=)
2026-02-24 12:02:00 DEBUG com.abcbs.crrs.jobs.P09360.P09360FileWriter - Suppressing refundType in detail line for record on page 2: prevRefundType matches
2026-02-24 12:02:00 DEBUG com.abcbs.crrs.jobs.P09360.P09360FileWriter - Suppressing detail fields: controlDate, controlNbr, actCode, actDate, patient names for record
2026-02-24 12:02:00 DEBUG com.abcbs.crrs.jobs.P09360.P09360FileWriter - Detail line written for member R57773112 (refundType=PER): $108.12-
2026-02-24 12:02:00 INFO  com.abcbs.crrs.jobs.P09360.P09360FileWriter - act amount:-108.12
2026-02-24 12:02:00 DEBUG com.abcbs.crrs.jobs.P09360.P09360FileWriter - Processing record: RefundType=PER, ControlDate=2026-02-10, ControlNbr=729, ActAmt=00000004925
2026-02-24 12:02:00 INFO  com.abcbs.crrs.jobs.P09360.P09360FileWriter - Full Record: P09GlDedsRecord(p09deds_julian=26041, p09deds_hhmmsss=1237047, filler=2900, gl_p09deds_id=01, gl_refund_type=PER, gl_control_date=2026-02-10, gl_control_nbr=729, gl_receipt_type=PA, gl_bank_acct_nbr=, gl_acct_nbr=108200000000, gl_act_code=EST, gl_act_amt=00000004925, gl_act_date=2026-02-10, gl_report_mo=02, gl_report_yr=26, gl_patient_ln=HOUSE, gl_patient_fn=TRACY, gl_mbr_id_nbr=R5773112, gl_xref_type=, gl_xref_claim_nbr=, gl_xref_date=, gl_cash_rec_bal=00000004925, gl_corp=01, gl_filler=)
2026-02-24 12:02:00 DEBUG com.abcbs.crrs.jobs.P09360.P09360FileWriter - Suppressing refundType in detail line for record on page 2: prevRefundType matches
2026-02-24 12:02:00 DEBUG com.abcbs.crrs.jobs.P09360.P09360FileWriter - Detail line written for member R5773112 (refundType=PER): 02/10/26  729    HOUSE          TRACY        R5773112      EST  02/10/26           $49.25
2026-02-24 12:02:00 INFO  com.abcbs.crrs.jobs.P09360.P09360FileWriter - act amount:49.25
2026-02-24 12:02:00 DEBUG com.abcbs.crrs.jobs.P09360.P09360FileWriter - Processing record: RefundType=PER, ControlDate=2026-02-10, ControlNbr=729, ActAmt=-00000004925
2026-02-24 12:02:00 INFO  com.abcbs.crrs.jobs.P09360.P09360FileWriter - Full Record: P09GlDedsRecord(p09deds_julian=26041, p09deds_hhmmsss=1237047, filler=2900, gl_p09deds_id=01, gl_refund_type=PER, gl_control_date=2026-02-10, gl_control_nbr=729, gl_receipt_type=PA, gl_bank_acct_nbr=, gl_acct_nbr=280000000000, gl_act_code=EST, gl_act_amt=-00000004925, gl_act_date=2026-02-10, gl_report_mo=02, gl_report_yr=26, gl_patient_ln=HOUSE, gl_patient_fn=TRACY, gl_mbr_id_nbr=R5773112, gl_xref_type=, gl_xref_claim_nbr=, gl_xref_date=, gl_cash_rec_bal=00000004925, gl_corp=01, gl_filler=)
2026-02-24 12:02:00 DEBUG com.abcbs.crrs.jobs.P09360.P09360FileWriter - Suppressing refundType in detail line for record on page 2: prevRefundType matches
2026-02-24 12:02:00 DEBUG com.abcbs.crrs.jobs.P09360.P09360FileWriter - Suppressing detail fields: controlDate, controlNbr, actCode, actDate, patient names for record
2026-02-24 12:02:00 DEBUG com.abcbs.crrs.jobs.P09360.P09360FileWriter - Detail line written for member R5773112 (refundType=PER): $49.25-
2026-02-24 12:02:00 INFO  com.abcbs.crrs.jobs.P09360.P09360FileWriter - act amount:-49.25
2026-02-24 12:02:00 DEBUG com.abcbs.crrs.jobs.P09360.P09360FileWriter - Processing record: RefundType=PER, ControlDate=2026-02-10, ControlNbr=730, ActAmt=00000012500
2026-02-24 12:02:00 INFO  com.abcbs.crrs.jobs.P09360.P09360FileWriter - Full Record: P09GlDedsRecord(p09deds_julian=26041, p09deds_hhmmsss=1237047, filler=2900, gl_p09deds_id=01, gl_refund_type=PER, gl_control_date=2026-02-10, gl_control_nbr=730, gl_receipt_type=PA, gl_bank_acct_nbr=, gl_acct_nbr=108200000000, gl_act_code=EST, gl_act_amt=00000012500, gl_act_date=2026-02-10, gl_report_mo=02, gl_report_yr=26, gl_patient_ln=HORN, gl_patient_fn=KATHERINE, gl_mbr_id_nbr=R59639723, gl_xref_type=, gl_xref_claim_nbr=, gl_xref_date=, gl_cash_rec_bal=00000012500, gl_corp=01, gl_filler=)
2026-02-24 12:02:00 DEBUG com.abcbs.crrs.jobs.P09360.P09360FileWriter - Suppressing refundType in detail line for record on page 2: prevRefundType matches
2026-02-24 12:02:00 DEBUG com.abcbs.crrs.jobs.P09360.P09360FileWriter - Detail line written for member R59639723 (refundType=PER): 02/10/26  730    HORN           KATHERINE    R59639723     EST  02/10/26          $125.00
2026-02-24 12:02:00 INFO  com.abcbs.crrs.jobs.P09360.P09360FileWriter - act amount:125.00
2026-02-24 12:02:00 DEBUG com.abcbs.crrs.jobs.P09360.P09360FileWriter - Processing record: RefundType=PER, ControlDate=2026-02-10, ControlNbr=730, ActAmt=-00000012500
2026-02-24 12:02:00 INFO  com.abcbs.crrs.jobs.P09360.P09360FileWriter - Full Record: P09GlDedsRecord(p09deds_julian=26041, p09deds_hhmmsss=1237047, filler=2900, gl_p09deds_id=01, gl_refund_type=PER, gl_control_date=2026-02-10, gl_control_nbr=730, gl_receipt_type=PA, gl_bank_acct_nbr=, gl_acct_nbr=280000000000, gl_act_code=EST, gl_act_amt=-00000012500, gl_act_date=2026-02-10, gl_report_mo=02, gl_report_yr=26, gl_patient_ln=HORN, gl_patient_fn=KATHERINE, gl_mbr_id_nbr=R59639723, gl_xref_type=, gl_xref_claim_nbr=, gl_xref_date=, gl_cash_rec_bal=00000012500, gl_corp=01, gl_filler=)
2026-02-24 12:02:00 DEBUG com.abcbs.crrs.jobs.P09360.P09360FileWriter - Suppressing refundType in detail line for record on page 2: prevRefundType matches
2026-02-24 12:02:00 DEBUG com.abcbs.crrs.jobs.P09360.P09360FileWriter - Suppressing detail fields: controlDate, controlNbr, actCode, actDate, patient names for record
2026-02-24 12:02:00 DEBUG com.abcbs.crrs.jobs.P09360.P09360FileWriter - Detail line written for member R59639723 (refundType=PER): $125.00-
2026-02-24 12:02:00 INFO  com.abcbs.crrs.jobs.P09360.P09360FileWriter - act amount:-125.00
2026-02-24 12:02:00 DEBUG com.abcbs.crrs.jobs.P09360.P09360FileWriter - Processing record: RefundType=PER, ControlDate=2026-02-10, ControlNbr=731, ActAmt=00000064969
2026-02-24 12:02:00 INFO  com.abcbs.crrs.jobs.P09360.P09360FileWriter - Full Record: P09GlDedsRecord(p09deds_julian=26041, p09deds_hhmmsss=1237047, filler=2900, gl_p09deds_id=01, gl_refund_type=PER, gl_control_date=2026-02-10, gl_control_nbr=731, gl_receipt_type=PA, gl_bank_acct_nbr=, gl_acct_nbr=108200000000, gl_act_code=EST, gl_act_amt=00000064969, gl_act_date=2026-02-10, gl_report_mo=02, gl_report_yr=26, gl_patient_ln=CROSSWELL, gl_patient_fn=TINA, gl_mbr_id_nbr=YUN844156784, gl_xref_type=, gl_xref_claim_nbr=, gl_xref_date=, gl_cash_rec_bal=00000064969, gl_corp=01, gl_filler=)
2026-02-24 12:02:00 DEBUG com.abcbs.crrs.jobs.P09360.P09360FileWriter - Suppressing refundType in detail line for record on page 2: prevRefundType matches
2026-02-24 12:02:00 DEBUG com.abcbs.crrs.jobs.P09360.P09360FileWriter - Detail line written for member YUN844156784 (refundType=PER): 02/10/26  731    CROSSWELL      TINA         YUN844156784  EST  02/10/26          $649.69
2026-02-24 12:02:00 INFO  com.abcbs.crrs.jobs.P09360.P09360FileWriter - act amount:649.69
2026-02-24 12:02:00 DEBUG com.abcbs.crrs.jobs.P09360.P09360FileWriter - Processing record: RefundType=PER, ControlDate=2026-02-10, ControlNbr=731, ActAmt=-00000064969
2026-02-24 12:02:00 INFO  com.abcbs.crrs.jobs.P09360.P09360FileWriter - Full Record: P09GlDedsRecord(p09deds_julian=26041, p09deds_hhmmsss=1237047, filler=2900, gl_p09deds_id=01, gl_refund_type=PER, gl_control_date=2026-02-10, gl_control_nbr=731, gl_receipt_type=PA, gl_bank_acct_nbr=, gl_acct_nbr=280000000000, gl_act_code=EST, gl_act_amt=-00000064969, gl_act_date=2026-02-10, gl_report_mo=02, gl_report_yr=26, gl_patient_ln=CROSSWELL, gl_patient_fn=TINA, gl_mbr_id_nbr=YUN844156784, gl_xref_type=, gl_xref_claim_nbr=, gl_xref_date=, gl_cash_rec_bal=00000064969, gl_corp=01, gl_filler=)
2026-02-24 12:02:00 DEBUG com.abcbs.crrs.jobs.P09360.P09360FileWriter - Suppressing refundType in detail line for record on page 2: prevRefundType matches
2026-02-24 12:02:00 DEBUG com.abcbs.crrs.jobs.P09360.P09360FileWriter - Suppressing detail fields: controlDate, controlNbr, actCode, actDate, patient names for record
2026-02-24 12:02:00 DEBUG com.abcbs.crrs.jobs.P09360.P09360FileWriter - Detail line written for member YUN844156784 (refundType=PER): $649.69-
2026-02-24 12:02:00 INFO  com.abcbs.crrs.jobs.P09360.P09360FileWriter - act amount:-649.69
2026-02-24 12:02:00 DEBUG com.abcbs.crrs.jobs.P09360.P09360FileWriter - Processing record: RefundType=PER, ControlDate=2026-02-10, ControlNbr=732, ActAmt=00000021586
2026-02-24 12:02:00 INFO  com.abcbs.crrs.jobs.P09360.P09360FileWriter - Full Record: P09GlDedsRecord(p09deds_julian=26041, p09deds_hhmmsss=1237047, filler=2900, gl_p09deds_id=01, gl_refund_type=PER, gl_control_date=2026-02-10, gl_control_nbr=732, gl_receipt_type=PA, gl_bank_acct_nbr=, gl_acct_nbr=108200000000, gl_act_code=EST, gl_act_amt=00000021586, gl_act_date=2026-02-10, gl_report_mo=02, gl_report_yr=26, gl_patient_ln=RADCLIFF, gl_patient_fn=KURT, gl_mbr_id_nbr=R58291992, gl_xref_type=, gl_xref_claim_nbr=, gl_xref_date=, gl_cash_rec_bal=00000021586, gl_corp=01, gl_filler=)
2026-02-24 12:02:00 DEBUG com.abcbs.crrs.jobs.P09360.P09360FileWriter - Suppressing refundType in detail line for record on page 2: prevRefundType matches
2026-02-24 12:02:00 DEBUG com.abcbs.crrs.jobs.P09360.P09360FileWriter - Detail line written for member R58291992 (refundType=PER): 02/10/26  732    RADCLIFF       KURT         R58291992     EST  02/10/26          $215.86
2026-02-24 12:02:00 INFO  com.abcbs.crrs.jobs.P09360.P09360FileWriter - act amount:215.86
2026-02-24 12:02:00 DEBUG com.abcbs.crrs.jobs.P09360.P09360FileWriter - Processing record: RefundType=PER, ControlDate=2026-02-10, ControlNbr=732, ActAmt=-00000021586
2026-02-24 12:02:00 INFO  com.abcbs.crrs.jobs.P09360.P09360FileWriter - Full Record: P09GlDedsRecord(p09deds_julian=26041, p09deds_hhmmsss=1237047, filler=2900, gl_p09deds_id=01, gl_refund_type=PER, gl_control_date=2026-02-10, gl_control_nbr=732, gl_receipt_type=PA, gl_bank_acct_nbr=, gl_acct_nbr=280000000000, gl_act_code=EST, gl_act_amt=-00000021586, gl_act_date=2026-02-10, gl_report_mo=02, gl_report_yr=26, gl_patient_ln=RADCLIFF, gl_patient_fn=KURT, gl_mbr_id_nbr=R58291992, gl_xref_type=, gl_xref_claim_nbr=, gl_xref_date=, gl_cash_rec_bal=00000021586, gl_corp=01, gl_filler=)
2026-02-24 12:02:00 DEBUG com.abcbs.crrs.jobs.P09360.P09360FileWriter - Suppressing refundType in detail line for record on page 2: prevRefundType matches
2026-02-24 12:02:00 DEBUG com.abcbs.crrs.jobs.P09360.P09360FileWriter - Suppressing detail fields: controlDate, controlNbr, actCode, actDate, patient names for record
2026-02-24 12:02:00 DEBUG com.abcbs.crrs.jobs.P09360.P09360FileWriter - Detail line written for member R58291992 (refundType=PER): $215.86-
2026-02-24 12:02:00 INFO  com.abcbs.crrs.jobs.P09360.P09360FileWriter - act amount:-215.86
2026-02-24 12:02:00 DEBUG com.abcbs.crrs.jobs.P09360.P09360FileWriter - Processing record: RefundType=PER, ControlDate=2026-02-10, ControlNbr=733, ActAmt=00000022658
2026-02-24 12:02:00 INFO  com.abcbs.crrs.jobs.P09360.P09360FileWriter - Full Record: P09GlDedsRecord(p09deds_julian=26041, p09deds_hhmmsss=1237047, filler=2900, gl_p09deds_id=01, gl_refund_type=PER, gl_control_date=2026-02-10, gl_control_nbr=733, gl_receipt_type=PA, gl_bank_acct_nbr=, gl_acct_nbr=108200000000, gl_act_code=EST, gl_act_amt=00000022658, gl_act_date=2026-02-10, gl_report_mo=02, gl_report_yr=26, gl_patient_ln=CRIMS, gl_patient_fn=DIANNA, gl_mbr_id_nbr=YUQ947132210, gl_xref_type=, gl_xref_claim_nbr=, gl_xref_date=, gl_cash_rec_bal=00000022658, gl_corp=01, gl_filler=)
2026-02-24 12:02:00 DEBUG com.abcbs.crrs.jobs.P09360.P09360FileWriter - Suppressing refundType in detail line for record on page 2: prevRefundType matches
2026-02-24 12:02:00 DEBUG com.abcbs.crrs.jobs.P09360.P09360FileWriter - Detail line written for member YUQ947132210 (refundType=PER): 02/10/26  733    CRIMS          DIANNA       YUQ947132210  EST  02/10/26          $226.58
2026-02-24 12:02:00 INFO  com.abcbs.crrs.jobs.P09360.P09360FileWriter - act amount:226.58
2026-02-24 12:02:00 DEBUG com.abcbs.crrs.jobs.P09360.P09360FileWriter - Processing record: RefundType=PER, ControlDate=2026-02-10, ControlNbr=733, ActAmt=-00000022658
2026-02-24 12:02:00 INFO  com.abcbs.crrs.jobs.P09360.P09360FileWriter - Full Record: P09GlDedsRecord(p09deds_julian=26041, p09deds_hhmmsss=1237047, filler=2900, gl_p09deds_id=01, gl_refund_type=PER, gl_control_date=2026-02-10, gl_control_nbr=733, gl_receipt_type=PA, gl_bank_acct_nbr=, gl_acct_nbr=280000000000, gl_act_code=EST, gl_act_amt=-00000022658, gl_act_date=2026-02-10, gl_report_mo=02, gl_report_yr=26, gl_patient_ln=CRIMS, gl_patient_fn=DIANNA, gl_mbr_id_nbr=YUQ947132210, gl_xref_type=, gl_xref_claim_nbr=, gl_xref_date=, gl_cash_rec_bal=00000022658, gl_corp=01, gl_filler=)
2026-02-24 12:02:00 DEBUG com.abcbs.crrs.jobs.P09360.P09360FileWriter - Suppressing refundType in detail line for record on page 2: prevRefundType matches
2026-02-24 12:02:00 DEBUG com.abcbs.crrs.jobs.P09360.P09360FileWriter - Suppressing detail fields: controlDate, controlNbr, actCode, actDate, patient names for record
2026-02-24 12:02:00 DEBUG com.abcbs.crrs.jobs.P09360.P09360FileWriter - Detail line written for member YUQ947132210 (refundType=PER): $226.58-
2026-02-24 12:02:00 INFO  com.abcbs.crrs.jobs.P09360.P09360FileWriter - act amount:-226.58
2026-02-24 12:02:00 DEBUG com.abcbs.crrs.jobs.P09360.P09360FileWriter - Processing record: RefundType=PER, ControlDate=2025-04-17, ControlNbr=415, ActAmt=-00000004447
2026-02-24 12:02:00 INFO  com.abcbs.crrs.jobs.P09360.P09360FileWriter - Full Record: P09GlDedsRecord(p09deds_julian=26041, p09deds_hhmmsss=0815520, filler=2900, gl_p09deds_id=03, gl_refund_type=PER, gl_control_date=2025-04-17, gl_control_nbr=415, gl_receipt_type=PA, gl_bank_acct_nbr=, gl_acct_nbr=125100000000, gl_act_code=ACC, gl_act_amt=-00000004447, gl_act_date=2026-02-10, gl_report_mo=02, gl_report_yr=26, gl_patient_ln=KING, gl_patient_fn=MICHAEL, gl_mbr_id_nbr=ZZT804423170, gl_xref_type=CL, gl_xref_claim_nbr=242421247801, gl_xref_date=2025-06-18, gl_cash_rec_bal=00000004054, gl_corp=01, gl_filler=)
2026-02-24 12:02:00 DEBUG com.abcbs.crrs.jobs.P09360.P09360FileWriter - Suppressing refundType in detail line for record on page 2: prevRefundType matches
2026-02-24 12:02:00 DEBUG com.abcbs.crrs.jobs.P09360.P09360FileWriter - Detail line written for member ZZT804423170 (refundType=PER): 04/17/25  415    KING           MICHAEL      ZZT804423170  ACC  02/10/26          $44.47-  CL  06/18/25 242421247801
2026-02-24 12:02:00 INFO  com.abcbs.crrs.jobs.P09360.P09360FileWriter - act amount:-44.47
2026-02-24 12:02:00 DEBUG com.abcbs.crrs.jobs.P09360.P09360FileWriter - Processing record: RefundType=PER, ControlDate=2025-04-17, ControlNbr=415, ActAmt=00000004447
2026-02-24 12:02:00 INFO  com.abcbs.crrs.jobs.P09360.P09360FileWriter - Full Record: P09GlDedsRecord(p09deds_julian=26041, p09deds_hhmmsss=0815520, filler=2900, gl_p09deds_id=03, gl_refund_type=PER, gl_control_date=2025-04-17, gl_control_nbr=415, gl_receipt_type=PA, gl_bank_acct_nbr=, gl_acct_nbr=280000000000, gl_act_code=ACC, gl_act_amt=00000004447, gl_act_date=2026-02-10, gl_report_mo=02, gl_report_yr=26, gl_patient_ln=KING, gl_patient_fn=MICHAEL, gl_mbr_id_nbr=ZZT804423170, gl_xref_type=CL, gl_xref_claim_nbr=242421247801, gl_xref_date=2025-06-18, gl_cash_rec_bal=00000004054, gl_corp=01, gl_filler=)
2026-02-24 12:02:00 DEBUG com.abcbs.crrs.jobs.P09360.P09360FileWriter - Suppressing refundType in detail line for record on page 2: prevRefundType matches
2026-02-24 12:02:00 DEBUG com.abcbs.crrs.jobs.P09360.P09360FileWriter - Suppressing detail fields: controlDate, controlNbr, actCode, actDate, patient names for record
2026-02-24 12:02:00 DEBUG com.abcbs.crrs.jobs.P09360.P09360FileWriter - Detail line written for member ZZT804423170 (refundType=PER): $44.47  CL  06/18/25 242421247801
2026-02-24 12:02:00 INFO  com.abcbs.crrs.jobs.P09360.P09360FileWriter - act amount:44.47
2026-02-24 12:02:00 DEBUG com.abcbs.crrs.jobs.P09360.P09360FileWriter - Processing record: RefundType=PER, ControlDate=2025-06-24, ControlNbr=406, ActAmt=-00000248259
2026-02-24 12:02:00 INFO  com.abcbs.crrs.jobs.P09360.P09360FileWriter - Full Record: P09GlDedsRecord(p09deds_julian=26041, p09deds_hhmmsss=1046280, filler=2900, gl_p09deds_id=03, gl_refund_type=PER, gl_control_date=2025-06-24, gl_control_nbr=406, gl_receipt_type=PA, gl_bank_acct_nbr=, gl_acct_nbr=125100000000, gl_act_code=ACC, gl_act_amt=-00000248259, gl_act_date=2026-02-10, gl_report_mo=02, gl_report_yr=26, gl_patient_ln=HODGES, gl_patient_fn=AUSTIN, gl_mbr_id_nbr=PPA889071894, gl_xref_type=CL, gl_xref_claim_nbr=250731726300, gl_xref_date=2025-11-21, gl_cash_rec_bal=00000005141, gl_corp=01, gl_filler=)
2026-02-24 12:02:00 DEBUG com.abcbs.crrs.jobs.P09360.P09360FileWriter - Suppressing refundType in detail line for record on page 2: prevRefundType matches
2026-02-24 12:02:00 DEBUG com.abcbs.crrs.jobs.P09360.P09360FileWriter - Detail line written for member PPA889071894 (refundType=PER): 06/24/25  406    HODGES         AUSTIN       PPA889071894  ACC  02/10/26       $2,482.59-  CL  11/21/25 250731726300
2026-02-24 12:02:00 INFO  com.abcbs.crrs.jobs.P09360.P09360FileWriter - act amount:-2482.59
2026-02-24 12:02:00 DEBUG com.abcbs.crrs.jobs.P09360.P09360FileWriter - Processing record: RefundType=PER, ControlDate=2025-06-24, ControlNbr=406, ActAmt=00000248259
2026-02-24 12:02:00 INFO  com.abcbs.crrs.jobs.P09360.P09360FileWriter - Full Record: P09GlDedsRecord(p09deds_julian=26041, p09deds_hhmmsss=1046280, filler=2900, gl_p09deds_id=03, gl_refund_type=PER, gl_control_date=2025-06-24, gl_control_nbr=406, gl_receipt_type=PA, gl_bank_acct_nbr=, gl_acct_nbr=280000000000, gl_act_code=ACC, gl_act_amt=00000248259, gl_act_date=2026-02-10, gl_report_mo=02, gl_report_yr=26, gl_patient_ln=HODGES, gl_patient_fn=AUSTIN, gl_mbr_id_nbr=PPA889071894, gl_xref_type=CL, gl_xref_claim_nbr=250731726300, gl_xref_date=2025-11-21, gl_cash_rec_bal=00000005141, gl_corp=01, gl_filler=)
2026-02-24 12:02:00 DEBUG com.abcbs.crrs.jobs.P09360.P09360FileWriter - Suppressing refundType in detail line for record on page 2: prevRefundType matches
2026-02-24 12:02:00 DEBUG com.abcbs.crrs.jobs.P09360.P09360FileWriter - Suppressing detail fields: controlDate, controlNbr, actCode, actDate, patient names for record
2026-02-24 12:02:00 DEBUG com.abcbs.crrs.jobs.P09360.P09360FileWriter - Detail line written for member PPA889071894 (refundType=PER): $2,482.59  CL  11/21/25 250731726300
2026-02-24 12:02:00 INFO  com.abcbs.crrs.jobs.P09360.P09360FileWriter - act amount:2482.59
2026-02-24 12:02:00 DEBUG com.abcbs.crrs.jobs.P09360.P09360FileWriter - Processing record: RefundType=PER, ControlDate=2025-04-17, ControlNbr=415, ActAmt=-00000004447
2026-02-24 12:02:00 INFO  com.abcbs.crrs.jobs.P09360.P09360FileWriter - Full Record: P09GlDedsRecord(p09deds_julian=26041, p09deds_hhmmsss=0815476, filler=2900, gl_p09deds_id=03, gl_refund_type=PER, gl_control_date=2025-04-17, gl_control_nbr=415, gl_receipt_type=PA, gl_bank_acct_nbr=, gl_acct_nbr=125100000000, gl_act_code=ACC, gl_act_amt=-00000004447, gl_act_date=2026-02-10, gl_report_mo=02, gl_report_yr=26, gl_patient_ln=KING, gl_patient_fn=MICHAEL, gl_mbr_id_nbr=ZZT804423170, gl_xref_type=CL, gl_xref_claim_nbr=242270744601, gl_xref_date=2025-06-18, gl_cash_rec_bal=00000008501, gl_corp=01, gl_filler=)
2026-02-24 12:02:00 DEBUG com.abcbs.crrs.jobs.P09360.P09360FileWriter - Suppressing refundType in detail line for record on page 2: prevRefundType matches
2026-02-24 12:02:00 DEBUG com.abcbs.crrs.jobs.P09360.P09360FileWriter - Detail line written for member ZZT804423170 (refundType=PER): 04/17/25  415    KING           MICHAEL      ZZT804423170  ACC  02/10/26          $44.47-  CL  06/18/25 242270744601
2026-02-24 12:02:00 INFO  com.abcbs.crrs.jobs.P09360.P09360FileWriter - act amount:-44.47
2026-02-24 12:02:00 DEBUG com.abcbs.crrs.jobs.P09360.P09360FileWriter - Processing record: RefundType=PER, ControlDate=2025-04-17, ControlNbr=415, ActAmt=00000004447
2026-02-24 12:02:00 INFO  com.abcbs.crrs.jobs.P09360.P09360FileWriter - Full Record: P09GlDedsRecord(p09deds_julian=26041, p09deds_hhmmsss=0815476, filler=2900, gl_p09deds_id=03, gl_refund_type=PER, gl_control_date=2025-04-17, gl_control_nbr=415, gl_receipt_type=PA, gl_bank_acct_nbr=, gl_acct_nbr=280000000000, gl_act_code=ACC, gl_act_amt=00000004447, gl_act_date=2026-02-10, gl_report_mo=02, gl_report_yr=26, gl_patient_ln=KING, gl_patient_fn=MICHAEL, gl_mbr_id_nbr=ZZT804423170, gl_xref_type=CL, gl_xref_claim_nbr=242270744601, gl_xref_date=2025-06-18, gl_cash_rec_bal=00000008501, gl_corp=01, gl_filler=)
2026-02-24 12:02:00 DEBUG com.abcbs.crrs.jobs.P09360.P09360FileWriter - Suppressing refundType in detail line for record on page 2: prevRefundType matches
2026-02-24 12:02:00 DEBUG com.abcbs.crrs.jobs.P09360.P09360FileWriter - Suppressing detail fields: controlDate, controlNbr, actCode, actDate, patient names for record
2026-02-24 12:02:00 DEBUG com.abcbs.crrs.jobs.P09360.P09360FileWriter - Detail line written for member ZZT804423170 (refundType=PER): $44.47  CL  06/18/25 242270744601
2026-02-24 12:02:00 INFO  com.abcbs.crrs.jobs.P09360.P09360FileWriter - act amount:44.47
2026-02-24 12:02:00 DEBUG com.abcbs.crrs.jobs.P09360.P09360FileWriter - Processing record: RefundType=PER, ControlDate=2024-10-15, ControlNbr=407A, ActAmt=00000004138
2026-02-24 12:02:00 INFO  com.abcbs.crrs.jobs.P09360.P09360FileWriter - Full Record: P09GlDedsRecord(p09deds_julian=26042, p09deds_hhmmsss=0847249, filler=, gl_p09deds_id=04, gl_refund_type=PER, gl_control_date=2024-10-15, gl_control_nbr=407A, gl_receipt_type=PA, gl_bank_acct_nbr=, gl_acct_nbr=280000000000, gl_act_code=FR, gl_act_amt=00000004138, gl_act_date=2026-02-11, gl_report_mo=02, gl_report_yr=26, gl_patient_ln=HOOKS, gl_patient_fn=CAMERON, gl_mbr_id_nbr=JDH907358915, gl_xref_type=, gl_xref_claim_nbr=, gl_xref_date=2026-02-10, gl_cash_rec_bal=-00000000000, gl_corp=01, gl_filler=)
2026-02-24 12:02:00 DEBUG com.abcbs.crrs.jobs.P09360.P09360FileWriter - Suppressing refundType in detail line for record on page 2: prevRefundType matches
2026-02-24 12:02:00 DEBUG com.abcbs.crrs.jobs.P09360.P09360FileWriter - Detail line written for member JDH907358915 (refundType=PER): 10/15/24  407A   HOOKS          CAMERON      JDH907358915  FR   02/11/26           $41.38      02/10/26
2026-02-24 12:02:00 INFO  com.abcbs.crrs.jobs.P09360.P09360FileWriter - act amount:41.38
2026-02-24 12:02:00 DEBUG com.abcbs.crrs.jobs.P09360.P09360FileWriter - Processing record: RefundType=PER, ControlDate=2024-10-15, ControlNbr=407A, ActAmt=-00000004138
2026-02-24 12:02:00 INFO  com.abcbs.crrs.jobs.P09360.P09360FileWriter - Full Record: P09GlDedsRecord(p09deds_julian=26042, p09deds_hhmmsss=0847249, filler=, gl_p09deds_id=04, gl_refund_type=PER, gl_control_date=2024-10-15, gl_control_nbr=407A, gl_receipt_type=PA, gl_bank_acct_nbr=, gl_acct_nbr=279000000000, gl_act_code=FR, gl_act_amt=-00000004138, gl_act_date=2026-02-11, gl_report_mo=02, gl_report_yr=26, gl_patient_ln=HOOKS, gl_patient_fn=CAMERON, gl_mbr_id_nbr=JDH907358915, gl_xref_type=, gl_xref_claim_nbr=, gl_xref_date=2026-02-10, gl_cash_rec_bal=-00000000000, gl_corp=01, gl_filler=)
2026-02-24 12:02:00 DEBUG com.abcbs.crrs.jobs.P09360.P09360FileWriter - Suppressing refundType in detail line for record on page 2: prevRefundType matches
2026-02-24 12:02:00 DEBUG com.abcbs.crrs.jobs.P09360.P09360FileWriter - Suppressing detail fields: controlDate, controlNbr, actCode, actDate, patient names for record
2026-02-24 12:02:00 DEBUG com.abcbs.crrs.jobs.P09360.P09360FileWriter - Detail line written for member JDH907358915 (refundType=PER): $41.38-      02/10/26
2026-02-24 12:02:00 INFO  com.abcbs.crrs.jobs.P09360.P09360FileWriter - act amount:-41.38
2026-02-24 12:02:00 DEBUG com.abcbs.crrs.jobs.P09360.P09360FileWriter - Processing record: RefundType=PER, ControlDate=2024-10-15, ControlNbr=408, ActAmt=00000034408
2026-02-24 12:02:00 INFO  com.abcbs.crrs.jobs.P09360.P09360FileWriter - Full Record: P09GlDedsRecord(p09deds_julian=26042, p09deds_hhmmsss=0847249, filler=, gl_p09deds_id=04, gl_refund_type=PER, gl_control_date=2024-10-15, gl_control_nbr=408, gl_receipt_type=PA, gl_bank_acct_nbr=, gl_acct_nbr=280000000000, gl_act_code=FR, gl_act_amt=00000034408, gl_act_date=2026-02-11, gl_report_mo=02, gl_report_yr=26, gl_patient_ln=HAWKINS, gl_patient_fn=JAHIYAH, gl_mbr_id_nbr=AQT604601852, gl_xref_type=, gl_xref_claim_nbr=, gl_xref_date=2026-02-10, gl_cash_rec_bal=-00000000000, gl_corp=01, gl_filler=)
2026-02-24 12:02:00 DEBUG com.abcbs.crrs.jobs.P09360.P09360FileWriter - Suppressing refundType in detail line for record on page 2: prevRefundType matches
2026-02-24 12:02:00 DEBUG com.abcbs.crrs.jobs.P09360.P09360FileWriter - Detail line written for member AQT604601852 (refundType=PER): 10/15/24  408    HAWKINS        JAHIYAH      AQT604601852  FR   02/11/26          $344.08      02/10/26
2026-02-24 12:02:00 INFO  com.abcbs.crrs.jobs.P09360.P09360FileWriter - act amount:344.08
2026-02-24 12:02:00 DEBUG com.abcbs.crrs.jobs.P09360.P09360FileWriter - Processing record: RefundType=PER, ControlDate=2024-10-15, ControlNbr=408, ActAmt=-00000034408
2026-02-24 12:02:00 INFO  com.abcbs.crrs.jobs.P09360.P09360FileWriter - Full Record: P09GlDedsRecord(p09deds_julian=26042, p09deds_hhmmsss=0847249, filler=, gl_p09deds_id=04, gl_refund_type=PER, gl_control_date=2024-10-15, gl_control_nbr=408, gl_receipt_type=PA, gl_bank_acct_nbr=, gl_acct_nbr=279000000000, gl_act_code=FR, gl_act_amt=-00000034408, gl_act_date=2026-02-11, gl_report_mo=02, gl_report_yr=26, gl_patient_ln=HAWKINS, gl_patient_fn=JAHIYAH, gl_mbr_id_nbr=AQT604601852, gl_xref_type=, gl_xref_claim_nbr=, gl_xref_date=2026-02-10, gl_cash_rec_bal=-00000000000, gl_corp=01, gl_filler=)
2026-02-24 12:02:00 DEBUG com.abcbs.crrs.jobs.P09360.P09360FileWriter - Suppressing refundType in detail line for record on page 2: prevRefundType matches
2026-02-24 12:02:00 DEBUG com.abcbs.crrs.jobs.P09360.P09360FileWriter - Suppressing detail fields: controlDate, controlNbr, actCode, actDate, patient names for record
2026-02-24 12:02:00 DEBUG com.abcbs.crrs.jobs.P09360.P09360FileWriter - Detail line written for member AQT604601852 (refundType=PER): $344.08-      02/10/26
2026-02-24 12:02:00 INFO  com.abcbs.crrs.jobs.P09360.P09360FileWriter - act amount:-344.08
2026-02-24 12:02:00 DEBUG com.abcbs.crrs.jobs.P09360.P09360FileWriter - Processing record: RefundType=PER, ControlDate=2024-10-15, ControlNbr=420, ActAmt=00000009139
2026-02-24 12:02:00 INFO  com.abcbs.crrs.jobs.P09360.P09360FileWriter - Full Record: P09GlDedsRecord(p09deds_julian=26042, p09deds_hhmmsss=0847249, filler=, gl_p09deds_id=04, gl_refund_type=PER, gl_control_date=2024-10-15, gl_control_nbr=420, gl_receipt_type=PA, gl_bank_acct_nbr=, gl_acct_nbr=280000000000, gl_act_code=FR, gl_act_amt=00000009139, gl_act_date=2026-02-11, gl_report_mo=02, gl_report_yr=26, gl_patient_ln=HOUCHIN, gl_patient_fn=QUINCY, gl_mbr_id_nbr=FID100075656, gl_xref_type=, gl_xref_claim_nbr=, gl_xref_date=2026-02-10, gl_cash_rec_bal=-00000000000, gl_corp=01, gl_filler=)
2026-02-24 12:02:00 DEBUG com.abcbs.crrs.jobs.P09360.P09360FileWriter - Suppressing refundType in detail line for record on page 2: prevRefundType matches
2026-02-24 12:02:00 DEBUG com.abcbs.crrs.jobs.P09360.P09360FileWriter - Detail line written for member FID100075656 (refundType=PER): 10/15/24  420    HOUCHIN        QUINCY       FID100075656  FR   02/11/26           $91.39      02/10/26
2026-02-24 12:02:00 INFO  com.abcbs.crrs.jobs.P09360.P09360FileWriter - act amount:91.39
2026-02-24 12:02:00 DEBUG com.abcbs.crrs.jobs.P09360.P09360FileWriter - Processing record: RefundType=PER, ControlDate=2024-10-15, ControlNbr=420, ActAmt=-00000009139
2026-02-24 12:02:00 INFO  com.abcbs.crrs.jobs.P09360.P09360FileWriter - Full Record: P09GlDedsRecord(p09deds_julian=26042, p09deds_hhmmsss=0847249, filler=, gl_p09deds_id=04, gl_refund_type=PER, gl_control_date=2024-10-15, gl_control_nbr=420, gl_receipt_type=PA, gl_bank_acct_nbr=, gl_acct_nbr=279000000000, gl_act_code=FR, gl_act_amt=-00000009139, gl_act_date=2026-02-11, gl_report_mo=02, gl_report_yr=26, gl_patient_ln=HOUCHIN, gl_patient_fn=QUINCY, gl_mbr_id_nbr=FID100075656, gl_xref_type=, gl_xref_claim_nbr=, gl_xref_date=2026-02-10, gl_cash_rec_bal=-00000000000, gl_corp=01, gl_filler=)
2026-02-24 12:02:00 DEBUG com.abcbs.crrs.jobs.P09360.P09360FileWriter - Suppressing refundType in detail line for record on page 2: prevRefundType matches
2026-02-24 12:02:00 DEBUG com.abcbs.crrs.jobs.P09360.P09360FileWriter - Suppressing detail fields: controlDate, controlNbr, actCode, actDate, patient names for record
2026-02-24 12:02:00 DEBUG com.abcbs.crrs.jobs.P09360.P09360FileWriter - Detail line written for member FID100075656 (refundType=PER): $91.39-      02/10/26
2026-02-24 12:02:00 INFO  com.abcbs.crrs.jobs.P09360.P09360FileWriter - act amount:-91.39
2026-02-24 12:02:00 DEBUG com.abcbs.crrs.jobs.P09360.P09360FileWriter - Starting new page: 2
2026-02-24 12:02:00 DEBUG com.abcbs.crrs.jobs.P09360.P09360FileWriter - Processing record: RefundType=PER, ControlDate=2024-10-15, ControlNbr=422, ActAmt=00000001828
2026-02-24 12:02:00 INFO  com.abcbs.crrs.jobs.P09360.P09360FileWriter - Full Record: P09GlDedsRecord(p09deds_julian=26042, p09deds_hhmmsss=0847249, filler=, gl_p09deds_id=04, gl_refund_type=PER, gl_control_date=2024-10-15, gl_control_nbr=422, gl_receipt_type=PA, gl_bank_acct_nbr=, gl_acct_nbr=280000000000, gl_act_code=FR, gl_act_amt=00000001828, gl_act_date=2026-02-11, gl_report_mo=02, gl_report_yr=26, gl_patient_ln=SMALL, gl_patient_fn=AMY, gl_mbr_id_nbr=T6A843857204, gl_xref_type=, gl_xref_claim_nbr=, gl_xref_date=2026-02-10, gl_cash_rec_bal=-00000000000, gl_corp=01, gl_filler=)
2026-02-24 12:02:00 DEBUG com.abcbs.crrs.jobs.P09360.P09360FileWriter - Detail line written for member T6A843857204 (refundType=PER): PER    10/15/24  422    SMALL          AMY          T6A843857204  FR   02/11/26           $18.28      02/10/26
2026-02-24 12:02:00 INFO  com.abcbs.crrs.jobs.P09360.P09360FileWriter - act amount:18.28
2026-02-24 12:02:00 DEBUG com.abcbs.crrs.jobs.P09360.P09360FileWriter - Processing record: RefundType=PER, ControlDate=2024-10-15, ControlNbr=422, ActAmt=-00000001828
2026-02-24 12:02:00 INFO  com.abcbs.crrs.jobs.P09360.P09360FileWriter - Full Record: P09GlDedsRecord(p09deds_julian=26042, p09deds_hhmmsss=0847249, filler=, gl_p09deds_id=04, gl_refund_type=PER, gl_control_date=2024-10-15, gl_control_nbr=422, gl_receipt_type=PA, gl_bank_acct_nbr=, gl_acct_nbr=279000000000, gl_act_code=FR, gl_act_amt=-00000001828, gl_act_date=2026-02-11, gl_report_mo=02, gl_report_yr=26, gl_patient_ln=SMALL, gl_patient_fn=AMY, gl_mbr_id_nbr=T6A843857204, gl_xref_type=, gl_xref_claim_nbr=, gl_xref_date=2026-02-10, gl_cash_rec_bal=-00000000000, gl_corp=01, gl_filler=)
2026-02-24 12:02:00 DEBUG com.abcbs.crrs.jobs.P09360.P09360FileWriter - Suppressing refundType in detail line for record on page 3: prevRefundType matches
2026-02-24 12:02:00 DEBUG com.abcbs.crrs.jobs.P09360.P09360FileWriter - Suppressing detail fields: controlDate, controlNbr, actCode, actDate, patient names for record
2026-02-24 12:02:00 DEBUG com.abcbs.crrs.jobs.P09360.P09360FileWriter - Detail line written for member T6A843857204 (refundType=PER): $18.28-      02/10/26
2026-02-24 12:02:00 INFO  com.abcbs.crrs.jobs.P09360.P09360FileWriter - act amount:-18.28
2026-02-24 12:02:00 DEBUG com.abcbs.crrs.jobs.P09360.P09360FileWriter - Processing record: RefundType=PER, ControlDate=2024-10-15, ControlNbr=423, ActAmt=00000012447
2026-02-24 12:02:00 INFO  com.abcbs.crrs.jobs.P09360.P09360FileWriter - Full Record: P09GlDedsRecord(p09deds_julian=26042, p09deds_hhmmsss=0847249, filler=, gl_p09deds_id=04, gl_refund_type=PER, gl_control_date=2024-10-15, gl_control_nbr=423, gl_receipt_type=PA, gl_bank_acct_nbr=, gl_acct_nbr=280000000000, gl_act_code=FR, gl_act_amt=00000012447, gl_act_date=2026-02-11, gl_report_mo=02, gl_report_yr=26, gl_patient_ln=ROGERS, gl_patient_fn=KELLIE, gl_mbr_id_nbr=YUP827403255, gl_xref_type=, gl_xref_claim_nbr=, gl_xref_date=2026-02-10, gl_cash_rec_bal=-00000000000, gl_corp=01, gl_filler=)
2026-02-24 12:02:00 DEBUG com.abcbs.crrs.jobs.P09360.P09360FileWriter - Suppressing refundType in detail line for record on page 3: prevRefundType matches
2026-02-24 12:02:00 DEBUG com.abcbs.crrs.jobs.P09360.P09360FileWriter - Detail line written for member YUP827403255 (refundType=PER): 10/15/24  423    ROGERS         KELLIE       YUP827403255  FR   02/11/26          $124.47      02/10/26
2026-02-24 12:02:00 INFO  com.abcbs.crrs.jobs.P09360.P09360FileWriter - act amount:124.47
2026-02-24 12:02:00 DEBUG com.abcbs.crrs.jobs.P09360.P09360FileWriter - Processing record: RefundType=PER, ControlDate=2024-10-15, ControlNbr=423, ActAmt=-00000012447
2026-02-24 12:02:00 INFO  com.abcbs.crrs.jobs.P09360.P09360FileWriter - Full Record: P09GlDedsRecord(p09deds_julian=26042, p09deds_hhmmsss=0847249, filler=, gl_p09deds_id=04, gl_refund_type=PER, gl_control_date=2024-10-15, gl_control_nbr=423, gl_receipt_type=PA, gl_bank_acct_nbr=, gl_acct_nbr=279000000000, gl_act_code=FR, gl_act_amt=-00000012447, gl_act_date=2026-02-11, gl_report_mo=02, gl_report_yr=26, gl_patient_ln=ROGERS, gl_patient_fn=KELLIE, gl_mbr_id_nbr=YUP827403255, gl_xref_type=, gl_xref_claim_nbr=, gl_xref_date=2026-02-10, gl_cash_rec_bal=-00000000000, gl_corp=01, gl_filler=)
2026-02-24 12:02:00 DEBUG com.abcbs.crrs.jobs.P09360.P09360FileWriter - Suppressing refundType in detail line for record on page 3: prevRefundType matches
2026-02-24 12:02:00 DEBUG com.abcbs.crrs.jobs.P09360.P09360FileWriter - Suppressing detail fields: controlDate, controlNbr, actCode, actDate, patient names for record
2026-02-24 12:02:00 DEBUG com.abcbs.crrs.jobs.P09360.P09360FileWriter - Detail line written for member YUP827403255 (refundType=PER): $124.47-      02/10/26
2026-02-24 12:02:00 INFO  com.abcbs.crrs.jobs.P09360.P09360FileWriter - act amount:-124.47
2026-02-24 12:02:00 DEBUG com.abcbs.crrs.jobs.P09360.P09360FileWriter - Processing record: RefundType=PER, ControlDate=2024-10-15, ControlNbr=426, ActAmt=00000021496
2026-02-24 12:02:00 INFO  com.abcbs.crrs.jobs.P09360.P09360FileWriter - Full Record: P09GlDedsRecord(p09deds_julian=26042, p09deds_hhmmsss=0847249, filler=, gl_p09deds_id=04, gl_refund_type=PER, gl_control_date=2024-10-15, gl_control_nbr=426, gl_receipt_type=PA, gl_bank_acct_nbr=, gl_acct_nbr=280000000000, gl_act_code=FR, gl_act_amt=00000021496, gl_act_date=2026-02-11, gl_report_mo=02, gl_report_yr=26, gl_patient_ln=HELMAN, gl_patient_fn=ERIC, gl_mbr_id_nbr=JEA002032950, gl_xref_type=, gl_xref_claim_nbr=, gl_xref_date=2026-02-10, gl_cash_rec_bal=-00000000000, gl_corp=01, gl_filler=)
2026-02-24 12:02:00 DEBUG com.abcbs.crrs.jobs.P09360.P09360FileWriter - Suppressing refundType in detail line for record on page 3: prevRefundType matches
2026-02-24 12:02:00 DEBUG com.abcbs.crrs.jobs.P09360.P09360FileWriter - Detail line written for member JEA002032950 (refundType=PER): 10/15/24  426    HELMAN         ERIC         JEA002032950  FR   02/11/26          $214.96      02/10/26
2026-02-24 12:02:00 INFO  com.abcbs.crrs.jobs.P09360.P09360FileWriter - act amount:214.96
2026-02-24 12:02:00 DEBUG com.abcbs.crrs.jobs.P09360.P09360FileWriter - Processing record: RefundType=PER, ControlDate=2024-10-15, ControlNbr=426, ActAmt=-00000021496
2026-02-24 12:02:00 INFO  com.abcbs.crrs.jobs.P09360.P09360FileWriter - Full Record: P09GlDedsRecord(p09deds_julian=26042, p09deds_hhmmsss=0847249, filler=, gl_p09deds_id=04, gl_refund_type=PER, gl_control_date=2024-10-15, gl_control_nbr=426, gl_receipt_type=PA, gl_bank_acct_nbr=, gl_acct_nbr=279000000000, gl_act_code=FR, gl_act_amt=-00000021496, gl_act_date=2026-02-11, gl_report_mo=02, gl_report_yr=26, gl_patient_ln=HELMAN, gl_patient_fn=ERIC, gl_mbr_id_nbr=JEA002032950, gl_xref_type=, gl_xref_claim_nbr=, gl_xref_date=2026-02-10, gl_cash_rec_bal=-00000000000, gl_corp=01, gl_filler=)
2026-02-24 12:02:00 DEBUG com.abcbs.crrs.jobs.P09360.P09360FileWriter - Suppressing refundType in detail line for record on page 3: prevRefundType matches
2026-02-24 12:02:00 DEBUG com.abcbs.crrs.jobs.P09360.P09360FileWriter - Suppressing detail fields: controlDate, controlNbr, actCode, actDate, patient names for record
2026-02-24 12:02:00 DEBUG com.abcbs.crrs.jobs.P09360.P09360FileWriter - Detail line written for member JEA002032950 (refundType=PER): $214.96-      02/10/26
2026-02-24 12:02:00 INFO  com.abcbs.crrs.jobs.P09360.P09360FileWriter - act amount:-214.96
2026-02-24 12:02:00 DEBUG com.abcbs.crrs.jobs.P09360.P09360FileWriter - Processing record: RefundType=PER, ControlDate=2024-10-16, ControlNbr=211, ActAmt=00000022041
2026-02-24 12:02:00 INFO  com.abcbs.crrs.jobs.P09360.P09360FileWriter - Full Record: P09GlDedsRecord(p09deds_julian=26042, p09deds_hhmmsss=0847249, filler=, gl_p09deds_id=04, gl_refund_type=PER, gl_control_date=2024-10-16, gl_control_nbr=211, gl_receipt_type=PA, gl_bank_acct_nbr=, gl_acct_nbr=280000000000, gl_act_code=FR, gl_act_amt=00000022041, gl_act_date=2026-02-11, gl_report_mo=02, gl_report_yr=26, gl_patient_ln=BREEDLOVE, gl_patient_fn=BROOKLYNN, gl_mbr_id_nbr=CZQAN2352331, gl_xref_type=, gl_xref_claim_nbr=, gl_xref_date=2026-02-10, gl_cash_rec_bal=-00000000000, gl_corp=01, gl_filler=)
2026-02-24 12:02:00 DEBUG com.abcbs.crrs.jobs.P09360.P09360FileWriter - Suppressing refundType in detail line for record on page 3: prevRefundType matches
2026-02-24 12:02:00 DEBUG com.abcbs.crrs.jobs.P09360.P09360FileWriter - Detail line written for member CZQAN2352331 (refundType=PER): 10/16/24  211    BREEDLOVE      BROOKLYNN    CZQAN2352331  FR   02/11/26          $220.41      02/10/26
2026-02-24 12:02:00 INFO  com.abcbs.crrs.jobs.P09360.P09360FileWriter - act amount:220.41
2026-02-24 12:02:00 DEBUG com.abcbs.crrs.jobs.P09360.P09360FileWriter - Processing record: RefundType=PER, ControlDate=2024-10-16, ControlNbr=211, ActAmt=-00000022041
2026-02-24 12:02:00 INFO  com.abcbs.crrs.jobs.P09360.P09360FileWriter - Full Record: P09GlDedsRecord(p09deds_julian=26042, p09deds_hhmmsss=0847249, filler=, gl_p09deds_id=04, gl_refund_type=PER, gl_control_date=2024-10-16, gl_control_nbr=211, gl_receipt_type=PA, gl_bank_acct_nbr=, gl_acct_nbr=279000000000, gl_act_code=FR, gl_act_amt=-00000022041, gl_act_date=2026-02-11, gl_report_mo=02, gl_report_yr=26, gl_patient_ln=BREEDLOVE, gl_patient_fn=BROOKLYNN, gl_mbr_id_nbr=CZQAN2352331, gl_xref_type=, gl_xref_claim_nbr=, gl_xref_date=2026-02-10, gl_cash_rec_bal=-00000000000, gl_corp=01, gl_filler=)
2026-02-24 12:02:00 DEBUG com.abcbs.crrs.jobs.P09360.P09360FileWriter - Suppressing refundType in detail line for record on page 3: prevRefundType matches
2026-02-24 12:02:00 DEBUG com.abcbs.crrs.jobs.P09360.P09360FileWriter - Suppressing detail fields: controlDate, controlNbr, actCode, actDate, patient names for record
2026-02-24 12:02:00 DEBUG com.abcbs.crrs.jobs.P09360.P09360FileWriter - Detail line written for member CZQAN2352331 (refundType=PER): $220.41-      02/10/26
2026-02-24 12:02:00 INFO  com.abcbs.crrs.jobs.P09360.P09360FileWriter - act amount:-220.41
2026-02-24 12:02:00 DEBUG com.abcbs.crrs.jobs.P09360.P09360FileWriter - Processing record: RefundType=PER, ControlDate=2024-11-05, ControlNbr=211A, ActAmt=00000003056
2026-02-24 12:02:00 INFO  com.abcbs.crrs.jobs.P09360.P09360FileWriter - Full Record: P09GlDedsRecord(p09deds_julian=26042, p09deds_hhmmsss=0847249, filler=, gl_p09deds_id=04, gl_refund_type=PER, gl_control_date=2024-11-05, gl_control_nbr=211A, gl_receipt_type=PA, gl_bank_acct_nbr=, gl_acct_nbr=280000000000, gl_act_code=FR, gl_act_amt=00000003056, gl_act_date=2026-02-11, gl_report_mo=02, gl_report_yr=26, gl_patient_ln=PEREZ-GAONA, gl_patient_fn=JOSE, gl_mbr_id_nbr=YUP825258001, gl_xref_type=, gl_xref_claim_nbr=, gl_xref_date=2026-02-10, gl_cash_rec_bal=-00000000000, gl_corp=01, gl_filler=)
2026-02-24 12:02:00 DEBUG com.abcbs.crrs.jobs.P09360.P09360FileWriter - Suppressing refundType in detail line for record on page 3: prevRefundType matches
2026-02-24 12:02:00 DEBUG com.abcbs.crrs.jobs.P09360.P09360FileWriter - Detail line written for member YUP825258001 (refundType=PER): 11/05/24  211A   PEREZ-GAONA    JOSE         YUP825258001  FR   02/11/26           $30.56      02/10/26
2026-02-24 12:02:00 INFO  com.abcbs.crrs.jobs.P09360.P09360FileWriter - act amount:30.56
2026-02-24 12:02:00 DEBUG com.abcbs.crrs.jobs.P09360.P09360FileWriter - Processing record: RefundType=PER, ControlDate=2024-11-05, ControlNbr=211A, ActAmt=-00000003056
2026-02-24 12:02:00 INFO  com.abcbs.crrs.jobs.P09360.P09360FileWriter - Full Record: P09GlDedsRecord(p09deds_julian=26042, p09deds_hhmmsss=0847249, filler=, gl_p09deds_id=04, gl_refund_type=PER, gl_control_date=2024-11-05, gl_control_nbr=211A, gl_receipt_type=PA, gl_bank_acct_nbr=, gl_acct_nbr=279000000000, gl_act_code=FR, gl_act_amt=-00000003056, gl_act_date=2026-02-11, gl_report_mo=02, gl_report_yr=26, gl_patient_ln=PEREZ-GAONA, gl_patient_fn=JOSE, gl_mbr_id_nbr=YUP825258001, gl_xref_type=, gl_xref_claim_nbr=, gl_xref_date=2026-02-10, gl_cash_rec_bal=-00000000000, gl_corp=01, gl_filler=)
2026-02-24 12:02:00 DEBUG com.abcbs.crrs.jobs.P09360.P09360FileWriter - Suppressing refundType in detail line for record on page 3: prevRefundType matches
2026-02-24 12:02:00 DEBUG com.abcbs.crrs.jobs.P09360.P09360FileWriter - Suppressing detail fields: controlDate, controlNbr, actCode, actDate, patient names for record
2026-02-24 12:02:00 DEBUG com.abcbs.crrs.jobs.P09360.P09360FileWriter - Detail line written for member YUP825258001 (refundType=PER): $30.56-      02/10/26
2026-02-24 12:02:00 INFO  com.abcbs.crrs.jobs.P09360.P09360FileWriter - act amount:-30.56
2026-02-24 12:02:00 DEBUG com.abcbs.crrs.jobs.P09360.P09360FileWriter - Processing record: RefundType=PER, ControlDate=2024-11-14, ControlNbr=409, ActAmt=00000017554
2026-02-24 12:02:00 INFO  com.abcbs.crrs.jobs.P09360.P09360FileWriter - Full Record: P09GlDedsRecord(p09deds_julian=26042, p09deds_hhmmsss=0847249, filler=, gl_p09deds_id=04, gl_refund_type=PER, gl_control_date=2024-11-14, gl_control_nbr=409, gl_receipt_type=PA, gl_bank_acct_nbr=, gl_acct_nbr=280000000000, gl_act_code=FR, gl_act_amt=00000017554, gl_act_date=2026-02-11, gl_report_mo=02, gl_report_yr=26, gl_patient_ln=JACKSON, gl_patient_fn=KATIE, gl_mbr_id_nbr=UHL852233735, gl_xref_type=, gl_xref_claim_nbr=, gl_xref_date=2026-02-10, gl_cash_rec_bal=-00000000000, gl_corp=01, gl_filler=)
2026-02-24 12:02:00 DEBUG com.abcbs.crrs.jobs.P09360.P09360FileWriter - Suppressing refundType in detail line for record on page 3: prevRefundType matches
2026-02-24 12:02:00 DEBUG com.abcbs.crrs.jobs.P09360.P09360FileWriter - Detail line written for member UHL852233735 (refundType=PER): 11/14/24  409    JACKSON        KATIE        UHL852233735  FR   02/11/26          $175.54      02/10/26
2026-02-24 12:02:00 INFO  com.abcbs.crrs.jobs.P09360.P09360FileWriter - act amount:175.54
2026-02-24 12:02:00 DEBUG com.abcbs.crrs.jobs.P09360.P09360FileWriter - Processing record: RefundType=PER, ControlDate=2024-11-14, ControlNbr=409, ActAmt=-00000017554
2026-02-24 12:02:00 INFO  com.abcbs.crrs.jobs.P09360.P09360FileWriter - Full Record: P09GlDedsRecord(p09deds_julian=26042, p09deds_hhmmsss=0847249, filler=, gl_p09deds_id=04, gl_refund_type=PER, gl_control_date=2024-11-14, gl_control_nbr=409, gl_receipt_type=PA, gl_bank_acct_nbr=, gl_acct_nbr=279000000000, gl_act_code=FR, gl_act_amt=-00000017554, gl_act_date=2026-02-11, gl_report_mo=02, gl_report_yr=26, gl_patient_ln=JACKSON, gl_patient_fn=KATIE, gl_mbr_id_nbr=UHL852233735, gl_xref_type=, gl_xref_claim_nbr=, gl_xref_date=2026-02-10, gl_cash_rec_bal=-00000000000, gl_corp=01, gl_filler=)
2026-02-24 12:02:00 DEBUG com.abcbs.crrs.jobs.P09360.P09360FileWriter - Suppressing refundType in detail line for record on page 3: prevRefundType matches
2026-02-24 12:02:00 DEBUG com.abcbs.crrs.jobs.P09360.P09360FileWriter - Suppressing detail fields: controlDate, controlNbr, actCode, actDate, patient names for record
2026-02-24 12:02:00 DEBUG com.abcbs.crrs.jobs.P09360.P09360FileWriter - Detail line written for member UHL852233735 (refundType=PER): $175.54-      02/10/26
2026-02-24 12:02:00 INFO  com.abcbs.crrs.jobs.P09360.P09360FileWriter - act amount:-175.54
2026-02-24 12:02:00 DEBUG com.abcbs.crrs.jobs.P09360.P09360FileWriter - Processing record: RefundType=PER, ControlDate=2024-11-15, ControlNbr=207, ActAmt=00000001880
2026-02-24 12:02:00 INFO  com.abcbs.crrs.jobs.P09360.P09360FileWriter - Full Record: P09GlDedsRecord(p09deds_julian=26042, p09deds_hhmmsss=0847249, filler=, gl_p09deds_id=04, gl_refund_type=PER, gl_control_date=2024-11-15, gl_control_nbr=207, gl_receipt_type=PA, gl_bank_acct_nbr=, gl_acct_nbr=280000000000, gl_act_code=FR, gl_act_amt=00000001880, gl_act_date=2026-02-11, gl_report_mo=02, gl_report_yr=26, gl_patient_ln=MATTHEWS, gl_patient_fn=JOHN, gl_mbr_id_nbr=TEA806113403, gl_xref_type=, gl_xref_claim_nbr=, gl_xref_date=2026-02-10, gl_cash_rec_bal=-00000000000, gl_corp=01, gl_filler=)
2026-02-24 12:02:00 DEBUG com.abcbs.crrs.jobs.P09360.P09360FileWriter - Suppressing refundType in detail line for record on page 3: prevRefundType matches
2026-02-24 12:02:00 DEBUG com.abcbs.crrs.jobs.P09360.P09360FileWriter - Detail line written for member TEA806113403 (refundType=PER): 11/15/24  207    MATTHEWS       JOHN         TEA806113403  FR   02/11/26           $18.80      02/10/26
2026-02-24 12:02:00 INFO  com.abcbs.crrs.jobs.P09360.P09360FileWriter - act amount:18.80
2026-02-24 12:02:00 DEBUG com.abcbs.crrs.jobs.P09360.P09360FileWriter - Processing record: RefundType=PER, ControlDate=2024-11-15, ControlNbr=207, ActAmt=-00000001880
2026-02-24 12:02:00 INFO  com.abcbs.crrs.jobs.P09360.P09360FileWriter - Full Record: P09GlDedsRecord(p09deds_julian=26042, p09deds_hhmmsss=0847249, filler=, gl_p09deds_id=04, gl_refund_type=PER, gl_control_date=2024-11-15, gl_control_nbr=207, gl_receipt_type=PA, gl_bank_acct_nbr=, gl_acct_nbr=279000000000, gl_act_code=FR, gl_act_amt=-00000001880, gl_act_date=2026-02-11, gl_report_mo=02, gl_report_yr=26, gl_patient_ln=MATTHEWS, gl_patient_fn=JOHN, gl_mbr_id_nbr=TEA806113403, gl_xref_type=, gl_xref_claim_nbr=, gl_xref_date=2026-02-10, gl_cash_rec_bal=-00000000000, gl_corp=01, gl_filler=)
2026-02-24 12:02:00 DEBUG com.abcbs.crrs.jobs.P09360.P09360FileWriter - Suppressing refundType in detail line for record on page 3: prevRefundType matches
2026-02-24 12:02:00 DEBUG com.abcbs.crrs.jobs.P09360.P09360FileWriter - Suppressing detail fields: controlDate, controlNbr, actCode, actDate, patient names for record
2026-02-24 12:02:00 DEBUG com.abcbs.crrs.jobs.P09360.P09360FileWriter - Detail line written for member TEA806113403 (refundType=PER): $18.80-      02/10/26
2026-02-24 12:02:00 INFO  com.abcbs.crrs.jobs.P09360.P09360FileWriter - act amount:-18.80
2026-02-24 12:02:00 DEBUG com.abcbs.crrs.jobs.P09360.P09360FileWriter - Processing record: RefundType=PER, ControlDate=2024-11-15, ControlNbr=404, ActAmt=00000006624
2026-02-24 12:02:00 INFO  com.abcbs.crrs.jobs.P09360.P09360FileWriter - Full Record: P09GlDedsRecord(p09deds_julian=26042, p09deds_hhmmsss=0847249, filler=, gl_p09deds_id=04, gl_refund_type=PER, gl_control_date=2024-11-15, gl_control_nbr=404, gl_receipt_type=PA, gl_bank_acct_nbr=, gl_acct_nbr=280000000000, gl_act_code=FR, gl_act_amt=00000006624, gl_act_date=2026-02-11, gl_report_mo=02, gl_report_yr=26, gl_patient_ln=DE SAINT, gl_patient_fn=FELIX SKYE, gl_mbr_id_nbr=MYY818765270, gl_xref_type=, gl_xref_claim_nbr=, gl_xref_date=2026-02-10, gl_cash_rec_bal=-00000000000, gl_corp=01, gl_filler=)
2026-02-24 12:02:00 DEBUG com.abcbs.crrs.jobs.P09360.P09360FileWriter - Suppressing refundType in detail line for record on page 3: prevRefundType matches
2026-02-24 12:02:00 DEBUG com.abcbs.crrs.jobs.P09360.P09360FileWriter - Detail line written for member MYY818765270 (refundType=PER): 11/15/24  404    DE SAINT       FELIX SKYE   MYY818765270  FR   02/11/26           $66.24      02/10/26
2026-02-24 12:02:00 INFO  com.abcbs.crrs.jobs.P09360.P09360FileWriter - act amount:66.24
2026-02-24 12:02:00 DEBUG com.abcbs.crrs.jobs.P09360.P09360FileWriter - Processing record: RefundType=PER, ControlDate=2024-11-15, ControlNbr=404, ActAmt=-00000006624
2026-02-24 12:02:00 INFO  com.abcbs.crrs.jobs.P09360.P09360FileWriter - Full Record: P09GlDedsRecord(p09deds_julian=26042, p09deds_hhmmsss=0847249, filler=, gl_p09deds_id=04, gl_refund_type=PER, gl_control_date=2024-11-15, gl_control_nbr=404, gl_receipt_type=PA, gl_bank_acct_nbr=, gl_acct_nbr=279000000000, gl_act_code=FR, gl_act_amt=-00000006624, gl_act_date=2026-02-11, gl_report_mo=02, gl_report_yr=26, gl_patient_ln=DE SAINT, gl_patient_fn=FELIX SKYE, gl_mbr_id_nbr=MYY818765270, gl_xref_type=, gl_xref_claim_nbr=, gl_xref_date=2026-02-10, gl_cash_rec_bal=-00000000000, gl_corp=01, gl_filler=)
2026-02-24 12:02:00 DEBUG com.abcbs.crrs.jobs.P09360.P09360FileWriter - Suppressing refundType in detail line for record on page 3: prevRefundType matches
2026-02-24 12:02:00 DEBUG com.abcbs.crrs.jobs.P09360.P09360FileWriter - Suppressing detail fields: controlDate, controlNbr, actCode, actDate, patient names for record
2026-02-24 12:02:00 DEBUG com.abcbs.crrs.jobs.P09360.P09360FileWriter - Detail line written for member MYY818765270 (refundType=PER): $66.24-      02/10/26
2026-02-24 12:02:00 INFO  com.abcbs.crrs.jobs.P09360.P09360FileWriter - act amount:-66.24
2026-02-24 12:02:00 DEBUG com.abcbs.crrs.jobs.P09360.P09360FileWriter - Processing record: RefundType=PER, ControlDate=2024-11-19, ControlNbr=407, ActAmt=00000002130
2026-02-24 12:02:00 INFO  com.abcbs.crrs.jobs.P09360.P09360FileWriter - Full Record: P09GlDedsRecord(p09deds_julian=26042, p09deds_hhmmsss=0847249, filler=, gl_p09deds_id=04, gl_refund_type=PER, gl_control_date=2024-11-19, gl_control_nbr=407, gl_receipt_type=PA, gl_bank_acct_nbr=, gl_acct_nbr=280000000000, gl_act_code=FR, gl_act_amt=00000002130, gl_act_date=2026-02-11, gl_report_mo=02, gl_report_yr=26, gl_patient_ln=USSERY, gl_patient_fn=CORDAE, gl_mbr_id_nbr=TEA806269160, gl_xref_type=, gl_xref_claim_nbr=, gl_xref_date=2026-02-10, gl_cash_rec_bal=-00000000000, gl_corp=01, gl_filler=)
2026-02-24 12:02:00 DEBUG com.abcbs.crrs.jobs.P09360.P09360FileWriter - Suppressing refundType in detail line for record on page 3: prevRefundType matches
2026-02-24 12:02:00 DEBUG com.abcbs.crrs.jobs.P09360.P09360FileWriter - Detail line written for member TEA806269160 (refundType=PER): 11/19/24  407    USSERY         CORDAE       TEA806269160  FR   02/11/26           $21.30      02/10/26
2026-02-24 12:02:00 INFO  com.abcbs.crrs.jobs.P09360.P09360FileWriter - act amount:21.30
2026-02-24 12:02:00 DEBUG com.abcbs.crrs.jobs.P09360.P09360FileWriter - Processing record: RefundType=PER, ControlDate=2024-11-19, ControlNbr=407, ActAmt=-00000002130
2026-02-24 12:02:00 INFO  com.abcbs.crrs.jobs.P09360.P09360FileWriter - Full Record: P09GlDedsRecord(p09deds_julian=26042, p09deds_hhmmsss=0847249, filler=, gl_p09deds_id=04, gl_refund_type=PER, gl_control_date=2024-11-19, gl_control_nbr=407, gl_receipt_type=PA, gl_bank_acct_nbr=, gl_acct_nbr=279000000000, gl_act_code=FR, gl_act_amt=-00000002130, gl_act_date=2026-02-11, gl_report_mo=02, gl_report_yr=26, gl_patient_ln=USSERY, gl_patient_fn=CORDAE, gl_mbr_id_nbr=TEA806269160, gl_xref_type=, gl_xref_claim_nbr=, gl_xref_date=2026-02-10, gl_cash_rec_bal=-00000000000, gl_corp=01, gl_filler=)
2026-02-24 12:02:00 DEBUG com.abcbs.crrs.jobs.P09360.P09360FileWriter - Suppressing refundType in detail line for record on page 3: prevRefundType matches
2026-02-24 12:02:00 DEBUG com.abcbs.crrs.jobs.P09360.P09360FileWriter - Suppressing detail fields: controlDate, controlNbr, actCode, actDate, patient names for record
2026-02-24 12:02:00 DEBUG com.abcbs.crrs.jobs.P09360.P09360FileWriter - Detail line written for member TEA806269160 (refundType=PER): $21.30-      02/10/26
2026-02-24 12:02:00 INFO  com.abcbs.crrs.jobs.P09360.P09360FileWriter - act amount:-21.30
2026-02-24 12:02:00 DEBUG com.abcbs.crrs.jobs.P09360.P09360FileWriter - Processing record: RefundType=PER, ControlDate=2024-11-20, ControlNbr=211, ActAmt=00000006694
2026-02-24 12:02:00 INFO  com.abcbs.crrs.jobs.P09360.P09360FileWriter - Full Record: P09GlDedsRecord(p09deds_julian=26042, p09deds_hhmmsss=0847249, filler=, gl_p09deds_id=04, gl_refund_type=PER, gl_control_date=2024-11-20, gl_control_nbr=211, gl_receipt_type=PA, gl_bank_acct_nbr=, gl_acct_nbr=280000000000, gl_act_code=FR, gl_act_amt=00000006694, gl_act_date=2026-02-11, gl_report_mo=02, gl_report_yr=26, gl_patient_ln=KOENIG, gl_patient_fn=HAYLEE, gl_mbr_id_nbr=GAC825291898, gl_xref_type=, gl_xref_claim_nbr=, gl_xref_date=2026-02-10, gl_cash_rec_bal=-00000000000, gl_corp=01, gl_filler=)
2026-02-24 12:02:00 DEBUG com.abcbs.crrs.jobs.P09360.P09360FileWriter - Suppressing refundType in detail line for record on page 3: prevRefundType matches
2026-02-24 12:02:00 DEBUG com.abcbs.crrs.jobs.P09360.P09360FileWriter - Detail line written for member GAC825291898 (refundType=PER): 11/20/24  211    KOENIG         HAYLEE       GAC825291898  FR   02/11/26           $66.94      02/10/26
2026-02-24 12:02:00 INFO  com.abcbs.crrs.jobs.P09360.P09360FileWriter - act amount:66.94
2026-02-24 12:02:00 DEBUG com.abcbs.crrs.jobs.P09360.P09360FileWriter - Processing record: RefundType=PER, ControlDate=2024-11-20, ControlNbr=211, ActAmt=-00000006694
2026-02-24 12:02:00 INFO  com.abcbs.crrs.jobs.P09360.P09360FileWriter - Full Record: P09GlDedsRecord(p09deds_julian=26042, p09deds_hhmmsss=0847249, filler=, gl_p09deds_id=04, gl_refund_type=PER, gl_control_date=2024-11-20, gl_control_nbr=211, gl_receipt_type=PA, gl_bank_acct_nbr=, gl_acct_nbr=279000000000, gl_act_code=FR, gl_act_amt=-00000006694, gl_act_date=2026-02-11, gl_report_mo=02, gl_report_yr=26, gl_patient_ln=KOENIG, gl_patient_fn=HAYLEE, gl_mbr_id_nbr=GAC825291898, gl_xref_type=, gl_xref_claim_nbr=, gl_xref_date=2026-02-10, gl_cash_rec_bal=-00000000000, gl_corp=01, gl_filler=)
2026-02-24 12:02:00 DEBUG com.abcbs.crrs.jobs.P09360.P09360FileWriter - Suppressing refundType in detail line for record on page 3: prevRefundType matches
2026-02-24 12:02:00 DEBUG com.abcbs.crrs.jobs.P09360.P09360FileWriter - Suppressing detail fields: controlDate, controlNbr, actCode, actDate, patient names for record
2026-02-24 12:02:00 DEBUG com.abcbs.crrs.jobs.P09360.P09360FileWriter - Detail line written for member GAC825291898 (refundType=PER): $66.94-      02/10/26
2026-02-24 12:02:00 INFO  com.abcbs.crrs.jobs.P09360.P09360FileWriter - act amount:-66.94
2026-02-24 12:02:00 DEBUG com.abcbs.crrs.jobs.P09360.P09360FileWriter - Processing record: RefundType=PER, ControlDate=2024-12-02, ControlNbr=200, ActAmt=00000003753
2026-02-24 12:02:00 INFO  com.abcbs.crrs.jobs.P09360.P09360FileWriter - Full Record: P09GlDedsRecord(p09deds_julian=26042, p09deds_hhmmsss=0847249, filler=, gl_p09deds_id=04, gl_refund_type=PER, gl_control_date=2024-12-02, gl_control_nbr=200, gl_receipt_type=PA, gl_bank_acct_nbr=, gl_acct_nbr=280000000000, gl_act_code=FR, gl_act_amt=00000003753, gl_act_date=2026-02-11, gl_report_mo=02, gl_report_yr=26, gl_patient_ln=BARRIENTES, gl_patient_fn=DOROTHY, gl_mbr_id_nbr=XUP202169232, gl_xref_type=, gl_xref_claim_nbr=, gl_xref_date=2026-02-10, gl_cash_rec_bal=-00000000000, gl_corp=01, gl_filler=)
2026-02-24 12:02:00 DEBUG com.abcbs.crrs.jobs.P09360.P09360FileWriter - Suppressing refundType in detail line for record on page 3: prevRefundType matches
2026-02-24 12:02:00 DEBUG com.abcbs.crrs.jobs.P09360.P09360FileWriter - Detail line written for member XUP202169232 (refundType=PER): 12/02/24  200    BARRIENTES     DOROTHY      XUP202169232  FR   02/11/26           $37.53      02/10/26
2026-02-24 12:02:00 INFO  com.abcbs.crrs.jobs.P09360.P09360FileWriter - act amount:37.53
2026-02-24 12:02:00 DEBUG com.abcbs.crrs.jobs.P09360.P09360FileWriter - Processing record: RefundType=PER, ControlDate=2024-12-02, ControlNbr=200, ActAmt=-00000003753
2026-02-24 12:02:01 INFO  com.abcbs.crrs.jobs.P09360.P09360FileWriter - Full Record: P09GlDedsRecord(p09deds_julian=26042, p09deds_hhmmsss=0847249, filler=, gl_p09deds_id=04, gl_refund_type=PER, gl_control_date=2024-12-02, gl_control_nbr=200, gl_receipt_type=PA, gl_bank_acct_nbr=, gl_acct_nbr=279000000000, gl_act_code=FR, gl_act_amt=-00000003753, gl_act_date=2026-02-11, gl_report_mo=02, gl_report_yr=26, gl_patient_ln=BARRIENTES, gl_patient_fn=DOROTHY, gl_mbr_id_nbr=XUP202169232, gl_xref_type=, gl_xref_claim_nbr=, gl_xref_date=2026-02-10, gl_cash_rec_bal=-00000000000, gl_corp=01, gl_filler=)
2026-02-24 12:02:01 DEBUG com.abcbs.crrs.jobs.P09360.P09360FileWriter - Suppressing refundType in detail line for record on page 3: prevRefundType matches
2026-02-24 12:02:01 DEBUG com.abcbs.crrs.jobs.P09360.P09360FileWriter - Suppressing detail fields: controlDate, controlNbr, actCode, actDate, patient names for record
2026-02-24 12:02:01 DEBUG com.abcbs.crrs.jobs.P09360.P09360FileWriter - Detail line written for member XUP202169232 (refundType=PER): $37.53-      02/10/26
2026-02-24 12:02:01 INFO  com.abcbs.crrs.jobs.P09360.P09360FileWriter - act amount:-37.53
2026-02-24 12:02:01 DEBUG com.abcbs.crrs.jobs.P09360.P09360FileWriter - Processing record: RefundType=PER, ControlDate=2024-12-02, ControlNbr=224C, ActAmt=00000007954
2026-02-24 12:02:01 INFO  com.abcbs.crrs.jobs.P09360.P09360FileWriter - Full Record: P09GlDedsRecord(p09deds_julian=26042, p09deds_hhmmsss=0847249, filler=, gl_p09deds_id=04, gl_refund_type=PER, gl_control_date=2024-12-02, gl_control_nbr=224C, gl_receipt_type=PA, gl_bank_acct_nbr=, gl_acct_nbr=280000000000, gl_act_code=FR, gl_act_amt=00000007954, gl_act_date=2026-02-11, gl_report_mo=02, gl_report_yr=26, gl_patient_ln=MASTAGNI, gl_patient_fn=MISTI, gl_mbr_id_nbr=KAZ803933373, gl_xref_type=, gl_xref_claim_nbr=, gl_xref_date=2026-02-10, gl_cash_rec_bal=-00000000000, gl_corp=01, gl_filler=)
2026-02-24 12:02:01 DEBUG com.abcbs.crrs.jobs.P09360.P09360FileWriter - Suppressing refundType in detail line for record on page 3: prevRefundType matches
2026-02-24 12:02:01 DEBUG com.abcbs.crrs.jobs.P09360.P09360FileWriter - Detail line written for member KAZ803933373 (refundType=PER): 12/02/24  224C   MASTAGNI       MISTI        KAZ803933373  FR   02/11/26           $79.54      02/10/26
2026-02-24 12:02:01 INFO  com.abcbs.crrs.jobs.P09360.P09360FileWriter - act amount:79.54
2026-02-24 12:02:01 DEBUG com.abcbs.crrs.jobs.P09360.P09360FileWriter - Processing record: RefundType=PER, ControlDate=2024-12-02, ControlNbr=224C, ActAmt=-00000007954
2026-02-24 12:02:01 INFO  com.abcbs.crrs.jobs.P09360.P09360FileWriter - Full Record: P09GlDedsRecord(p09deds_julian=26042, p09deds_hhmmsss=0847249, filler=, gl_p09deds_id=04, gl_refund_type=PER, gl_control_date=2024-12-02, gl_control_nbr=224C, gl_receipt_type=PA, gl_bank_acct_nbr=, gl_acct_nbr=279000000000, gl_act_code=FR, gl_act_amt=-00000007954, gl_act_date=2026-02-11, gl_report_mo=02, gl_report_yr=26, gl_patient_ln=MASTAGNI, gl_patient_fn=MISTI, gl_mbr_id_nbr=KAZ803933373, gl_xref_type=, gl_xref_claim_nbr=, gl_xref_date=2026-02-10, gl_cash_rec_bal=-00000000000, gl_corp=01, gl_filler=)
2026-02-24 12:02:01 DEBUG com.abcbs.crrs.jobs.P09360.P09360FileWriter - Suppressing refundType in detail line for record on page 3: prevRefundType matches
2026-02-24 12:02:01 DEBUG com.abcbs.crrs.jobs.P09360.P09360FileWriter - Suppressing detail fields: controlDate, controlNbr, actCode, actDate, patient names for record
2026-02-24 12:02:01 DEBUG com.abcbs.crrs.jobs.P09360.P09360FileWriter - Detail line written for member KAZ803933373 (refundType=PER): $79.54-      02/10/26
2026-02-24 12:02:01 INFO  com.abcbs.crrs.jobs.P09360.P09360FileWriter - act amount:-79.54
2026-02-24 12:02:01 DEBUG com.abcbs.crrs.jobs.P09360.P09360FileWriter - Processing record: RefundType=PER, ControlDate=2024-12-03, ControlNbr=202, ActAmt=00000001822
2026-02-24 12:02:01 INFO  com.abcbs.crrs.jobs.P09360.P09360FileWriter - Full Record: P09GlDedsRecord(p09deds_julian=26042, p09deds_hhmmsss=0847249, filler=, gl_p09deds_id=04, gl_refund_type=PER, gl_control_date=2024-12-03, gl_control_nbr=202, gl_receipt_type=PA, gl_bank_acct_nbr=, gl_acct_nbr=280000000000, gl_act_code=FR, gl_act_amt=00000001822, gl_act_date=2026-02-11, gl_report_mo=02, gl_report_yr=26, gl_patient_ln=GARZA DE LA, gl_patient_fn=ANTHONY, gl_mbr_id_nbr=J6D588217300, gl_xref_type=, gl_xref_claim_nbr=, gl_xref_date=2026-02-10, gl_cash_rec_bal=-00000000000, gl_corp=01, gl_filler=)
2026-02-24 12:02:01 DEBUG com.abcbs.crrs.jobs.P09360.P09360FileWriter - Suppressing refundType in detail line for record on page 3: prevRefundType matches
2026-02-24 12:02:01 DEBUG com.abcbs.crrs.jobs.P09360.P09360FileWriter - Detail line written for member J6D588217300 (refundType=PER): 12/03/24  202    GARZA DE LA    ANTHONY      J6D588217300  FR   02/11/26           $18.22      02/10/26
2026-02-24 12:02:01 INFO  com.abcbs.crrs.jobs.P09360.P09360FileWriter - act amount:18.22
2026-02-24 12:02:01 DEBUG com.abcbs.crrs.jobs.P09360.P09360FileWriter - Processing record: RefundType=PER, ControlDate=2024-12-03, ControlNbr=202, ActAmt=-00000001822
2026-02-24 12:02:01 INFO  com.abcbs.crrs.jobs.P09360.P09360FileWriter - Full Record: P09GlDedsRecord(p09deds_julian=26042, p09deds_hhmmsss=0847249, filler=, gl_p09deds_id=04, gl_refund_type=PER, gl_control_date=2024-12-03, gl_control_nbr=202, gl_receipt_type=PA, gl_bank_acct_nbr=, gl_acct_nbr=279000000000, gl_act_code=FR, gl_act_amt=-00000001822, gl_act_date=2026-02-11, gl_report_mo=02, gl_report_yr=26, gl_patient_ln=GARZA DE LA, gl_patient_fn=ANTHONY, gl_mbr_id_nbr=J6D588217300, gl_xref_type=, gl_xref_claim_nbr=, gl_xref_date=2026-02-10, gl_cash_rec_bal=-00000000000, gl_corp=01, gl_filler=)
2026-02-24 12:02:01 DEBUG com.abcbs.crrs.jobs.P09360.P09360FileWriter - Suppressing refundType in detail line for record on page 3: prevRefundType matches
2026-02-24 12:02:01 DEBUG com.abcbs.crrs.jobs.P09360.P09360FileWriter - Suppressing detail fields: controlDate, controlNbr, actCode, actDate, patient names for record
2026-02-24 12:02:01 DEBUG com.abcbs.crrs.jobs.P09360.P09360FileWriter - Detail line written for member J6D588217300 (refundType=PER): $18.22-      02/10/26
2026-02-24 12:02:01 INFO  com.abcbs.crrs.jobs.P09360.P09360FileWriter - act amount:-18.22
2026-02-24 12:02:01 DEBUG com.abcbs.crrs.jobs.P09360.P09360FileWriter - Processing record: RefundType=PER, ControlDate=2024-12-04, ControlNbr=409, ActAmt=00000071613
2026-02-24 12:02:01 INFO  com.abcbs.crrs.jobs.P09360.P09360FileWriter - Full Record: P09GlDedsRecord(p09deds_julian=26042, p09deds_hhmmsss=0847249, filler=, gl_p09deds_id=04, gl_refund_type=PER, gl_control_date=2024-12-04, gl_control_nbr=409, gl_receipt_type=PA, gl_bank_acct_nbr=, gl_acct_nbr=280000000000, gl_act_code=FR, gl_act_amt=00000071613, gl_act_date=2026-02-11, gl_report_mo=02, gl_report_yr=26, gl_patient_ln=SANCHEZ, gl_patient_fn=MARCO, gl_mbr_id_nbr=ZGP810625553, gl_xref_type=, gl_xref_claim_nbr=, gl_xref_date=2026-02-10, gl_cash_rec_bal=-00000000000, gl_corp=01, gl_filler=)
2026-02-24 12:02:01 DEBUG com.abcbs.crrs.jobs.P09360.P09360FileWriter - Suppressing refundType in detail line for record on page 3: prevRefundType matches
2026-02-24 12:02:01 DEBUG com.abcbs.crrs.jobs.P09360.P09360FileWriter - Detail line written for member ZGP810625553 (refundType=PER): 12/04/24  409    SANCHEZ        MARCO        ZGP810625553  FR   02/11/26          $716.13      02/10/26
2026-02-24 12:02:01 INFO  com.abcbs.crrs.jobs.P09360.P09360FileWriter - act amount:716.13
2026-02-24 12:02:01 DEBUG com.abcbs.crrs.jobs.P09360.P09360FileWriter - Processing record: RefundType=PER, ControlDate=2024-12-04, ControlNbr=409, ActAmt=-00000071613
2026-02-24 12:02:01 INFO  com.abcbs.crrs.jobs.P09360.P09360FileWriter - Full Record: P09GlDedsRecord(p09deds_julian=26042, p09deds_hhmmsss=0847249, filler=, gl_p09deds_id=04, gl_refund_type=PER, gl_control_date=2024-12-04, gl_control_nbr=409, gl_receipt_type=PA, gl_bank_acct_nbr=, gl_acct_nbr=279000000000, gl_act_code=FR, gl_act_amt=-00000071613, gl_act_date=2026-02-11, gl_report_mo=02, gl_report_yr=26, gl_patient_ln=SANCHEZ, gl_patient_fn=MARCO, gl_mbr_id_nbr=ZGP810625553, gl_xref_type=, gl_xref_claim_nbr=, gl_xref_date=2026-02-10, gl_cash_rec_bal=-00000000000, gl_corp=01, gl_filler=)
2026-02-24 12:02:01 DEBUG com.abcbs.crrs.jobs.P09360.P09360FileWriter - Suppressing refundType in detail line for record on page 3: prevRefundType matches
2026-02-24 12:02:01 DEBUG com.abcbs.crrs.jobs.P09360.P09360FileWriter - Suppressing detail fields: controlDate, controlNbr, actCode, actDate, patient names for record
2026-02-24 12:02:01 DEBUG com.abcbs.crrs.jobs.P09360.P09360FileWriter - Detail line written for member ZGP810625553 (refundType=PER): $716.13-      02/10/26
2026-02-24 12:02:01 INFO  com.abcbs.crrs.jobs.P09360.P09360FileWriter - act amount:-716.13
2026-02-24 12:02:01 DEBUG com.abcbs.crrs.jobs.P09360.P09360FileWriter - Processing record: RefundType=PER, ControlDate=2025-03-13, ControlNbr=447, ActAmt=00000006500
2026-02-24 12:02:01 INFO  com.abcbs.crrs.jobs.P09360.P09360FileWriter - Full Record: P09GlDedsRecord(p09deds_julian=26042, p09deds_hhmmsss=0847249, filler=, gl_p09deds_id=04, gl_refund_type=PER, gl_control_date=2025-03-13, gl_control_nbr=447, gl_receipt_type=PA, gl_bank_acct_nbr=, gl_acct_nbr=280000000000, gl_act_code=FR, gl_act_amt=00000006500, gl_act_date=2026-02-11, gl_report_mo=02, gl_report_yr=26, gl_patient_ln=MEHRBAKHSH, gl_patient_fn=JESSICA, gl_mbr_id_nbr=ZFA621A78120, gl_xref_type=, gl_xref_claim_nbr=, gl_xref_date=2026-02-10, gl_cash_rec_bal=-00000000000, gl_corp=01, gl_filler=)
2026-02-24 12:02:01 DEBUG com.abcbs.crrs.jobs.P09360.P09360FileWriter - Suppressing refundType in detail line for record on page 3: prevRefundType matches
2026-02-24 12:02:01 DEBUG com.abcbs.crrs.jobs.P09360.P09360FileWriter - Detail line written for member ZFA621A78120 (refundType=PER): 03/13/25  447    MEHRBAKHSH     JESSICA      ZFA621A78120  FR   02/11/26           $65.00      02/10/26
2026-02-24 12:02:01 INFO  com.abcbs.crrs.jobs.P09360.P09360FileWriter - act amount:65.00
2026-02-24 12:02:01 DEBUG com.abcbs.crrs.jobs.P09360.P09360FileWriter - Processing record: RefundType=PER, ControlDate=2025-03-13, ControlNbr=447, ActAmt=-00000006500
2026-02-24 12:02:01 INFO  com.abcbs.crrs.jobs.P09360.P09360FileWriter - Full Record: P09GlDedsRecord(p09deds_julian=26042, p09deds_hhmmsss=0847249, filler=, gl_p09deds_id=04, gl_refund_type=PER, gl_control_date=2025-03-13, gl_control_nbr=447, gl_receipt_type=PA, gl_bank_acct_nbr=, gl_acct_nbr=279000000000, gl_act_code=FR, gl_act_amt=-00000006500, gl_act_date=2026-02-11, gl_report_mo=02, gl_report_yr=26, gl_patient_ln=MEHRBAKHSH, gl_patient_fn=JESSICA, gl_mbr_id_nbr=ZFA621A78120, gl_xref_type=, gl_xref_claim_nbr=, gl_xref_date=2026-02-10, gl_cash_rec_bal=-00000000000, gl_corp=01, gl_filler=)
2026-02-24 12:02:01 DEBUG com.abcbs.crrs.jobs.P09360.P09360FileWriter - Suppressing refundType in detail line for record on page 3: prevRefundType matches
2026-02-24 12:02:01 DEBUG com.abcbs.crrs.jobs.P09360.P09360FileWriter - Suppressing detail fields: controlDate, controlNbr, actCode, actDate, patient names for record
2026-02-24 12:02:01 DEBUG com.abcbs.crrs.jobs.P09360.P09360FileWriter - Detail line written for member ZFA621A78120 (refundType=PER): $65.00-      02/10/26
2026-02-24 12:02:01 INFO  com.abcbs.crrs.jobs.P09360.P09360FileWriter - act amount:-65.00
2026-02-24 12:02:01 DEBUG com.abcbs.crrs.jobs.P09360.P09360FileWriter - Processing record: RefundType=PER, ControlDate=2025-03-13, ControlNbr=455F, ActAmt=00000002100
2026-02-24 12:02:01 INFO  com.abcbs.crrs.jobs.P09360.P09360FileWriter - Full Record: P09GlDedsRecord(p09deds_julian=26042, p09deds_hhmmsss=0847249, filler=, gl_p09deds_id=04, gl_refund_type=PER, gl_control_date=2025-03-13, gl_control_nbr=455F, gl_receipt_type=PA, gl_bank_acct_nbr=, gl_acct_nbr=280000000000, gl_act_code=FR, gl_act_amt=00000002100, gl_act_date=2026-02-11, gl_report_mo=02, gl_report_yr=26, gl_patient_ln=GALLAND, gl_patient_fn=BRETT, gl_mbr_id_nbr=IPB137207330, gl_xref_type=, gl_xref_claim_nbr=, gl_xref_date=2026-02-10, gl_cash_rec_bal=-00000000000, gl_corp=01, gl_filler=)
2026-02-24 12:02:01 DEBUG com.abcbs.crrs.jobs.P09360.P09360FileWriter - Suppressing refundType in detail line for record on page 3: prevRefundType matches
2026-02-24 12:02:01 DEBUG com.abcbs.crrs.jobs.P09360.P09360FileWriter - Detail line written for member IPB137207330 (refundType=PER): 03/13/25  455F   GALLAND        BRETT        IPB137207330  FR   02/11/26           $21.00      02/10/26
2026-02-24 12:02:01 INFO  com.abcbs.crrs.jobs.P09360.P09360FileWriter - act amount:21.00
2026-02-24 12:02:01 DEBUG com.abcbs.crrs.jobs.P09360.P09360FileWriter - Processing record: RefundType=PER, ControlDate=2025-03-13, ControlNbr=455F, ActAmt=-00000002100
2026-02-24 12:02:01 INFO  com.abcbs.crrs.jobs.P09360.P09360FileWriter - Full Record: P09GlDedsRecord(p09deds_julian=26042, p09deds_hhmmsss=0847249, filler=, gl_p09deds_id=04, gl_refund_type=PER, gl_control_date=2025-03-13, gl_control_nbr=455F, gl_receipt_type=PA, gl_bank_acct_nbr=, gl_acct_nbr=279000000000, gl_act_code=FR, gl_act_amt=-00000002100, gl_act_date=2026-02-11, gl_report_mo=02, gl_report_yr=26, gl_patient_ln=GALLAND, gl_patient_fn=BRETT, gl_mbr_id_nbr=IPB137207330, gl_xref_type=, gl_xref_claim_nbr=, gl_xref_date=2026-02-10, gl_cash_rec_bal=-00000000000, gl_corp=01, gl_filler=)
2026-02-24 12:02:01 DEBUG com.abcbs.crrs.jobs.P09360.P09360FileWriter - Suppressing refundType in detail line for record on page 3: prevRefundType matches
2026-02-24 12:02:01 DEBUG com.abcbs.crrs.jobs.P09360.P09360FileWriter - Suppressing detail fields: controlDate, controlNbr, actCode, actDate, patient names for record
2026-02-24 12:02:01 DEBUG com.abcbs.crrs.jobs.P09360.P09360FileWriter - Detail line written for member IPB137207330 (refundType=PER): $21.00-      02/10/26
2026-02-24 12:02:01 INFO  com.abcbs.crrs.jobs.P09360.P09360FileWriter - act amount:-21.00
2026-02-24 12:02:01 DEBUG com.abcbs.crrs.jobs.P09360.P09360FileWriter - Processing record: RefundType=PER, ControlDate=2025-03-17, ControlNbr=423, ActAmt=00000000767
2026-02-24 12:02:01 INFO  com.abcbs.crrs.jobs.P09360.P09360FileWriter - Full Record: P09GlDedsRecord(p09deds_julian=26042, p09deds_hhmmsss=0847249, filler=, gl_p09deds_id=04, gl_refund_type=PER, gl_control_date=2025-03-17, gl_control_nbr=423, gl_receipt_type=PA, gl_bank_acct_nbr=, gl_acct_nbr=280000000000, gl_act_code=FR, gl_act_amt=00000000767, gl_act_date=2026-02-11, gl_report_mo=02, gl_report_yr=26, gl_patient_ln=LANKFORD, gl_patient_fn=SHAYLENE, gl_mbr_id_nbr=HGPW00839381, gl_xref_type=, gl_xref_claim_nbr=, gl_xref_date=2026-02-10, gl_cash_rec_bal=-00000000000, gl_corp=01, gl_filler=)
2026-02-24 12:02:01 DEBUG com.abcbs.crrs.jobs.P09360.P09360FileWriter - Suppressing refundType in detail line for record on page 3: prevRefundType matches
2026-02-24 12:02:01 DEBUG com.abcbs.crrs.jobs.P09360.P09360FileWriter - Detail line written for member HGPW00839381 (refundType=PER): 03/17/25  423    LANKFORD       SHAYLENE     HGPW00839381  FR   02/11/26            $7.67      02/10/26
2026-02-24 12:02:01 INFO  com.abcbs.crrs.jobs.P09360.P09360FileWriter - act amount:7.67
2026-02-24 12:02:01 DEBUG com.abcbs.crrs.jobs.P09360.P09360FileWriter - Processing record: RefundType=PER, ControlDate=2025-03-17, ControlNbr=423, ActAmt=-00000000767
2026-02-24 12:02:01 INFO  com.abcbs.crrs.jobs.P09360.P09360FileWriter - Full Record: P09GlDedsRecord(p09deds_julian=26042, p09deds_hhmmsss=0847249, filler=, gl_p09deds_id=04, gl_refund_type=PER, gl_control_date=2025-03-17, gl_control_nbr=423, gl_receipt_type=PA, gl_bank_acct_nbr=, gl_acct_nbr=279000000000, gl_act_code=FR, gl_act_amt=-00000000767, gl_act_date=2026-02-11, gl_report_mo=02, gl_report_yr=26, gl_patient_ln=LANKFORD, gl_patient_fn=SHAYLENE, gl_mbr_id_nbr=HGPW00839381, gl_xref_type=, gl_xref_claim_nbr=, gl_xref_date=2026-02-10, gl_cash_rec_bal=-00000000000, gl_corp=01, gl_filler=)
2026-02-24 12:02:01 DEBUG com.abcbs.crrs.jobs.P09360.P09360FileWriter - Suppressing refundType in detail line for record on page 3: prevRefundType matches
2026-02-24 12:02:01 DEBUG com.abcbs.crrs.jobs.P09360.P09360FileWriter - Suppressing detail fields: controlDate, controlNbr, actCode, actDate, patient names for record
2026-02-24 12:02:01 DEBUG com.abcbs.crrs.jobs.P09360.P09360FileWriter - Detail line written for member HGPW00839381 (refundType=PER): $7.67-      02/10/26
2026-02-24 12:02:01 INFO  com.abcbs.crrs.jobs.P09360.P09360FileWriter - act amount:-7.67
2026-02-24 12:02:01 DEBUG com.abcbs.crrs.jobs.P09360.P09360FileWriter - Processing record: RefundType=PER, ControlDate=2025-03-17, ControlNbr=425, ActAmt=00000009173
2026-02-24 12:02:01 INFO  com.abcbs.crrs.jobs.P09360.P09360FileWriter - Full Record: P09GlDedsRecord(p09deds_julian=26042, p09deds_hhmmsss=0847249, filler=, gl_p09deds_id=04, gl_refund_type=PER, gl_control_date=2025-03-17, gl_control_nbr=425, gl_receipt_type=PA, gl_bank_acct_nbr=, gl_acct_nbr=280000000000, gl_act_code=FR, gl_act_amt=00000009173, gl_act_date=2026-02-11, gl_report_mo=02, gl_report_yr=26, gl_patient_ln=LANKFORD, gl_patient_fn=SHAYLENE, gl_mbr_id_nbr=HGPW00839381, gl_xref_type=, gl_xref_claim_nbr=, gl_xref_date=2026-02-10, gl_cash_rec_bal=-00000000000, gl_corp=01, gl_filler=)
2026-02-24 12:02:01 DEBUG com.abcbs.crrs.jobs.P09360.P09360FileWriter - Suppressing refundType in detail line for record on page 3: prevRefundType matches
2026-02-24 12:02:01 DEBUG com.abcbs.crrs.jobs.P09360.P09360FileWriter - Detail line written for member HGPW00839381 (refundType=PER): 03/17/25  425    LANKFORD       SHAYLENE     HGPW00839381  FR   02/11/26           $91.73      02/10/26
2026-02-24 12:02:01 INFO  com.abcbs.crrs.jobs.P09360.P09360FileWriter - act amount:91.73
2026-02-24 12:02:01 DEBUG com.abcbs.crrs.jobs.P09360.P09360FileWriter - Processing record: RefundType=PER, ControlDate=2025-03-17, ControlNbr=425, ActAmt=-00000009173
2026-02-24 12:02:01 INFO  com.abcbs.crrs.jobs.P09360.P09360FileWriter - Full Record: P09GlDedsRecord(p09deds_julian=26042, p09deds_hhmmsss=0847249, filler=, gl_p09deds_id=04, gl_refund_type=PER, gl_control_date=2025-03-17, gl_control_nbr=425, gl_receipt_type=PA, gl_bank_acct_nbr=, gl_acct_nbr=279000000000, gl_act_code=FR, gl_act_amt=-00000009173, gl_act_date=2026-02-11, gl_report_mo=02, gl_report_yr=26, gl_patient_ln=LANKFORD, gl_patient_fn=SHAYLENE, gl_mbr_id_nbr=HGPW00839381, gl_xref_type=, gl_xref_claim_nbr=, gl_xref_date=2026-02-10, gl_cash_rec_bal=-00000000000, gl_corp=01, gl_filler=)
2026-02-24 12:02:01 DEBUG com.abcbs.crrs.jobs.P09360.P09360FileWriter - Suppressing refundType in detail line for record on page 3: prevRefundType matches
2026-02-24 12:02:01 DEBUG com.abcbs.crrs.jobs.P09360.P09360FileWriter - Suppressing detail fields: controlDate, controlNbr, actCode, actDate, patient names for record
2026-02-24 12:02:01 DEBUG com.abcbs.crrs.jobs.P09360.P09360FileWriter - Detail line written for member HGPW00839381 (refundType=PER): $91.73-      02/10/26
2026-02-24 12:02:01 INFO  com.abcbs.crrs.jobs.P09360.P09360FileWriter - act amount:-91.73
2026-02-24 12:02:01 DEBUG com.abcbs.crrs.jobs.P09360.P09360FileWriter - Processing record: RefundType=PER, ControlDate=2025-04-02, ControlNbr=408, ActAmt=00000004560
2026-02-24 12:02:01 INFO  com.abcbs.crrs.jobs.P09360.P09360FileWriter - Full Record: P09GlDedsRecord(p09deds_julian=26042, p09deds_hhmmsss=0847249, filler=, gl_p09deds_id=04, gl_refund_type=PER, gl_control_date=2025-04-02, gl_control_nbr=408, gl_receipt_type=PA, gl_bank_acct_nbr=, gl_acct_nbr=280000000000, gl_act_code=FR, gl_act_amt=00000004560, gl_act_date=2026-02-11, gl_report_mo=02, gl_report_yr=26, gl_patient_ln=PANTOJA, gl_patient_fn=MARIA, gl_mbr_id_nbr=DHY0127839LR, gl_xref_type=, gl_xref_claim_nbr=, gl_xref_date=2026-02-10, gl_cash_rec_bal=-00000000000, gl_corp=01, gl_filler=)
2026-02-24 12:02:01 DEBUG com.abcbs.crrs.jobs.P09360.P09360FileWriter - Suppressing refundType in detail line for record on page 3: prevRefundType matches
2026-02-24 12:02:01 DEBUG com.abcbs.crrs.jobs.P09360.P09360FileWriter - Detail line written for member DHY0127839LR (refundType=PER): 04/02/25  408    PANTOJA        MARIA        DHY0127839LR  FR   02/11/26           $45.60      02/10/26
2026-02-24 12:02:01 INFO  com.abcbs.crrs.jobs.P09360.P09360FileWriter - act amount:45.60
2026-02-24 12:02:01 DEBUG com.abcbs.crrs.jobs.P09360.P09360FileWriter - Processing record: RefundType=PER, ControlDate=2025-04-02, ControlNbr=408, ActAmt=-00000004560
2026-02-24 12:02:01 INFO  com.abcbs.crrs.jobs.P09360.P09360FileWriter - Full Record: P09GlDedsRecord(p09deds_julian=26042, p09deds_hhmmsss=0847249, filler=, gl_p09deds_id=04, gl_refund_type=PER, gl_control_date=2025-04-02, gl_control_nbr=408, gl_receipt_type=PA, gl_bank_acct_nbr=, gl_acct_nbr=279000000000, gl_act_code=FR, gl_act_amt=-00000004560, gl_act_date=2026-02-11, gl_report_mo=02, gl_report_yr=26, gl_patient_ln=PANTOJA, gl_patient_fn=MARIA, gl_mbr_id_nbr=DHY0127839LR, gl_xref_type=, gl_xref_claim_nbr=, gl_xref_date=2026-02-10, gl_cash_rec_bal=-00000000000, gl_corp=01, gl_filler=)
2026-02-24 12:02:01 DEBUG com.abcbs.crrs.jobs.P09360.P09360FileWriter - Suppressing refundType in detail line for record on page 3: prevRefundType matches
2026-02-24 12:02:01 DEBUG com.abcbs.crrs.jobs.P09360.P09360FileWriter - Suppressing detail fields: controlDate, controlNbr, actCode, actDate, patient names for record
2026-02-24 12:02:01 DEBUG com.abcbs.crrs.jobs.P09360.P09360FileWriter - Detail line written for member DHY0127839LR (refundType=PER): $45.60-      02/10/26
2026-02-24 12:02:01 INFO  com.abcbs.crrs.jobs.P09360.P09360FileWriter - act amount:-45.60
2026-02-24 12:02:01 DEBUG com.abcbs.crrs.jobs.P09360.P09360FileWriter - Processing record: RefundType=PER, ControlDate=2025-04-02, ControlNbr=412A, ActAmt=00000003251
2026-02-24 12:02:01 INFO  com.abcbs.crrs.jobs.P09360.P09360FileWriter - Full Record: P09GlDedsRecord(p09deds_julian=26042, p09deds_hhmmsss=0847249, filler=, gl_p09deds_id=04, gl_refund_type=PER, gl_control_date=2025-04-02, gl_control_nbr=412A, gl_receipt_type=PA, gl_bank_acct_nbr=, gl_acct_nbr=280000000000, gl_act_code=FR, gl_act_amt=00000003251, gl_act_date=2026-02-11, gl_report_mo=02, gl_report_yr=26, gl_patient_ln=FLEAR, gl_patient_fn=WILLIAM, gl_mbr_id_nbr=QMO129968018, gl_xref_type=, gl_xref_claim_nbr=, gl_xref_date=2026-02-10, gl_cash_rec_bal=-00000000000, gl_corp=01, gl_filler=)
2026-02-24 12:02:01 DEBUG com.abcbs.crrs.jobs.P09360.P09360FileWriter - Suppressing refundType in detail line for record on page 3: prevRefundType matches
2026-02-24 12:02:01 DEBUG com.abcbs.crrs.jobs.P09360.P09360FileWriter - Detail line written for member QMO129968018 (refundType=PER): 04/02/25  412A   FLEAR          WILLIAM      QMO129968018  FR   02/11/26           $32.51      02/10/26
2026-02-24 12:02:01 INFO  com.abcbs.crrs.jobs.P09360.P09360FileWriter - act amount:32.51
2026-02-24 12:02:01 DEBUG com.abcbs.crrs.jobs.P09360.P09360FileWriter - Processing record: RefundType=PER, ControlDate=2025-04-02, ControlNbr=412A, ActAmt=-00000003251
2026-02-24 12:02:01 INFO  com.abcbs.crrs.jobs.P09360.P09360FileWriter - Full Record: P09GlDedsRecord(p09deds_julian=26042, p09deds_hhmmsss=0847249, filler=, gl_p09deds_id=04, gl_refund_type=PER, gl_control_date=2025-04-02, gl_control_nbr=412A, gl_receipt_type=PA, gl_bank_acct_nbr=, gl_acct_nbr=279000000000, gl_act_code=FR, gl_act_amt=-00000003251, gl_act_date=2026-02-11, gl_report_mo=02, gl_report_yr=26, gl_patient_ln=FLEAR, gl_patient_fn=WILLIAM, gl_mbr_id_nbr=QMO129968018, gl_xref_type=, gl_xref_claim_nbr=, gl_xref_date=2026-02-10, gl_cash_rec_bal=-00000000000, gl_corp=01, gl_filler=)
2026-02-24 12:02:01 DEBUG com.abcbs.crrs.jobs.P09360.P09360FileWriter - Suppressing refundType in detail line for record on page 3: prevRefundType matches
2026-02-24 12:02:01 DEBUG com.abcbs.crrs.jobs.P09360.P09360FileWriter - Suppressing detail fields: controlDate, controlNbr, actCode, actDate, patient names for record
2026-02-24 12:02:01 DEBUG com.abcbs.crrs.jobs.P09360.P09360FileWriter - Detail line written for member QMO129968018 (refundType=PER): $32.51-      02/10/26
2026-02-24 12:02:01 INFO  com.abcbs.crrs.jobs.P09360.P09360FileWriter - act amount:-32.51
2026-02-24 12:02:01 DEBUG com.abcbs.crrs.jobs.P09360.P09360FileWriter - Processing record: RefundType=PER, ControlDate=2025-04-03, ControlNbr=400E, ActAmt=00000100000
2026-02-24 12:02:01 INFO  com.abcbs.crrs.jobs.P09360.P09360FileWriter - Full Record: P09GlDedsRecord(p09deds_julian=26042, p09deds_hhmmsss=0847249, filler=, gl_p09deds_id=04, gl_refund_type=PER, gl_control_date=2025-04-03, gl_control_nbr=400E, gl_receipt_type=PA, gl_bank_acct_nbr=, gl_acct_nbr=280000000000, gl_act_code=FR, gl_act_amt=00000100000, gl_act_date=2026-02-11, gl_report_mo=02, gl_report_yr=26, gl_patient_ln=WILKE, gl_patient_fn=DAVID, gl_mbr_id_nbr=JYA003114740, gl_xref_type=, gl_xref_claim_nbr=, gl_xref_date=2026-02-10, gl_cash_rec_bal=-00000000000, gl_corp=01, gl_filler=)
2026-02-24 12:02:01 DEBUG com.abcbs.crrs.jobs.P09360.P09360FileWriter - Suppressing refundType in detail line for record on page 3: prevRefundType matches
2026-02-24 12:02:01 DEBUG com.abcbs.crrs.jobs.P09360.P09360FileWriter - Detail line written for member JYA003114740 (refundType=PER): 04/03/25  400E   WILKE          DAVID        JYA003114740  FR   02/11/26        $1,000.00      02/10/26
2026-02-24 12:02:01 INFO  com.abcbs.crrs.jobs.P09360.P09360FileWriter - act amount:1000.00
2026-02-24 12:02:01 DEBUG com.abcbs.crrs.jobs.P09360.P09360FileWriter - Processing record: RefundType=PER, ControlDate=2025-04-03, ControlNbr=400E, ActAmt=-00000100000
2026-02-24 12:02:01 INFO  com.abcbs.crrs.jobs.P09360.P09360FileWriter - Full Record: P09GlDedsRecord(p09deds_julian=26042, p09deds_hhmmsss=0847249, filler=, gl_p09deds_id=04, gl_refund_type=PER, gl_control_date=2025-04-03, gl_control_nbr=400E, gl_receipt_type=PA, gl_bank_acct_nbr=, gl_acct_nbr=279000000000, gl_act_code=FR, gl_act_amt=-00000100000, gl_act_date=2026-02-11, gl_report_mo=02, gl_report_yr=26, gl_patient_ln=WILKE, gl_patient_fn=DAVID, gl_mbr_id_nbr=JYA003114740, gl_xref_type=, gl_xref_claim_nbr=, gl_xref_date=2026-02-10, gl_cash_rec_bal=-00000000000, gl_corp=01, gl_filler=)
2026-02-24 12:02:01 DEBUG com.abcbs.crrs.jobs.P09360.P09360FileWriter - Suppressing refundType in detail line for record on page 3: prevRefundType matches
2026-02-24 12:02:01 DEBUG com.abcbs.crrs.jobs.P09360.P09360FileWriter - Suppressing detail fields: controlDate, controlNbr, actCode, actDate, patient names for record
2026-02-24 12:02:01 DEBUG com.abcbs.crrs.jobs.P09360.P09360FileWriter - Detail line written for member JYA003114740 (refundType=PER): $1,000.00-      02/10/26
2026-02-24 12:02:01 INFO  com.abcbs.crrs.jobs.P09360.P09360FileWriter - act amount:-1000.00
2026-02-24 12:02:01 DEBUG com.abcbs.crrs.jobs.P09360.P09360FileWriter - Processing record: RefundType=PER, ControlDate=2025-04-03, ControlNbr=400P, ActAmt=00000100000
2026-02-24 12:02:01 INFO  com.abcbs.crrs.jobs.P09360.P09360FileWriter - Full Record: P09GlDedsRecord(p09deds_julian=26042, p09deds_hhmmsss=0847249, filler=, gl_p09deds_id=04, gl_refund_type=PER, gl_control_date=2025-04-03, gl_control_nbr=400P, gl_receipt_type=PU, gl_bank_acct_nbr=, gl_acct_nbr=280000000000, gl_act_code=FR, gl_act_amt=00000100000, gl_act_date=2026-02-11, gl_report_mo=02, gl_report_yr=26, gl_patient_ln=WILLIAMS, gl_patient_fn=MARY, gl_mbr_id_nbr=OTH903418453, gl_xref_type=, gl_xref_claim_nbr=, gl_xref_date=2026-02-10, gl_cash_rec_bal=-00000000000, gl_corp=01, gl_filler=)
2026-02-24 12:02:01 DEBUG com.abcbs.crrs.jobs.P09360.P09360FileWriter - Suppressing refundType in detail line for record on page 3: prevRefundType matches
2026-02-24 12:02:01 DEBUG com.abcbs.crrs.jobs.P09360.P09360FileWriter - Detail line written for member OTH903418453 (refundType=PER): 04/03/25  400P   WILLIAMS       MARY         OTH903418453  FR   02/11/26        $1,000.00      02/10/26
2026-02-24 12:02:01 INFO  com.abcbs.crrs.jobs.P09360.P09360FileWriter - act amount:1000.00
2026-02-24 12:02:01 DEBUG com.abcbs.crrs.jobs.P09360.P09360FileWriter - Processing record: RefundType=PER, ControlDate=2025-04-03, ControlNbr=400P, ActAmt=-00000100000
2026-02-24 12:02:01 INFO  com.abcbs.crrs.jobs.P09360.P09360FileWriter - Full Record: P09GlDedsRecord(p09deds_julian=26042, p09deds_hhmmsss=0847249, filler=, gl_p09deds_id=04, gl_refund_type=PER, gl_control_date=2025-04-03, gl_control_nbr=400P, gl_receipt_type=PU, gl_bank_acct_nbr=, gl_acct_nbr=279000000000, gl_act_code=FR, gl_act_amt=-00000100000, gl_act_date=2026-02-11, gl_report_mo=02, gl_report_yr=26, gl_patient_ln=WILLIAMS, gl_patient_fn=MARY, gl_mbr_id_nbr=OTH903418453, gl_xref_type=, gl_xref_claim_nbr=, gl_xref_date=2026-02-10, gl_cash_rec_bal=-00000000000, gl_corp=01, gl_filler=)
2026-02-24 12:02:01 DEBUG com.abcbs.crrs.jobs.P09360.P09360FileWriter - Suppressing refundType in detail line for record on page 3: prevRefundType matches
2026-02-24 12:02:01 DEBUG com.abcbs.crrs.jobs.P09360.P09360FileWriter - Suppressing detail fields: controlDate, controlNbr, actCode, actDate, patient names for record
2026-02-24 12:02:01 DEBUG com.abcbs.crrs.jobs.P09360.P09360FileWriter - Detail line written for member OTH903418453 (refundType=PER): $1,000.00-      02/10/26
2026-02-24 12:02:01 INFO  com.abcbs.crrs.jobs.P09360.P09360FileWriter - act amount:-1000.00
2026-02-24 12:02:01 DEBUG com.abcbs.crrs.jobs.P09360.P09360FileWriter - Processing record: RefundType=PER, ControlDate=2025-04-08, ControlNbr=405, ActAmt=00000002749
2026-02-24 12:02:01 INFO  com.abcbs.crrs.jobs.P09360.P09360FileWriter - Full Record: P09GlDedsRecord(p09deds_julian=26042, p09deds_hhmmsss=0847249, filler=, gl_p09deds_id=04, gl_refund_type=PER, gl_control_date=2025-04-08, gl_control_nbr=405, gl_receipt_type=PA, gl_bank_acct_nbr=, gl_acct_nbr=280000000000, gl_act_code=FR, gl_act_amt=00000002749, gl_act_date=2026-02-11, gl_report_mo=02, gl_report_yr=26, gl_patient_ln=MASON, gl_patient_fn=BEVERLY, gl_mbr_id_nbr=E4KFM0836703, gl_xref_type=, gl_xref_claim_nbr=, gl_xref_date=2026-02-10, gl_cash_rec_bal=-00000000000, gl_corp=01, gl_filler=)
2026-02-24 12:02:01 DEBUG com.abcbs.crrs.jobs.P09360.P09360FileWriter - Suppressing refundType in detail line for record on page 3: prevRefundType matches
2026-02-24 12:02:01 DEBUG com.abcbs.crrs.jobs.P09360.P09360FileWriter - Detail line written for member E4KFM0836703 (refundType=PER): 04/08/25  405    MASON          BEVERLY      E4KFM0836703  FR   02/11/26           $27.49      02/10/26
2026-02-24 12:02:01 INFO  com.abcbs.crrs.jobs.P09360.P09360FileWriter - act amount:27.49
2026-02-24 12:02:01 DEBUG com.abcbs.crrs.jobs.P09360.P09360FileWriter - Processing record: RefundType=PER, ControlDate=2025-04-08, ControlNbr=405, ActAmt=-00000002749
2026-02-24 12:02:01 INFO  com.abcbs.crrs.jobs.P09360.P09360FileWriter - Full Record: P09GlDedsRecord(p09deds_julian=26042, p09deds_hhmmsss=0847249, filler=, gl_p09deds_id=04, gl_refund_type=PER, gl_control_date=2025-04-08, gl_control_nbr=405, gl_receipt_type=PA, gl_bank_acct_nbr=, gl_acct_nbr=279000000000, gl_act_code=FR, gl_act_amt=-00000002749, gl_act_date=2026-02-11, gl_report_mo=02, gl_report_yr=26, gl_patient_ln=MASON, gl_patient_fn=BEVERLY, gl_mbr_id_nbr=E4KFM0836703, gl_xref_type=, gl_xref_claim_nbr=, gl_xref_date=2026-02-10, gl_cash_rec_bal=-00000000000, gl_corp=01, gl_filler=)
2026-02-24 12:02:01 DEBUG com.abcbs.crrs.jobs.P09360.P09360FileWriter - Suppressing refundType in detail line for record on page 3: prevRefundType matches
2026-02-24 12:02:01 DEBUG com.abcbs.crrs.jobs.P09360.P09360FileWriter - Suppressing detail fields: controlDate, controlNbr, actCode, actDate, patient names for record
2026-02-24 12:02:01 DEBUG com.abcbs.crrs.jobs.P09360.P09360FileWriter - Detail line written for member E4KFM0836703 (refundType=PER): $27.49-      02/10/26
2026-02-24 12:02:01 INFO  com.abcbs.crrs.jobs.P09360.P09360FileWriter - act amount:-27.49
2026-02-24 12:02:01 DEBUG com.abcbs.crrs.jobs.P09360.P09360FileWriter - Processing record: RefundType=PER, ControlDate=2025-04-08, ControlNbr=427A, ActAmt=00000003603
2026-02-24 12:02:01 INFO  com.abcbs.crrs.jobs.P09360.P09360FileWriter - Full Record: P09GlDedsRecord(p09deds_julian=26042, p09deds_hhmmsss=0847249, filler=, gl_p09deds_id=04, gl_refund_type=PER, gl_control_date=2025-04-08, gl_control_nbr=427A, gl_receipt_type=PA, gl_bank_acct_nbr=, gl_acct_nbr=280000000000, gl_act_code=FR, gl_act_amt=00000003603, gl_act_date=2026-02-11, gl_report_mo=02, gl_report_yr=26, gl_patient_ln=MITCHELL, gl_patient_fn=BETH, gl_mbr_id_nbr=99034479101, gl_xref_type=, gl_xref_claim_nbr=, gl_xref_date=2026-02-10, gl_cash_rec_bal=-00000000000, gl_corp=01, gl_filler=)
2026-02-24 12:02:01 DEBUG com.abcbs.crrs.jobs.P09360.P09360FileWriter - Suppressing refundType in detail line for record on page 3: prevRefundType matches
2026-02-24 12:02:01 DEBUG com.abcbs.crrs.jobs.P09360.P09360FileWriter - Detail line written for member 99034479101 (refundType=PER): 04/08/25  427A   MITCHELL       BETH         99034479101   FR   02/11/26           $36.03      02/10/26
2026-02-24 12:02:01 INFO  com.abcbs.crrs.jobs.P09360.P09360FileWriter - act amount:36.03
2026-02-24 12:02:01 DEBUG com.abcbs.crrs.jobs.P09360.P09360FileWriter - Processing record: RefundType=PER, ControlDate=2025-04-08, ControlNbr=427A, ActAmt=-00000003603
2026-02-24 12:02:01 INFO  com.abcbs.crrs.jobs.P09360.P09360FileWriter - Full Record: P09GlDedsRecord(p09deds_julian=26042, p09deds_hhmmsss=0847249, filler=, gl_p09deds_id=04, gl_refund_type=PER, gl_control_date=2025-04-08, gl_control_nbr=427A, gl_receipt_type=PA, gl_bank_acct_nbr=, gl_acct_nbr=279000000000, gl_act_code=FR, gl_act_amt=-00000003603, gl_act_date=2026-02-11, gl_report_mo=02, gl_report_yr=26, gl_patient_ln=MITCHELL, gl_patient_fn=BETH, gl_mbr_id_nbr=99034479101, gl_xref_type=, gl_xref_claim_nbr=, gl_xref_date=2026-02-10, gl_cash_rec_bal=-00000000000, gl_corp=01, gl_filler=)
2026-02-24 12:02:01 DEBUG com.abcbs.crrs.jobs.P09360.P09360FileWriter - Suppressing refundType in detail line for record on page 3: prevRefundType matches
2026-02-24 12:02:01 DEBUG com.abcbs.crrs.jobs.P09360.P09360FileWriter - Suppressing detail fields: controlDate, controlNbr, actCode, actDate, patient names for record
2026-02-24 12:02:01 DEBUG com.abcbs.crrs.jobs.P09360.P09360FileWriter - Detail line written for member 99034479101 (refundType=PER): $36.03-      02/10/26
2026-02-24 12:02:01 INFO  com.abcbs.crrs.jobs.P09360.P09360FileWriter - act amount:-36.03
2026-02-24 12:02:01 DEBUG com.abcbs.crrs.jobs.P09360.P09360FileWriter - Processing record: RefundType=PER, ControlDate=2025-04-09, ControlNbr=413, ActAmt=00000019967
2026-02-24 12:02:01 INFO  com.abcbs.crrs.jobs.P09360.P09360FileWriter - Full Record: P09GlDedsRecord(p09deds_julian=26042, p09deds_hhmmsss=0847249, filler=, gl_p09deds_id=04, gl_refund_type=PER, gl_control_date=2025-04-09, gl_control_nbr=413, gl_receipt_type=PA, gl_bank_acct_nbr=, gl_acct_nbr=280000000000, gl_act_code=FR, gl_act_amt=00000019967, gl_act_date=2026-02-11, gl_report_mo=02, gl_report_yr=26, gl_patient_ln=NADER, gl_patient_fn=ESAM, gl_mbr_id_nbr=YVK223W06889, gl_xref_type=, gl_xref_claim_nbr=, gl_xref_date=2026-02-10, gl_cash_rec_bal=-00000000000, gl_corp=01, gl_filler=)
2026-02-24 12:02:01 DEBUG com.abcbs.crrs.jobs.P09360.P09360FileWriter - Suppressing refundType in detail line for record on page 3: prevRefundType matches
2026-02-24 12:02:01 DEBUG com.abcbs.crrs.jobs.P09360.P09360FileWriter - Detail line written for member YVK223W06889 (refundType=PER): 04/09/25  413    NADER          ESAM         YVK223W06889  FR   02/11/26          $199.67      02/10/26
2026-02-24 12:02:01 INFO  com.abcbs.crrs.jobs.P09360.P09360FileWriter - act amount:199.67
2026-02-24 12:02:01 DEBUG com.abcbs.crrs.jobs.P09360.P09360FileWriter - Starting new page: 3
2026-02-24 12:02:01 DEBUG com.abcbs.crrs.jobs.P09360.P09360FileWriter - Processing record: RefundType=PER, ControlDate=2025-04-09, ControlNbr=413, ActAmt=-00000019967
2026-02-24 12:02:01 INFO  com.abcbs.crrs.jobs.P09360.P09360FileWriter - Full Record: P09GlDedsRecord(p09deds_julian=26042, p09deds_hhmmsss=0847249, filler=, gl_p09deds_id=04, gl_refund_type=PER, gl_control_date=2025-04-09, gl_control_nbr=413, gl_receipt_type=PA, gl_bank_acct_nbr=, gl_acct_nbr=279000000000, gl_act_code=FR, gl_act_amt=-00000019967, gl_act_date=2026-02-11, gl_report_mo=02, gl_report_yr=26, gl_patient_ln=NADER, gl_patient_fn=ESAM, gl_mbr_id_nbr=YVK223W06889, gl_xref_type=, gl_xref_claim_nbr=, gl_xref_date=2026-02-10, gl_cash_rec_bal=-00000000000, gl_corp=01, gl_filler=)
2026-02-24 12:02:01 DEBUG com.abcbs.crrs.jobs.P09360.P09360FileWriter - Suppressing detail fields: controlDate, controlNbr, actCode, actDate, patient names for record
2026-02-24 12:02:01 DEBUG com.abcbs.crrs.jobs.P09360.P09360FileWriter - Detail line written for member YVK223W06889 (refundType=PER): PER                                                                                     $199.67-      02/10/26
2026-02-24 12:02:01 INFO  com.abcbs.crrs.jobs.P09360.P09360FileWriter - act amount:-199.67
2026-02-24 12:02:01 DEBUG com.abcbs.crrs.jobs.P09360.P09360FileWriter - Processing record: RefundType=PER, ControlDate=2025-04-09, ControlNbr=437, ActAmt=00000004538
2026-02-24 12:02:01 INFO  com.abcbs.crrs.jobs.P09360.P09360FileWriter - Full Record: P09GlDedsRecord(p09deds_julian=26042, p09deds_hhmmsss=0847249, filler=, gl_p09deds_id=04, gl_refund_type=PER, gl_control_date=2025-04-09, gl_control_nbr=437, gl_receipt_type=PA, gl_bank_acct_nbr=, gl_acct_nbr=280000000000, gl_act_code=FR, gl_act_amt=00000004538, gl_act_date=2026-02-11, gl_report_mo=02, gl_report_yr=26, gl_patient_ln=PARAKS, gl_patient_fn=SHANTARIO, gl_mbr_id_nbr=TEA806475732, gl_xref_type=, gl_xref_claim_nbr=, gl_xref_date=2026-02-10, gl_cash_rec_bal=-00000000000, gl_corp=01, gl_filler=)
2026-02-24 12:02:01 DEBUG com.abcbs.crrs.jobs.P09360.P09360FileWriter - Suppressing refundType in detail line for record on page 4: prevRefundType matches
2026-02-24 12:02:01 DEBUG com.abcbs.crrs.jobs.P09360.P09360FileWriter - Detail line written for member TEA806475732 (refundType=PER): 04/09/25  437    PARAKS         SHANTARIO    TEA806475732  FR   02/11/26           $45.38      02/10/26
2026-02-24 12:02:01 INFO  com.abcbs.crrs.jobs.P09360.P09360FileWriter - act amount:45.38
2026-02-24 12:02:01 DEBUG com.abcbs.crrs.jobs.P09360.P09360FileWriter - Processing record: RefundType=PER, ControlDate=2025-04-09, ControlNbr=437, ActAmt=-00000004538
2026-02-24 12:02:01 INFO  com.abcbs.crrs.jobs.P09360.P09360FileWriter - Full Record: P09GlDedsRecord(p09deds_julian=26042, p09deds_hhmmsss=0847249, filler=, gl_p09deds_id=04, gl_refund_type=PER, gl_control_date=2025-04-09, gl_control_nbr=437, gl_receipt_type=PA, gl_bank_acct_nbr=, gl_acct_nbr=279000000000, gl_act_code=FR, gl_act_amt=-00000004538, gl_act_date=2026-02-11, gl_report_mo=02, gl_report_yr=26, gl_patient_ln=PARAKS, gl_patient_fn=SHANTARIO, gl_mbr_id_nbr=TEA806475732, gl_xref_type=, gl_xref_claim_nbr=, gl_xref_date=2026-02-10, gl_cash_rec_bal=-00000000000, gl_corp=01, gl_filler=)
2026-02-24 12:02:01 DEBUG com.abcbs.crrs.jobs.P09360.P09360FileWriter - Suppressing refundType in detail line for record on page 4: prevRefundType matches
2026-02-24 12:02:01 DEBUG com.abcbs.crrs.jobs.P09360.P09360FileWriter - Suppressing detail fields: controlDate, controlNbr, actCode, actDate, patient names for record
2026-02-24 12:02:01 DEBUG com.abcbs.crrs.jobs.P09360.P09360FileWriter - Detail line written for member TEA806475732 (refundType=PER): $45.38-      02/10/26
2026-02-24 12:02:01 INFO  com.abcbs.crrs.jobs.P09360.P09360FileWriter - act amount:-45.38
2026-02-24 12:02:01 DEBUG com.abcbs.crrs.jobs.P09360.P09360FileWriter - Processing record: RefundType=PER, ControlDate=2025-04-10, ControlNbr=403, ActAmt=00000002943
2026-02-24 12:02:01 INFO  com.abcbs.crrs.jobs.P09360.P09360FileWriter - Full Record: P09GlDedsRecord(p09deds_julian=26042, p09deds_hhmmsss=0847249, filler=, gl_p09deds_id=04, gl_refund_type=PER, gl_control_date=2025-04-10, gl_control_nbr=403, gl_receipt_type=PA, gl_bank_acct_nbr=, gl_acct_nbr=280000000000, gl_act_code=FR, gl_act_amt=00000002943, gl_act_date=2026-02-11, gl_report_mo=02, gl_report_yr=26, gl_patient_ln=FREEMAN, gl_patient_fn=RYAN, gl_mbr_id_nbr=ZFA132M87643, gl_xref_type=, gl_xref_claim_nbr=, gl_xref_date=2026-02-10, gl_cash_rec_bal=-00000000000, gl_corp=01, gl_filler=)
2026-02-24 12:02:01 DEBUG com.abcbs.crrs.jobs.P09360.P09360FileWriter - Suppressing refundType in detail line for record on page 4: prevRefundType matches
2026-02-24 12:02:01 DEBUG com.abcbs.crrs.jobs.P09360.P09360FileWriter - Detail line written for member ZFA132M87643 (refundType=PER): 04/10/25  403    FREEMAN        RYAN         ZFA132M87643  FR   02/11/26           $29.43      02/10/26
2026-02-24 12:02:01 INFO  com.abcbs.crrs.jobs.P09360.P09360FileWriter - act amount:29.43
2026-02-24 12:02:01 DEBUG com.abcbs.crrs.jobs.P09360.P09360FileWriter - Processing record: RefundType=PER, ControlDate=2025-04-10, ControlNbr=403, ActAmt=-00000002943
2026-02-24 12:02:01 INFO  com.abcbs.crrs.jobs.P09360.P09360FileWriter - Full Record: P09GlDedsRecord(p09deds_julian=26042, p09deds_hhmmsss=0847249, filler=, gl_p09deds_id=04, gl_refund_type=PER, gl_control_date=2025-04-10, gl_control_nbr=403, gl_receipt_type=PA, gl_bank_acct_nbr=, gl_acct_nbr=279000000000, gl_act_code=FR, gl_act_amt=-00000002943, gl_act_date=2026-02-11, gl_report_mo=02, gl_report_yr=26, gl_patient_ln=FREEMAN, gl_patient_fn=RYAN, gl_mbr_id_nbr=ZFA132M87643, gl_xref_type=, gl_xref_claim_nbr=, gl_xref_date=2026-02-10, gl_cash_rec_bal=-00000000000, gl_corp=01, gl_filler=)
2026-02-24 12:02:01 DEBUG com.abcbs.crrs.jobs.P09360.P09360FileWriter - Suppressing refundType in detail line for record on page 4: prevRefundType matches
2026-02-24 12:02:01 DEBUG com.abcbs.crrs.jobs.P09360.P09360FileWriter - Suppressing detail fields: controlDate, controlNbr, actCode, actDate, patient names for record
2026-02-24 12:02:01 DEBUG com.abcbs.crrs.jobs.P09360.P09360FileWriter - Detail line written for member ZFA132M87643 (refundType=PER): $29.43-      02/10/26
2026-02-24 12:02:01 INFO  com.abcbs.crrs.jobs.P09360.P09360FileWriter - act amount:-29.43
2026-02-24 12:02:01 DEBUG com.abcbs.crrs.jobs.P09360.P09360FileWriter - Processing record: RefundType=PER, ControlDate=2025-04-10, ControlNbr=405, ActAmt=00000042000
2026-02-24 12:02:01 INFO  com.abcbs.crrs.jobs.P09360.P09360FileWriter - Full Record: P09GlDedsRecord(p09deds_julian=26042, p09deds_hhmmsss=0847249, filler=, gl_p09deds_id=04, gl_refund_type=PER, gl_control_date=2025-04-10, gl_control_nbr=405, gl_receipt_type=PA, gl_bank_acct_nbr=, gl_acct_nbr=280000000000, gl_act_code=FR, gl_act_amt=00000042000, gl_act_date=2026-02-11, gl_report_mo=02, gl_report_yr=26, gl_patient_ln=STRAUB, gl_patient_fn=JACKIE, gl_mbr_id_nbr=D2R833852538, gl_xref_type=, gl_xref_claim_nbr=, gl_xref_date=2026-02-10, gl_cash_rec_bal=-00000000000, gl_corp=01, gl_filler=)
2026-02-24 12:02:01 DEBUG com.abcbs.crrs.jobs.P09360.P09360FileWriter - Suppressing refundType in detail line for record on page 4: prevRefundType matches
2026-02-24 12:02:01 DEBUG com.abcbs.crrs.jobs.P09360.P09360FileWriter - Detail line written for member D2R833852538 (refundType=PER): 04/10/25  405    STRAUB         JACKIE       D2R833852538  FR   02/11/26          $420.00      02/10/26
2026-02-24 12:02:01 INFO  com.abcbs.crrs.jobs.P09360.P09360FileWriter - act amount:420.00
2026-02-24 12:02:01 DEBUG com.abcbs.crrs.jobs.P09360.P09360FileWriter - Processing record: RefundType=PER, ControlDate=2025-04-10, ControlNbr=405, ActAmt=-00000042000
2026-02-24 12:02:01 INFO  com.abcbs.crrs.jobs.P09360.P09360FileWriter - Full Record: P09GlDedsRecord(p09deds_julian=26042, p09deds_hhmmsss=0847249, filler=, gl_p09deds_id=04, gl_refund_type=PER, gl_control_date=2025-04-10, gl_control_nbr=405, gl_receipt_type=PA, gl_bank_acct_nbr=, gl_acct_nbr=279000000000, gl_act_code=FR, gl_act_amt=-00000042000, gl_act_date=2026-02-11, gl_report_mo=02, gl_report_yr=26, gl_patient_ln=STRAUB, gl_patient_fn=JACKIE, gl_mbr_id_nbr=D2R833852538, gl_xref_type=, gl_xref_claim_nbr=, gl_xref_date=2026-02-10, gl_cash_rec_bal=-00000000000, gl_corp=01, gl_filler=)
2026-02-24 12:02:01 DEBUG com.abcbs.crrs.jobs.P09360.P09360FileWriter - Suppressing refundType in detail line for record on page 4: prevRefundType matches
2026-02-24 12:02:01 DEBUG com.abcbs.crrs.jobs.P09360.P09360FileWriter - Suppressing detail fields: controlDate, controlNbr, actCode, actDate, patient names for record
2026-02-24 12:02:01 DEBUG com.abcbs.crrs.jobs.P09360.P09360FileWriter - Detail line written for member D2R833852538 (refundType=PER): $420.00-      02/10/26
2026-02-24 12:02:01 INFO  com.abcbs.crrs.jobs.P09360.P09360FileWriter - act amount:-420.00
2026-02-24 12:02:01 DEBUG com.abcbs.crrs.jobs.P09360.P09360FileWriter - Processing record: RefundType=PER, ControlDate=2025-04-10, ControlNbr=417, ActAmt=00000004077
2026-02-24 12:02:01 INFO  com.abcbs.crrs.jobs.P09360.P09360FileWriter - Full Record: P09GlDedsRecord(p09deds_julian=26042, p09deds_hhmmsss=0847249, filler=, gl_p09deds_id=04, gl_refund_type=PER, gl_control_date=2025-04-10, gl_control_nbr=417, gl_receipt_type=PA, gl_bank_acct_nbr=, gl_acct_nbr=280000000000, gl_act_code=FR, gl_act_amt=00000004077, gl_act_date=2026-02-11, gl_report_mo=02, gl_report_yr=26, gl_patient_ln=HOOK, gl_patient_fn=JASON, gl_mbr_id_nbr=ZFB460W11704, gl_xref_type=, gl_xref_claim_nbr=, gl_xref_date=2026-02-10, gl_cash_rec_bal=-00000000000, gl_corp=01, gl_filler=)
2026-02-24 12:02:01 DEBUG com.abcbs.crrs.jobs.P09360.P09360FileWriter - Suppressing refundType in detail line for record on page 4: prevRefundType matches
2026-02-24 12:02:01 DEBUG com.abcbs.crrs.jobs.P09360.P09360FileWriter - Detail line written for member ZFB460W11704 (refundType=PER): 04/10/25  417    HOOK           JASON        ZFB460W11704  FR   02/11/26           $40.77      02/10/26
2026-02-24 12:02:01 INFO  com.abcbs.crrs.jobs.P09360.P09360FileWriter - act amount:40.77
2026-02-24 12:02:01 DEBUG com.abcbs.crrs.jobs.P09360.P09360FileWriter - Processing record: RefundType=PER, ControlDate=2025-04-10, ControlNbr=417, ActAmt=-00000004077
2026-02-24 12:02:01 INFO  com.abcbs.crrs.jobs.P09360.P09360FileWriter - Full Record: P09GlDedsRecord(p09deds_julian=26042, p09deds_hhmmsss=0847249, filler=, gl_p09deds_id=04, gl_refund_type=PER, gl_control_date=2025-04-10, gl_control_nbr=417, gl_receipt_type=PA, gl_bank_acct_nbr=, gl_acct_nbr=279000000000, gl_act_code=FR, gl_act_amt=-00000004077, gl_act_date=2026-02-11, gl_report_mo=02, gl_report_yr=26, gl_patient_ln=HOOK, gl_patient_fn=JASON, gl_mbr_id_nbr=ZFB460W11704, gl_xref_type=, gl_xref_claim_nbr=, gl_xref_date=2026-02-10, gl_cash_rec_bal=-00000000000, gl_corp=01, gl_filler=)
2026-02-24 12:02:01 DEBUG com.abcbs.crrs.jobs.P09360.P09360FileWriter - Suppressing refundType in detail line for record on page 4: prevRefundType matches
2026-02-24 12:02:01 DEBUG com.abcbs.crrs.jobs.P09360.P09360FileWriter - Suppressing detail fields: controlDate, controlNbr, actCode, actDate, patient names for record
2026-02-24 12:02:01 DEBUG com.abcbs.crrs.jobs.P09360.P09360FileWriter - Detail line written for member ZFB460W11704 (refundType=PER): $40.77-      02/10/26
2026-02-24 12:02:01 INFO  com.abcbs.crrs.jobs.P09360.P09360FileWriter - act amount:-40.77
2026-02-24 12:02:01 DEBUG com.abcbs.crrs.jobs.P09360.P09360FileWriter - Processing record: RefundType=PER, ControlDate=2025-04-10, ControlNbr=418, ActAmt=00000019690
2026-02-24 12:02:01 INFO  com.abcbs.crrs.jobs.P09360.P09360FileWriter - Full Record: P09GlDedsRecord(p09deds_julian=26042, p09deds_hhmmsss=0847249, filler=, gl_p09deds_id=04, gl_refund_type=PER, gl_control_date=2025-04-10, gl_control_nbr=418, gl_receipt_type=PA, gl_bank_acct_nbr=, gl_acct_nbr=280000000000, gl_act_code=FR, gl_act_amt=00000019690, gl_act_date=2026-02-11, gl_report_mo=02, gl_report_yr=26, gl_patient_ln=HOOK, gl_patient_fn=JASON, gl_mbr_id_nbr=ZFB460W11704, gl_xref_type=, gl_xref_claim_nbr=, gl_xref_date=2026-02-10, gl_cash_rec_bal=-00000000000, gl_corp=01, gl_filler=)
2026-02-24 12:02:01 DEBUG com.abcbs.crrs.jobs.P09360.P09360FileWriter - Suppressing refundType in detail line for record on page 4: prevRefundType matches
2026-02-24 12:02:01 DEBUG com.abcbs.crrs.jobs.P09360.P09360FileWriter - Detail line written for member ZFB460W11704 (refundType=PER): 04/10/25  418    HOOK           JASON        ZFB460W11704  FR   02/11/26          $196.90      02/10/26
2026-02-24 12:02:01 INFO  com.abcbs.crrs.jobs.P09360.P09360FileWriter - act amount:196.90
2026-02-24 12:02:01 DEBUG com.abcbs.crrs.jobs.P09360.P09360FileWriter - Processing record: RefundType=PER, ControlDate=2025-04-10, ControlNbr=418, ActAmt=-00000019690
2026-02-24 12:02:01 INFO  com.abcbs.crrs.jobs.P09360.P09360FileWriter - Full Record: P09GlDedsRecord(p09deds_julian=26042, p09deds_hhmmsss=0847249, filler=, gl_p09deds_id=04, gl_refund_type=PER, gl_control_date=2025-04-10, gl_control_nbr=418, gl_receipt_type=PA, gl_bank_acct_nbr=, gl_acct_nbr=279000000000, gl_act_code=FR, gl_act_amt=-00000019690, gl_act_date=2026-02-11, gl_report_mo=02, gl_report_yr=26, gl_patient_ln=HOOK, gl_patient_fn=JASON, gl_mbr_id_nbr=ZFB460W11704, gl_xref_type=, gl_xref_claim_nbr=, gl_xref_date=2026-02-10, gl_cash_rec_bal=-00000000000, gl_corp=01, gl_filler=)
2026-02-24 12:02:01 DEBUG com.abcbs.crrs.jobs.P09360.P09360FileWriter - Suppressing refundType in detail line for record on page 4: prevRefundType matches
2026-02-24 12:02:01 DEBUG com.abcbs.crrs.jobs.P09360.P09360FileWriter - Suppressing detail fields: controlDate, controlNbr, actCode, actDate, patient names for record
2026-02-24 12:02:01 DEBUG com.abcbs.crrs.jobs.P09360.P09360FileWriter - Detail line written for member ZFB460W11704 (refundType=PER): $196.90-      02/10/26
2026-02-24 12:02:01 INFO  com.abcbs.crrs.jobs.P09360.P09360FileWriter - act amount:-196.90
2026-02-24 12:02:01 DEBUG com.abcbs.crrs.jobs.P09360.P09360FileWriter - Processing record: RefundType=PER, ControlDate=2025-04-10, ControlNbr=419, ActAmt=00000011615
2026-02-24 12:02:01 INFO  com.abcbs.crrs.jobs.P09360.P09360FileWriter - Full Record: P09GlDedsRecord(p09deds_julian=26042, p09deds_hhmmsss=0847249, filler=, gl_p09deds_id=04, gl_refund_type=PER, gl_control_date=2025-04-10, gl_control_nbr=419, gl_receipt_type=PA, gl_bank_acct_nbr=, gl_acct_nbr=280000000000, gl_act_code=FR, gl_act_amt=00000011615, gl_act_date=2026-02-11, gl_report_mo=02, gl_report_yr=26, gl_patient_ln=MARTINEZ, gl_patient_fn=GIRALEYDE, gl_mbr_id_nbr=ZFA092W06664, gl_xref_type=, gl_xref_claim_nbr=, gl_xref_date=2026-02-10, gl_cash_rec_bal=-00000000000, gl_corp=01, gl_filler=)
2026-02-24 12:02:01 DEBUG com.abcbs.crrs.jobs.P09360.P09360FileWriter - Suppressing refundType in detail line for record on page 4: prevRefundType matches
2026-02-24 12:02:01 DEBUG com.abcbs.crrs.jobs.P09360.P09360FileWriter - Detail line written for member ZFA092W06664 (refundType=PER): 04/10/25  419    MARTINEZ       GIRALEYDE    ZFA092W06664  FR   02/11/26          $116.15      02/10/26
2026-02-24 12:02:01 INFO  com.abcbs.crrs.jobs.P09360.P09360FileWriter - act amount:116.15
2026-02-24 12:02:01 DEBUG com.abcbs.crrs.jobs.P09360.P09360FileWriter - Processing record: RefundType=PER, ControlDate=2025-04-10, ControlNbr=419, ActAmt=-00000011615
2026-02-24 12:02:01 INFO  com.abcbs.crrs.jobs.P09360.P09360FileWriter - Full Record: P09GlDedsRecord(p09deds_julian=26042, p09deds_hhmmsss=0847249, filler=, gl_p09deds_id=04, gl_refund_type=PER, gl_control_date=2025-04-10, gl_control_nbr=419, gl_receipt_type=PA, gl_bank_acct_nbr=, gl_acct_nbr=279000000000, gl_act_code=FR, gl_act_amt=-00000011615, gl_act_date=2026-02-11, gl_report_mo=02, gl_report_yr=26, gl_patient_ln=MARTINEZ, gl_patient_fn=GIRALEYDE, gl_mbr_id_nbr=ZFA092W06664, gl_xref_type=, gl_xref_claim_nbr=, gl_xref_date=2026-02-10, gl_cash_rec_bal=-00000000000, gl_corp=01, gl_filler=)
2026-02-24 12:02:01 DEBUG com.abcbs.crrs.jobs.P09360.P09360FileWriter - Suppressing refundType in detail line for record on page 4: prevRefundType matches
2026-02-24 12:02:01 DEBUG com.abcbs.crrs.jobs.P09360.P09360FileWriter - Suppressing detail fields: controlDate, controlNbr, actCode, actDate, patient names for record
2026-02-24 12:02:01 DEBUG com.abcbs.crrs.jobs.P09360.P09360FileWriter - Detail line written for member ZFA092W06664 (refundType=PER): $116.15-      02/10/26
2026-02-24 12:02:01 INFO  com.abcbs.crrs.jobs.P09360.P09360FileWriter - act amount:-116.15
2026-02-24 12:02:01 DEBUG com.abcbs.crrs.jobs.P09360.P09360FileWriter - Processing record: RefundType=PER, ControlDate=2025-04-10, ControlNbr=422, ActAmt=00000003258
2026-02-24 12:02:01 INFO  com.abcbs.crrs.jobs.P09360.P09360FileWriter - Full Record: P09GlDedsRecord(p09deds_julian=26042, p09deds_hhmmsss=0847249, filler=, gl_p09deds_id=04, gl_refund_type=PER, gl_control_date=2025-04-10, gl_control_nbr=422, gl_receipt_type=PA, gl_bank_acct_nbr=, gl_acct_nbr=280000000000, gl_act_code=FR, gl_act_amt=00000003258, gl_act_date=2026-02-11, gl_report_mo=02, gl_report_yr=26, gl_patient_ln=HILL, gl_patient_fn=KRISTI, gl_mbr_id_nbr=RRT210074445, gl_xref_type=, gl_xref_claim_nbr=, gl_xref_date=2026-02-10, gl_cash_rec_bal=-00000000000, gl_corp=01, gl_filler=)
2026-02-24 12:02:01 DEBUG com.abcbs.crrs.jobs.P09360.P09360FileWriter - Suppressing refundType in detail line for record on page 4: prevRefundType matches
2026-02-24 12:02:01 DEBUG com.abcbs.crrs.jobs.P09360.P09360FileWriter - Detail line written for member RRT210074445 (refundType=PER): 04/10/25  422    HILL           KRISTI       RRT210074445  FR   02/11/26           $32.58      02/10/26
2026-02-24 12:02:01 INFO  com.abcbs.crrs.jobs.P09360.P09360FileWriter - act amount:32.58
2026-02-24 12:02:01 DEBUG com.abcbs.crrs.jobs.P09360.P09360FileWriter - Processing record: RefundType=PER, ControlDate=2025-04-10, ControlNbr=422, ActAmt=-00000003258
2026-02-24 12:02:01 INFO  com.abcbs.crrs.jobs.P09360.P09360FileWriter - Full Record: P09GlDedsRecord(p09deds_julian=26042, p09deds_hhmmsss=0847249, filler=, gl_p09deds_id=04, gl_refund_type=PER, gl_control_date=2025-04-10, gl_control_nbr=422, gl_receipt_type=PA, gl_bank_acct_nbr=, gl_acct_nbr=279000000000, gl_act_code=FR, gl_act_amt=-00000003258, gl_act_date=2026-02-11, gl_report_mo=02, gl_report_yr=26, gl_patient_ln=HILL, gl_patient_fn=KRISTI, gl_mbr_id_nbr=RRT210074445, gl_xref_type=, gl_xref_claim_nbr=, gl_xref_date=2026-02-10, gl_cash_rec_bal=-00000000000, gl_corp=01, gl_filler=)
2026-02-24 12:02:01 DEBUG com.abcbs.crrs.jobs.P09360.P09360FileWriter - Suppressing refundType in detail line for record on page 4: prevRefundType matches
2026-02-24 12:02:01 DEBUG com.abcbs.crrs.jobs.P09360.P09360FileWriter - Suppressing detail fields: controlDate, controlNbr, actCode, actDate, patient names for record
2026-02-24 12:02:01 DEBUG com.abcbs.crrs.jobs.P09360.P09360FileWriter - Detail line written for member RRT210074445 (refundType=PER): $32.58-      02/10/26
2026-02-24 12:02:01 INFO  com.abcbs.crrs.jobs.P09360.P09360FileWriter - act amount:-32.58
2026-02-24 12:02:01 DEBUG com.abcbs.crrs.jobs.P09360.P09360FileWriter - Processing record: RefundType=PER, ControlDate=2025-04-10, ControlNbr=425, ActAmt=00000010000
2026-02-24 12:02:01 INFO  com.abcbs.crrs.jobs.P09360.P09360FileWriter - Full Record: P09GlDedsRecord(p09deds_julian=26042, p09deds_hhmmsss=0847249, filler=, gl_p09deds_id=04, gl_refund_type=PER, gl_control_date=2025-04-10, gl_control_nbr=425, gl_receipt_type=PA, gl_bank_acct_nbr=, gl_acct_nbr=280000000000, gl_act_code=FR, gl_act_amt=00000010000, gl_act_date=2026-02-11, gl_report_mo=02, gl_report_yr=26, gl_patient_ln=SNOW, gl_patient_fn=ALYSSA, gl_mbr_id_nbr=WEIW01207646, gl_xref_type=, gl_xref_claim_nbr=, gl_xref_date=2026-02-10, gl_cash_rec_bal=-00000000000, gl_corp=01, gl_filler=)
2026-02-24 12:02:01 DEBUG com.abcbs.crrs.jobs.P09360.P09360FileWriter - Suppressing refundType in detail line for record on page 4: prevRefundType matches
2026-02-24 12:02:01 DEBUG com.abcbs.crrs.jobs.P09360.P09360FileWriter - Detail line written for member WEIW01207646 (refundType=PER): 04/10/25  425    SNOW           ALYSSA       WEIW01207646  FR   02/11/26          $100.00      02/10/26
2026-02-24 12:02:01 INFO  com.abcbs.crrs.jobs.P09360.P09360FileWriter - act amount:100.00
2026-02-24 12:02:01 DEBUG com.abcbs.crrs.jobs.P09360.P09360FileWriter - Processing record: RefundType=PER, ControlDate=2025-04-10, ControlNbr=425, ActAmt=-00000010000
2026-02-24 12:02:01 INFO  com.abcbs.crrs.jobs.P09360.P09360FileWriter - Full Record: P09GlDedsRecord(p09deds_julian=26042, p09deds_hhmmsss=0847249, filler=, gl_p09deds_id=04, gl_refund_type=PER, gl_control_date=2025-04-10, gl_control_nbr=425, gl_receipt_type=PA, gl_bank_acct_nbr=, gl_acct_nbr=279000000000, gl_act_code=FR, gl_act_amt=-00000010000, gl_act_date=2026-02-11, gl_report_mo=02, gl_report_yr=26, gl_patient_ln=SNOW, gl_patient_fn=ALYSSA, gl_mbr_id_nbr=WEIW01207646, gl_xref_type=, gl_xref_claim_nbr=, gl_xref_date=2026-02-10, gl_cash_rec_bal=-00000000000, gl_corp=01, gl_filler=)
2026-02-24 12:02:01 DEBUG com.abcbs.crrs.jobs.P09360.P09360FileWriter - Suppressing refundType in detail line for record on page 4: prevRefundType matches
2026-02-24 12:02:01 DEBUG com.abcbs.crrs.jobs.P09360.P09360FileWriter - Suppressing detail fields: controlDate, controlNbr, actCode, actDate, patient names for record
2026-02-24 12:02:01 DEBUG com.abcbs.crrs.jobs.P09360.P09360FileWriter - Detail line written for member WEIW01207646 (refundType=PER): $100.00-      02/10/26
2026-02-24 12:02:01 INFO  com.abcbs.crrs.jobs.P09360.P09360FileWriter - act amount:-100.00
2026-02-24 12:02:01 DEBUG com.abcbs.crrs.jobs.P09360.P09360FileWriter - Processing record: RefundType=PER, ControlDate=2025-04-10, ControlNbr=427, ActAmt=00000010000
2026-02-24 12:02:01 INFO  com.abcbs.crrs.jobs.P09360.P09360FileWriter - Full Record: P09GlDedsRecord(p09deds_julian=26042, p09deds_hhmmsss=0847249, filler=, gl_p09deds_id=04, gl_refund_type=PER, gl_control_date=2025-04-10, gl_control_nbr=427, gl_receipt_type=PA, gl_bank_acct_nbr=, gl_acct_nbr=280000000000, gl_act_code=FR, gl_act_amt=00000010000, gl_act_date=2026-02-11, gl_report_mo=02, gl_report_yr=26, gl_patient_ln=SNOW, gl_patient_fn=ALYSSA, gl_mbr_id_nbr=WEIW01207646, gl_xref_type=, gl_xref_claim_nbr=, gl_xref_date=2026-02-10, gl_cash_rec_bal=-00000000000, gl_corp=01, gl_filler=)
2026-02-24 12:02:01 DEBUG com.abcbs.crrs.jobs.P09360.P09360FileWriter - Suppressing refundType in detail line for record on page 4: prevRefundType matches
2026-02-24 12:02:01 DEBUG com.abcbs.crrs.jobs.P09360.P09360FileWriter - Detail line written for member WEIW01207646 (refundType=PER): 04/10/25  427    SNOW           ALYSSA       WEIW01207646  FR   02/11/26          $100.00      02/10/26
2026-02-24 12:02:01 INFO  com.abcbs.crrs.jobs.P09360.P09360FileWriter - act amount:100.00
2026-02-24 12:02:01 DEBUG com.abcbs.crrs.jobs.P09360.P09360FileWriter - Processing record: RefundType=PER, ControlDate=2025-04-10, ControlNbr=427, ActAmt=-00000010000
2026-02-24 12:02:01 INFO  com.abcbs.crrs.jobs.P09360.P09360FileWriter - Full Record: P09GlDedsRecord(p09deds_julian=26042, p09deds_hhmmsss=0847249, filler=, gl_p09deds_id=04, gl_refund_type=PER, gl_control_date=2025-04-10, gl_control_nbr=427, gl_receipt_type=PA, gl_bank_acct_nbr=, gl_acct_nbr=279000000000, gl_act_code=FR, gl_act_amt=-00000010000, gl_act_date=2026-02-11, gl_report_mo=02, gl_report_yr=26, gl_patient_ln=SNOW, gl_patient_fn=ALYSSA, gl_mbr_id_nbr=WEIW01207646, gl_xref_type=, gl_xref_claim_nbr=, gl_xref_date=2026-02-10, gl_cash_rec_bal=-00000000000, gl_corp=01, gl_filler=)
2026-02-24 12:02:01 DEBUG com.abcbs.crrs.jobs.P09360.P09360FileWriter - Suppressing refundType in detail line for record on page 4: prevRefundType matches
2026-02-24 12:02:01 DEBUG com.abcbs.crrs.jobs.P09360.P09360FileWriter - Suppressing detail fields: controlDate, controlNbr, actCode, actDate, patient names for record
2026-02-24 12:02:01 DEBUG com.abcbs.crrs.jobs.P09360.P09360FileWriter - Detail line written for member WEIW01207646 (refundType=PER): $100.00-      02/10/26
2026-02-24 12:02:01 INFO  com.abcbs.crrs.jobs.P09360.P09360FileWriter - act amount:-100.00
2026-02-24 12:02:01 DEBUG com.abcbs.crrs.jobs.P09360.P09360FileWriter - Processing record: RefundType=PER, ControlDate=2025-04-11, ControlNbr=401, ActAmt=00000018225
2026-02-24 12:02:01 INFO  com.abcbs.crrs.jobs.P09360.P09360FileWriter - Full Record: P09GlDedsRecord(p09deds_julian=26042, p09deds_hhmmsss=0847249, filler=, gl_p09deds_id=04, gl_refund_type=PER, gl_control_date=2025-04-11, gl_control_nbr=401, gl_receipt_type=PA, gl_bank_acct_nbr=, gl_acct_nbr=280000000000, gl_act_code=FR, gl_act_amt=00000018225, gl_act_date=2026-02-11, gl_report_mo=02, gl_report_yr=26, gl_patient_ln=THIBODEAUX, gl_patient_fn=JASON, gl_mbr_id_nbr=PDB822656081, gl_xref_type=, gl_xref_claim_nbr=, gl_xref_date=2026-02-10, gl_cash_rec_bal=-00000000000, gl_corp=01, gl_filler=)
2026-02-24 12:02:01 DEBUG com.abcbs.crrs.jobs.P09360.P09360FileWriter - Suppressing refundType in detail line for record on page 4: prevRefundType matches
2026-02-24 12:02:01 DEBUG com.abcbs.crrs.jobs.P09360.P09360FileWriter - Detail line written for member PDB822656081 (refundType=PER): 04/11/25  401    THIBODEAUX     JASON        PDB822656081  FR   02/11/26          $182.25      02/10/26
2026-02-24 12:02:01 INFO  com.abcbs.crrs.jobs.P09360.P09360FileWriter - act amount:182.25
2026-02-24 12:02:01 DEBUG com.abcbs.crrs.jobs.P09360.P09360FileWriter - Processing record: RefundType=PER, ControlDate=2025-04-11, ControlNbr=401, ActAmt=-00000018225
2026-02-24 12:02:01 INFO  com.abcbs.crrs.jobs.P09360.P09360FileWriter - Full Record: P09GlDedsRecord(p09deds_julian=26042, p09deds_hhmmsss=0847249, filler=, gl_p09deds_id=04, gl_refund_type=PER, gl_control_date=2025-04-11, gl_control_nbr=401, gl_receipt_type=PA, gl_bank_acct_nbr=, gl_acct_nbr=279000000000, gl_act_code=FR, gl_act_amt=-00000018225, gl_act_date=2026-02-11, gl_report_mo=02, gl_report_yr=26, gl_patient_ln=THIBODEAUX, gl_patient_fn=JASON, gl_mbr_id_nbr=PDB822656081, gl_xref_type=, gl_xref_claim_nbr=, gl_xref_date=2026-02-10, gl_cash_rec_bal=-00000000000, gl_corp=01, gl_filler=)
2026-02-24 12:02:01 DEBUG com.abcbs.crrs.jobs.P09360.P09360FileWriter - Suppressing refundType in detail line for record on page 4: prevRefundType matches
2026-02-24 12:02:01 DEBUG com.abcbs.crrs.jobs.P09360.P09360FileWriter - Suppressing detail fields: controlDate, controlNbr, actCode, actDate, patient names for record
2026-02-24 12:02:01 DEBUG com.abcbs.crrs.jobs.P09360.P09360FileWriter - Detail line written for member PDB822656081 (refundType=PER): $182.25-      02/10/26
2026-02-24 12:02:01 INFO  com.abcbs.crrs.jobs.P09360.P09360FileWriter - act amount:-182.25
2026-02-24 12:02:01 DEBUG com.abcbs.crrs.jobs.P09360.P09360FileWriter - Processing record: RefundType=PER, ControlDate=2025-04-11, ControlNbr=423A, ActAmt=00000013368
2026-02-24 12:02:01 INFO  com.abcbs.crrs.jobs.P09360.P09360FileWriter - Full Record: P09GlDedsRecord(p09deds_julian=26042, p09deds_hhmmsss=0847249, filler=, gl_p09deds_id=04, gl_refund_type=PER, gl_control_date=2025-04-11, gl_control_nbr=423A, gl_receipt_type=PA, gl_bank_acct_nbr=, gl_acct_nbr=280000000000, gl_act_code=FR, gl_act_amt=00000013368, gl_act_date=2026-02-11, gl_report_mo=02, gl_report_yr=26, gl_patient_ln=MELTON, gl_patient_fn=BILLIE, gl_mbr_id_nbr=XAA829944105, gl_xref_type=, gl_xref_claim_nbr=, gl_xref_date=2026-02-10, gl_cash_rec_bal=-00000000000, gl_corp=01, gl_filler=)
2026-02-24 12:02:01 DEBUG com.abcbs.crrs.jobs.P09360.P09360FileWriter - Suppressing refundType in detail line for record on page 4: prevRefundType matches
2026-02-24 12:02:01 DEBUG com.abcbs.crrs.jobs.P09360.P09360FileWriter - Detail line written for member XAA829944105 (refundType=PER): 04/11/25  423A   MELTON         BILLIE       XAA829944105  FR   02/11/26          $133.68      02/10/26
2026-02-24 12:02:01 INFO  com.abcbs.crrs.jobs.P09360.P09360FileWriter - act amount:133.68
2026-02-24 12:02:01 DEBUG com.abcbs.crrs.jobs.P09360.P09360FileWriter - Processing record: RefundType=PER, ControlDate=2025-04-11, ControlNbr=423A, ActAmt=-00000013368
2026-02-24 12:02:01 INFO  com.abcbs.crrs.jobs.P09360.P09360FileWriter - Full Record: P09GlDedsRecord(p09deds_julian=26042, p09deds_hhmmsss=0847249, filler=, gl_p09deds_id=04, gl_refund_type=PER, gl_control_date=2025-04-11, gl_control_nbr=423A, gl_receipt_type=PA, gl_bank_acct_nbr=, gl_acct_nbr=279000000000, gl_act_code=FR, gl_act_amt=-00000013368, gl_act_date=2026-02-11, gl_report_mo=02, gl_report_yr=26, gl_patient_ln=MELTON, gl_patient_fn=BILLIE, gl_mbr_id_nbr=XAA829944105, gl_xref_type=, gl_xref_claim_nbr=, gl_xref_date=2026-02-10, gl_cash_rec_bal=-00000000000, gl_corp=01, gl_filler=)
2026-02-24 12:02:01 DEBUG com.abcbs.crrs.jobs.P09360.P09360FileWriter - Suppressing refundType in detail line for record on page 4: prevRefundType matches
2026-02-24 12:02:01 DEBUG com.abcbs.crrs.jobs.P09360.P09360FileWriter - Suppressing detail fields: controlDate, controlNbr, actCode, actDate, patient names for record
2026-02-24 12:02:01 DEBUG com.abcbs.crrs.jobs.P09360.P09360FileWriter - Detail line written for member XAA829944105 (refundType=PER): $133.68-      02/10/26
2026-02-24 12:02:01 INFO  com.abcbs.crrs.jobs.P09360.P09360FileWriter - act amount:-133.68
2026-02-24 12:02:01 DEBUG com.abcbs.crrs.jobs.P09360.P09360FileWriter - Processing record: RefundType=PER, ControlDate=2025-04-11, ControlNbr=423B, ActAmt=00000003787
2026-02-24 12:02:01 INFO  com.abcbs.crrs.jobs.P09360.P09360FileWriter - Full Record: P09GlDedsRecord(p09deds_julian=26042, p09deds_hhmmsss=0847249, filler=, gl_p09deds_id=04, gl_refund_type=PER, gl_control_date=2025-04-11, gl_control_nbr=423B, gl_receipt_type=PA, gl_bank_acct_nbr=, gl_acct_nbr=280000000000, gl_act_code=FR, gl_act_amt=00000003787, gl_act_date=2026-02-11, gl_report_mo=02, gl_report_yr=26, gl_patient_ln=MCADAMS, gl_patient_fn=ARDITH, gl_mbr_id_nbr=XAA813281401, gl_xref_type=, gl_xref_claim_nbr=, gl_xref_date=2026-02-10, gl_cash_rec_bal=-00000000000, gl_corp=01, gl_filler=)
2026-02-24 12:02:01 DEBUG com.abcbs.crrs.jobs.P09360.P09360FileWriter - Suppressing refundType in detail line for record on page 4: prevRefundType matches
2026-02-24 12:02:01 DEBUG com.abcbs.crrs.jobs.P09360.P09360FileWriter - Detail line written for member XAA813281401 (refundType=PER): 04/11/25  423B   MCADAMS        ARDITH       XAA813281401  FR   02/11/26           $37.87      02/10/26
2026-02-24 12:02:01 INFO  com.abcbs.crrs.jobs.P09360.P09360FileWriter - act amount:37.87
2026-02-24 12:02:01 DEBUG com.abcbs.crrs.jobs.P09360.P09360FileWriter - Processing record: RefundType=PER, ControlDate=2025-04-11, ControlNbr=423B, ActAmt=-00000003787
2026-02-24 12:02:01 INFO  com.abcbs.crrs.jobs.P09360.P09360FileWriter - Full Record: P09GlDedsRecord(p09deds_julian=26042, p09deds_hhmmsss=0847249, filler=, gl_p09deds_id=04, gl_refund_type=PER, gl_control_date=2025-04-11, gl_control_nbr=423B, gl_receipt_type=PA, gl_bank_acct_nbr=, gl_acct_nbr=279000000000, gl_act_code=FR, gl_act_amt=-00000003787, gl_act_date=2026-02-11, gl_report_mo=02, gl_report_yr=26, gl_patient_ln=MCADAMS, gl_patient_fn=ARDITH, gl_mbr_id_nbr=XAA813281401, gl_xref_type=, gl_xref_claim_nbr=, gl_xref_date=2026-02-10, gl_cash_rec_bal=-00000000000, gl_corp=01, gl_filler=)
2026-02-24 12:02:01 DEBUG com.abcbs.crrs.jobs.P09360.P09360FileWriter - Suppressing refundType in detail line for record on page 4: prevRefundType matches
2026-02-24 12:02:01 DEBUG com.abcbs.crrs.jobs.P09360.P09360FileWriter - Suppressing detail fields: controlDate, controlNbr, actCode, actDate, patient names for record
2026-02-24 12:02:01 DEBUG com.abcbs.crrs.jobs.P09360.P09360FileWriter - Detail line written for member XAA813281401 (refundType=PER): $37.87-      02/10/26
2026-02-24 12:02:01 INFO  com.abcbs.crrs.jobs.P09360.P09360FileWriter - act amount:-37.87
2026-02-24 12:02:01 DEBUG com.abcbs.crrs.jobs.P09360.P09360FileWriter - Processing record: RefundType=PER, ControlDate=2025-04-11, ControlNbr=423C, ActAmt=00000001945
2026-02-24 12:02:01 INFO  com.abcbs.crrs.jobs.P09360.P09360FileWriter - Full Record: P09GlDedsRecord(p09deds_julian=26042, p09deds_hhmmsss=0847249, filler=, gl_p09deds_id=04, gl_refund_type=PER, gl_control_date=2025-04-11, gl_control_nbr=423C, gl_receipt_type=PA, gl_bank_acct_nbr=, gl_acct_nbr=280000000000, gl_act_code=FR, gl_act_amt=00000001945, gl_act_date=2026-02-11, gl_report_mo=02, gl_report_yr=26, gl_patient_ln=WHEELER, gl_patient_fn=JEARY, gl_mbr_id_nbr=XAA817839311, gl_xref_type=, gl_xref_claim_nbr=, gl_xref_date=2026-02-10, gl_cash_rec_bal=-00000000000, gl_corp=01, gl_filler=)
2026-02-24 12:02:01 DEBUG com.abcbs.crrs.jobs.P09360.P09360FileWriter - Suppressing refundType in detail line for record on page 4: prevRefundType matches
2026-02-24 12:02:01 DEBUG com.abcbs.crrs.jobs.P09360.P09360FileWriter - Detail line written for member XAA817839311 (refundType=PER): 04/11/25  423C   WHEELER        JEARY        XAA817839311  FR   02/11/26           $19.45      02/10/26
2026-02-24 12:02:01 INFO  com.abcbs.crrs.jobs.P09360.P09360FileWriter - act amount:19.45
2026-02-24 12:02:01 DEBUG com.abcbs.crrs.jobs.P09360.P09360FileWriter - Processing record: RefundType=PER, ControlDate=2025-04-11, ControlNbr=423C, ActAmt=-00000001945
2026-02-24 12:02:01 INFO  com.abcbs.crrs.jobs.P09360.P09360FileWriter - Full Record: P09GlDedsRecord(p09deds_julian=26042, p09deds_hhmmsss=0847249, filler=, gl_p09deds_id=04, gl_refund_type=PER, gl_control_date=2025-04-11, gl_control_nbr=423C, gl_receipt_type=PA, gl_bank_acct_nbr=, gl_acct_nbr=279000000000, gl_act_code=FR, gl_act_amt=-00000001945, gl_act_date=2026-02-11, gl_report_mo=02, gl_report_yr=26, gl_patient_ln=WHEELER, gl_patient_fn=JEARY, gl_mbr_id_nbr=XAA817839311, gl_xref_type=, gl_xref_claim_nbr=, gl_xref_date=2026-02-10, gl_cash_rec_bal=-00000000000, gl_corp=01, gl_filler=)
2026-02-24 12:02:01 DEBUG com.abcbs.crrs.jobs.P09360.P09360FileWriter - Suppressing refundType in detail line for record on page 4: prevRefundType matches
2026-02-24 12:02:01 DEBUG com.abcbs.crrs.jobs.P09360.P09360FileWriter - Suppressing detail fields: controlDate, controlNbr, actCode, actDate, patient names for record
2026-02-24 12:02:01 DEBUG com.abcbs.crrs.jobs.P09360.P09360FileWriter - Detail line written for member XAA817839311 (refundType=PER): $19.45-      02/10/26
2026-02-24 12:02:01 INFO  com.abcbs.crrs.jobs.P09360.P09360FileWriter - act amount:-19.45
2026-02-24 12:02:01 DEBUG com.abcbs.crrs.jobs.P09360.P09360FileWriter - Processing record: RefundType=PER, ControlDate=2025-04-11, ControlNbr=423D, ActAmt=00000002601
2026-02-24 12:02:01 INFO  com.abcbs.crrs.jobs.P09360.P09360FileWriter - Full Record: P09GlDedsRecord(p09deds_julian=26042, p09deds_hhmmsss=0847249, filler=, gl_p09deds_id=04, gl_refund_type=PER, gl_control_date=2025-04-11, gl_control_nbr=423D, gl_receipt_type=PA, gl_bank_acct_nbr=, gl_acct_nbr=280000000000, gl_act_code=FR, gl_act_amt=00000002601, gl_act_date=2026-02-11, gl_report_mo=02, gl_report_yr=26, gl_patient_ln=ABNER, gl_patient_fn=ALMA, gl_mbr_id_nbr=XAA857149478, gl_xref_type=, gl_xref_claim_nbr=, gl_xref_date=2026-02-10, gl_cash_rec_bal=-00000000000, gl_corp=01, gl_filler=)
2026-02-24 12:02:01 DEBUG com.abcbs.crrs.jobs.P09360.P09360FileWriter - Suppressing refundType in detail line for record on page 4: prevRefundType matches
2026-02-24 12:02:01 DEBUG com.abcbs.crrs.jobs.P09360.P09360FileWriter - Detail line written for member XAA857149478 (refundType=PER): 04/11/25  423D   ABNER          ALMA         XAA857149478  FR   02/11/26           $26.01      02/10/26
2026-02-24 12:02:01 INFO  com.abcbs.crrs.jobs.P09360.P09360FileWriter - act amount:26.01
2026-02-24 12:02:01 DEBUG com.abcbs.crrs.jobs.P09360.P09360FileWriter - Processing record: RefundType=PER, ControlDate=2025-04-11, ControlNbr=423D, ActAmt=-00000002601
2026-02-24 12:02:01 INFO  com.abcbs.crrs.jobs.P09360.P09360FileWriter - Full Record: P09GlDedsRecord(p09deds_julian=26042, p09deds_hhmmsss=0847249, filler=, gl_p09deds_id=04, gl_refund_type=PER, gl_control_date=2025-04-11, gl_control_nbr=423D, gl_receipt_type=PA, gl_bank_acct_nbr=, gl_acct_nbr=279000000000, gl_act_code=FR, gl_act_amt=-00000002601, gl_act_date=2026-02-11, gl_report_mo=02, gl_report_yr=26, gl_patient_ln=ABNER, gl_patient_fn=ALMA, gl_mbr_id_nbr=XAA857149478, gl_xref_type=, gl_xref_claim_nbr=, gl_xref_date=2026-02-10, gl_cash_rec_bal=-00000000000, gl_corp=01, gl_filler=)
2026-02-24 12:02:01 DEBUG com.abcbs.crrs.jobs.P09360.P09360FileWriter - Suppressing refundType in detail line for record on page 4: prevRefundType matches
2026-02-24 12:02:01 DEBUG com.abcbs.crrs.jobs.P09360.P09360FileWriter - Suppressing detail fields: controlDate, controlNbr, actCode, actDate, patient names for record
2026-02-24 12:02:01 DEBUG com.abcbs.crrs.jobs.P09360.P09360FileWriter - Detail line written for member XAA857149478 (refundType=PER): $26.01-      02/10/26
2026-02-24 12:02:01 INFO  com.abcbs.crrs.jobs.P09360.P09360FileWriter - act amount:-26.01
2026-02-24 12:02:01 DEBUG com.abcbs.crrs.jobs.P09360.P09360FileWriter - Processing record: RefundType=PER, ControlDate=2025-04-11, ControlNbr=423E, ActAmt=00000017572
2026-02-24 12:02:01 INFO  com.abcbs.crrs.jobs.P09360.P09360FileWriter - Full Record: P09GlDedsRecord(p09deds_julian=26042, p09deds_hhmmsss=0847249, filler=, gl_p09deds_id=04, gl_refund_type=PER, gl_control_date=2025-04-11, gl_control_nbr=423E, gl_receipt_type=PA, gl_bank_acct_nbr=, gl_acct_nbr=280000000000, gl_act_code=FR, gl_act_amt=00000017572, gl_act_date=2026-02-11, gl_report_mo=02, gl_report_yr=26, gl_patient_ln=PRESSER, gl_patient_fn=MELVIN, gl_mbr_id_nbr=XAA817499265, gl_xref_type=, gl_xref_claim_nbr=, gl_xref_date=2026-02-10, gl_cash_rec_bal=-00000000000, gl_corp=01, gl_filler=)
2026-02-24 12:02:01 DEBUG com.abcbs.crrs.jobs.P09360.P09360FileWriter - Suppressing refundType in detail line for record on page 4: prevRefundType matches
2026-02-24 12:02:01 DEBUG com.abcbs.crrs.jobs.P09360.P09360FileWriter - Detail line written for member XAA817499265 (refundType=PER): 04/11/25  423E   PRESSER        MELVIN       XAA817499265  FR   02/11/26          $175.72      02/10/26
2026-02-24 12:02:01 INFO  com.abcbs.crrs.jobs.P09360.P09360FileWriter - act amount:175.72
2026-02-24 12:02:01 DEBUG com.abcbs.crrs.jobs.P09360.P09360FileWriter - Processing record: RefundType=PER, ControlDate=2025-04-11, ControlNbr=423E, ActAmt=-00000017572
2026-02-24 12:02:01 INFO  com.abcbs.crrs.jobs.P09360.P09360FileWriter - Full Record: P09GlDedsRecord(p09deds_julian=26042, p09deds_hhmmsss=0847249, filler=, gl_p09deds_id=04, gl_refund_type=PER, gl_control_date=2025-04-11, gl_control_nbr=423E, gl_receipt_type=PA, gl_bank_acct_nbr=, gl_acct_nbr=279000000000, gl_act_code=FR, gl_act_amt=-00000017572, gl_act_date=2026-02-11, gl_report_mo=02, gl_report_yr=26, gl_patient_ln=PRESSER, gl_patient_fn=MELVIN, gl_mbr_id_nbr=XAA817499265, gl_xref_type=, gl_xref_claim_nbr=, gl_xref_date=2026-02-10, gl_cash_rec_bal=-00000000000, gl_corp=01, gl_filler=)
2026-02-24 12:02:01 DEBUG com.abcbs.crrs.jobs.P09360.P09360FileWriter - Suppressing refundType in detail line for record on page 4: prevRefundType matches
2026-02-24 12:02:01 DEBUG com.abcbs.crrs.jobs.P09360.P09360FileWriter - Suppressing detail fields: controlDate, controlNbr, actCode, actDate, patient names for record
2026-02-24 12:02:01 DEBUG com.abcbs.crrs.jobs.P09360.P09360FileWriter - Detail line written for member XAA817499265 (refundType=PER): $175.72-      02/10/26
2026-02-24 12:02:01 INFO  com.abcbs.crrs.jobs.P09360.P09360FileWriter - act amount:-175.72
2026-02-24 12:02:01 DEBUG com.abcbs.crrs.jobs.P09360.P09360FileWriter - Processing record: RefundType=PER, ControlDate=2025-04-11, ControlNbr=423F, ActAmt=00000006689
2026-02-24 12:02:01 INFO  com.abcbs.crrs.jobs.P09360.P09360FileWriter - Full Record: P09GlDedsRecord(p09deds_julian=26042, p09deds_hhmmsss=0847249, filler=, gl_p09deds_id=04, gl_refund_type=PER, gl_control_date=2025-04-11, gl_control_nbr=423F, gl_receipt_type=PA, gl_bank_acct_nbr=, gl_acct_nbr=280000000000, gl_act_code=FR, gl_act_amt=00000006689, gl_act_date=2026-02-11, gl_report_mo=02, gl_report_yr=26, gl_patient_ln=WOOD, gl_patient_fn=BETTY, gl_mbr_id_nbr=XAA826319641, gl_xref_type=, gl_xref_claim_nbr=, gl_xref_date=2026-02-10, gl_cash_rec_bal=-00000000000, gl_corp=01, gl_filler=)
2026-02-24 12:02:01 DEBUG com.abcbs.crrs.jobs.P09360.P09360FileWriter - Suppressing refundType in detail line for record on page 4: prevRefundType matches
2026-02-24 12:02:01 DEBUG com.abcbs.crrs.jobs.P09360.P09360FileWriter - Detail line written for member XAA826319641 (refundType=PER): 04/11/25  423F   WOOD           BETTY        XAA826319641  FR   02/11/26           $66.89      02/10/26
2026-02-24 12:02:01 INFO  com.abcbs.crrs.jobs.P09360.P09360FileWriter - act amount:66.89
2026-02-24 12:02:01 DEBUG com.abcbs.crrs.jobs.P09360.P09360FileWriter - Processing record: RefundType=PER, ControlDate=2025-04-11, ControlNbr=423F, ActAmt=-00000006689
2026-02-24 12:02:01 INFO  com.abcbs.crrs.jobs.P09360.P09360FileWriter - Full Record: P09GlDedsRecord(p09deds_julian=26042, p09deds_hhmmsss=0847249, filler=, gl_p09deds_id=04, gl_refund_type=PER, gl_control_date=2025-04-11, gl_control_nbr=423F, gl_receipt_type=PA, gl_bank_acct_nbr=, gl_acct_nbr=279000000000, gl_act_code=FR, gl_act_amt=-00000006689, gl_act_date=2026-02-11, gl_report_mo=02, gl_report_yr=26, gl_patient_ln=WOOD, gl_patient_fn=BETTY, gl_mbr_id_nbr=XAA826319641, gl_xref_type=, gl_xref_claim_nbr=, gl_xref_date=2026-02-10, gl_cash_rec_bal=-00000000000, gl_corp=01, gl_filler=)
2026-02-24 12:02:01 DEBUG com.abcbs.crrs.jobs.P09360.P09360FileWriter - Suppressing refundType in detail line for record on page 4: prevRefundType matches
2026-02-24 12:02:01 DEBUG com.abcbs.crrs.jobs.P09360.P09360FileWriter - Suppressing detail fields: controlDate, controlNbr, actCode, actDate, patient names for record
2026-02-24 12:02:01 DEBUG com.abcbs.crrs.jobs.P09360.P09360FileWriter - Detail line written for member XAA826319641 (refundType=PER): $66.89-      02/10/26
2026-02-24 12:02:01 INFO  com.abcbs.crrs.jobs.P09360.P09360FileWriter - act amount:-66.89
2026-02-24 12:02:01 DEBUG com.abcbs.crrs.jobs.P09360.P09360FileWriter - Processing record: RefundType=PER, ControlDate=2025-04-14, ControlNbr=410, ActAmt=00000001200
2026-02-24 12:02:01 INFO  com.abcbs.crrs.jobs.P09360.P09360FileWriter - Full Record: P09GlDedsRecord(p09deds_julian=26042, p09deds_hhmmsss=0847249, filler=, gl_p09deds_id=04, gl_refund_type=PER, gl_control_date=2025-04-14, gl_control_nbr=410, gl_receipt_type=PA, gl_bank_acct_nbr=, gl_acct_nbr=280000000000, gl_act_code=FR, gl_act_amt=00000001200, gl_act_date=2026-02-11, gl_report_mo=02, gl_report_yr=26, gl_patient_ln=DAVIS, gl_patient_fn=REBECCA, gl_mbr_id_nbr=SVR868929253, gl_xref_type=, gl_xref_claim_nbr=, gl_xref_date=2026-02-10, gl_cash_rec_bal=-00000000000, gl_corp=01, gl_filler=)
2026-02-24 12:02:01 DEBUG com.abcbs.crrs.jobs.P09360.P09360FileWriter - Suppressing refundType in detail line for record on page 4: prevRefundType matches
2026-02-24 12:02:01 DEBUG com.abcbs.crrs.jobs.P09360.P09360FileWriter - Detail line written for member SVR868929253 (refundType=PER): 04/14/25  410    DAVIS          REBECCA      SVR868929253  FR   02/11/26           $12.00      02/10/26
2026-02-24 12:02:01 INFO  com.abcbs.crrs.jobs.P09360.P09360FileWriter - act amount:12.00
2026-02-24 12:02:01 DEBUG com.abcbs.crrs.jobs.P09360.P09360FileWriter - Processing record: RefundType=PER, ControlDate=2025-04-14, ControlNbr=410, ActAmt=-00000001200
2026-02-24 12:02:01 INFO  com.abcbs.crrs.jobs.P09360.P09360FileWriter - Full Record: P09GlDedsRecord(p09deds_julian=26042, p09deds_hhmmsss=0847249, filler=, gl_p09deds_id=04, gl_refund_type=PER, gl_control_date=2025-04-14, gl_control_nbr=410, gl_receipt_type=PA, gl_bank_acct_nbr=, gl_acct_nbr=279000000000, gl_act_code=FR, gl_act_amt=-00000001200, gl_act_date=2026-02-11, gl_report_mo=02, gl_report_yr=26, gl_patient_ln=DAVIS, gl_patient_fn=REBECCA, gl_mbr_id_nbr=SVR868929253, gl_xref_type=, gl_xref_claim_nbr=, gl_xref_date=2026-02-10, gl_cash_rec_bal=-00000000000, gl_corp=01, gl_filler=)
2026-02-24 12:02:01 DEBUG com.abcbs.crrs.jobs.P09360.P09360FileWriter - Suppressing refundType in detail line for record on page 4: prevRefundType matches
2026-02-24 12:02:01 DEBUG com.abcbs.crrs.jobs.P09360.P09360FileWriter - Suppressing detail fields: controlDate, controlNbr, actCode, actDate, patient names for record
2026-02-24 12:02:01 DEBUG com.abcbs.crrs.jobs.P09360.P09360FileWriter - Detail line written for member SVR868929253 (refundType=PER): $12.00-      02/10/26
2026-02-24 12:02:01 INFO  com.abcbs.crrs.jobs.P09360.P09360FileWriter - act amount:-12.00
2026-02-24 12:02:01 DEBUG com.abcbs.crrs.jobs.P09360.P09360FileWriter - Processing record: RefundType=PER, ControlDate=2025-04-17, ControlNbr=400, ActAmt=00000003400
2026-02-24 12:02:01 INFO  com.abcbs.crrs.jobs.P09360.P09360FileWriter - Full Record: P09GlDedsRecord(p09deds_julian=26042, p09deds_hhmmsss=0847249, filler=, gl_p09deds_id=04, gl_refund_type=PER, gl_control_date=2025-04-17, gl_control_nbr=400, gl_receipt_type=PA, gl_bank_acct_nbr=, gl_acct_nbr=280000000000, gl_act_code=FR, gl_act_amt=00000003400, gl_act_date=2026-02-11, gl_report_mo=02, gl_report_yr=26, gl_patient_ln=ROWTON, gl_patient_fn=KEVIN, gl_mbr_id_nbr=ABC888423326, gl_xref_type=, gl_xref_claim_nbr=, gl_xref_date=2026-02-10, gl_cash_rec_bal=-00000000000, gl_corp=01, gl_filler=)
2026-02-24 12:02:01 DEBUG com.abcbs.crrs.jobs.P09360.P09360FileWriter - Suppressing refundType in detail line for record on page 4: prevRefundType matches
2026-02-24 12:02:01 DEBUG com.abcbs.crrs.jobs.P09360.P09360FileWriter - Detail line written for member ABC888423326 (refundType=PER): 04/17/25  400    ROWTON         KEVIN        ABC888423326  FR   02/11/26           $34.00      02/10/26
2026-02-24 12:02:01 INFO  com.abcbs.crrs.jobs.P09360.P09360FileWriter - act amount:34.00
2026-02-24 12:02:01 DEBUG com.abcbs.crrs.jobs.P09360.P09360FileWriter - Processing record: RefundType=PER, ControlDate=2025-04-17, ControlNbr=400, ActAmt=-00000003400
2026-02-24 12:02:01 INFO  com.abcbs.crrs.jobs.P09360.P09360FileWriter - Full Record: P09GlDedsRecord(p09deds_julian=26042, p09deds_hhmmsss=0847249, filler=, gl_p09deds_id=04, gl_refund_type=PER, gl_control_date=2025-04-17, gl_control_nbr=400, gl_receipt_type=PA, gl_bank_acct_nbr=, gl_acct_nbr=279000000000, gl_act_code=FR, gl_act_amt=-00000003400, gl_act_date=2026-02-11, gl_report_mo=02, gl_report_yr=26, gl_patient_ln=ROWTON, gl_patient_fn=KEVIN, gl_mbr_id_nbr=ABC888423326, gl_xref_type=, gl_xref_claim_nbr=, gl_xref_date=2026-02-10, gl_cash_rec_bal=-00000000000, gl_corp=01, gl_filler=)
2026-02-24 12:02:01 DEBUG com.abcbs.crrs.jobs.P09360.P09360FileWriter - Suppressing refundType in detail line for record on page 4: prevRefundType matches
2026-02-24 12:02:01 DEBUG com.abcbs.crrs.jobs.P09360.P09360FileWriter - Suppressing detail fields: controlDate, controlNbr, actCode, actDate, patient names for record
2026-02-24 12:02:01 DEBUG com.abcbs.crrs.jobs.P09360.P09360FileWriter - Detail line written for member ABC888423326 (refundType=PER): $34.00-      02/10/26
2026-02-24 12:02:01 INFO  com.abcbs.crrs.jobs.P09360.P09360FileWriter - act amount:-34.00
2026-02-24 12:02:01 DEBUG com.abcbs.crrs.jobs.P09360.P09360FileWriter - Processing record: RefundType=PER, ControlDate=2025-04-17, ControlNbr=402, ActAmt=00000020484
2026-02-24 12:02:01 INFO  com.abcbs.crrs.jobs.P09360.P09360FileWriter - Full Record: P09GlDedsRecord(p09deds_julian=26042, p09deds_hhmmsss=0847249, filler=, gl_p09deds_id=04, gl_refund_type=PER, gl_control_date=2025-04-17, gl_control_nbr=402, gl_receipt_type=PA, gl_bank_acct_nbr=, gl_acct_nbr=280000000000, gl_act_code=FR, gl_act_amt=00000020484, gl_act_date=2026-02-11, gl_report_mo=02, gl_report_yr=26, gl_patient_ln=SAMPSON, gl_patient_fn=LAVERN, gl_mbr_id_nbr=XIQ917984852, gl_xref_type=, gl_xref_claim_nbr=, gl_xref_date=2026-02-10, gl_cash_rec_bal=-00000000000, gl_corp=01, gl_filler=)
2026-02-24 12:02:01 DEBUG com.abcbs.crrs.jobs.P09360.P09360FileWriter - Suppressing refundType in detail line for record on page 4: prevRefundType matches
2026-02-24 12:02:01 DEBUG com.abcbs.crrs.jobs.P09360.P09360FileWriter - Detail line written for member XIQ917984852 (refundType=PER): 04/17/25  402    SAMPSON        LAVERN       XIQ917984852  FR   02/11/26          $204.84      02/10/26
2026-02-24 12:02:01 INFO  com.abcbs.crrs.jobs.P09360.P09360FileWriter - act amount:204.84
2026-02-24 12:02:01 DEBUG com.abcbs.crrs.jobs.P09360.P09360FileWriter - Processing record: RefundType=PER, ControlDate=2025-04-17, ControlNbr=402, ActAmt=-00000020484
2026-02-24 12:02:01 INFO  com.abcbs.crrs.jobs.P09360.P09360FileWriter - Full Record: P09GlDedsRecord(p09deds_julian=26042, p09deds_hhmmsss=0847249, filler=, gl_p09deds_id=04, gl_refund_type=PER, gl_control_date=2025-04-17, gl_control_nbr=402, gl_receipt_type=PA, gl_bank_acct_nbr=, gl_acct_nbr=279000000000, gl_act_code=FR, gl_act_amt=-00000020484, gl_act_date=2026-02-11, gl_report_mo=02, gl_report_yr=26, gl_patient_ln=SAMPSON, gl_patient_fn=LAVERN, gl_mbr_id_nbr=XIQ917984852, gl_xref_type=, gl_xref_claim_nbr=, gl_xref_date=2026-02-10, gl_cash_rec_bal=-00000000000, gl_corp=01, gl_filler=)
2026-02-24 12:02:01 DEBUG com.abcbs.crrs.jobs.P09360.P09360FileWriter - Suppressing refundType in detail line for record on page 4: prevRefundType matches
2026-02-24 12:02:01 DEBUG com.abcbs.crrs.jobs.P09360.P09360FileWriter - Suppressing detail fields: controlDate, controlNbr, actCode, actDate, patient names for record
2026-02-24 12:02:01 DEBUG com.abcbs.crrs.jobs.P09360.P09360FileWriter - Detail line written for member XIQ917984852 (refundType=PER): $204.84-      02/10/26
2026-02-24 12:02:01 INFO  com.abcbs.crrs.jobs.P09360.P09360FileWriter - act amount:-204.84
2026-02-24 12:02:01 DEBUG com.abcbs.crrs.jobs.P09360.P09360FileWriter - Processing record: RefundType=PER, ControlDate=2025-04-17, ControlNbr=415, ActAmt=00000004054
2026-02-24 12:02:02 INFO  com.abcbs.crrs.jobs.P09360.P09360FileWriter - Full Record: P09GlDedsRecord(p09deds_julian=26042, p09deds_hhmmsss=0847249, filler=, gl_p09deds_id=04, gl_refund_type=PER, gl_control_date=2025-04-17, gl_control_nbr=415, gl_receipt_type=PA, gl_bank_acct_nbr=, gl_acct_nbr=280000000000, gl_act_code=PR, gl_act_amt=00000004054, gl_act_date=2026-02-11, gl_report_mo=02, gl_report_yr=26, gl_patient_ln=KING, gl_patient_fn=MICHAEL, gl_mbr_id_nbr=ZZT804423170, gl_xref_type=, gl_xref_claim_nbr=, gl_xref_date=2026-02-10, gl_cash_rec_bal=-00000000000, gl_corp=01, gl_filler=)
2026-02-24 12:02:02 DEBUG com.abcbs.crrs.jobs.P09360.P09360FileWriter - Suppressing refundType in detail line for record on page 4: prevRefundType matches
2026-02-24 12:02:02 DEBUG com.abcbs.crrs.jobs.P09360.P09360FileWriter - Detail line written for member ZZT804423170 (refundType=PER): 04/17/25  415    KING           MICHAEL      ZZT804423170  PR   02/11/26           $40.54      02/10/26
2026-02-24 12:02:02 INFO  com.abcbs.crrs.jobs.P09360.P09360FileWriter - act amount:40.54
2026-02-24 12:02:02 DEBUG com.abcbs.crrs.jobs.P09360.P09360FileWriter - Processing record: RefundType=PER, ControlDate=2025-04-17, ControlNbr=415, ActAmt=-00000004054
2026-02-24 12:02:02 INFO  com.abcbs.crrs.jobs.P09360.P09360FileWriter - Full Record: P09GlDedsRecord(p09deds_julian=26042, p09deds_hhmmsss=0847249, filler=, gl_p09deds_id=04, gl_refund_type=PER, gl_control_date=2025-04-17, gl_control_nbr=415, gl_receipt_type=PA, gl_bank_acct_nbr=, gl_acct_nbr=279000000000, gl_act_code=PR, gl_act_amt=-00000004054, gl_act_date=2026-02-11, gl_report_mo=02, gl_report_yr=26, gl_patient_ln=KING, gl_patient_fn=MICHAEL, gl_mbr_id_nbr=ZZT804423170, gl_xref_type=, gl_xref_claim_nbr=, gl_xref_date=2026-02-10, gl_cash_rec_bal=-00000000000, gl_corp=01, gl_filler=)
2026-02-24 12:02:02 DEBUG com.abcbs.crrs.jobs.P09360.P09360FileWriter - Suppressing refundType in detail line for record on page 4: prevRefundType matches
2026-02-24 12:02:02 DEBUG com.abcbs.crrs.jobs.P09360.P09360FileWriter - Suppressing detail fields: controlDate, controlNbr, actCode, actDate, patient names for record
2026-02-24 12:02:02 DEBUG com.abcbs.crrs.jobs.P09360.P09360FileWriter - Detail line written for member ZZT804423170 (refundType=PER): $40.54-      02/10/26
2026-02-24 12:02:02 INFO  com.abcbs.crrs.jobs.P09360.P09360FileWriter - act amount:-40.54
2026-02-24 12:02:02 DEBUG com.abcbs.crrs.jobs.P09360.P09360FileWriter - Processing record: RefundType=PER, ControlDate=2025-04-17, ControlNbr=421B, ActAmt=00000000769
2026-02-24 12:02:02 INFO  com.abcbs.crrs.jobs.P09360.P09360FileWriter - Full Record: P09GlDedsRecord(p09deds_julian=26042, p09deds_hhmmsss=0847249, filler=, gl_p09deds_id=04, gl_refund_type=PER, gl_control_date=2025-04-17, gl_control_nbr=421B, gl_receipt_type=PA, gl_bank_acct_nbr=, gl_acct_nbr=280000000000, gl_act_code=FR, gl_act_amt=00000000769, gl_act_date=2026-02-11, gl_report_mo=02, gl_report_yr=26, gl_patient_ln=LANGE, gl_patient_fn=CAROL, gl_mbr_id_nbr=IBIW01031350, gl_xref_type=, gl_xref_claim_nbr=, gl_xref_date=2026-02-10, gl_cash_rec_bal=-00000000000, gl_corp=01, gl_filler=)
2026-02-24 12:02:02 DEBUG com.abcbs.crrs.jobs.P09360.P09360FileWriter - Suppressing refundType in detail line for record on page 4: prevRefundType matches
2026-02-24 12:02:02 DEBUG com.abcbs.crrs.jobs.P09360.P09360FileWriter - Detail line written for member IBIW01031350 (refundType=PER): 04/17/25  421B   LANGE          CAROL        IBIW01031350  FR   02/11/26            $7.69      02/10/26
2026-02-24 12:02:02 INFO  com.abcbs.crrs.jobs.P09360.P09360FileWriter - act amount:7.69
2026-02-24 12:02:02 DEBUG com.abcbs.crrs.jobs.P09360.P09360FileWriter - Processing record: RefundType=PER, ControlDate=2025-04-17, ControlNbr=421B, ActAmt=-00000000769
2026-02-24 12:02:02 INFO  com.abcbs.crrs.jobs.P09360.P09360FileWriter - Full Record: P09GlDedsRecord(p09deds_julian=26042, p09deds_hhmmsss=0847249, filler=, gl_p09deds_id=04, gl_refund_type=PER, gl_control_date=2025-04-17, gl_control_nbr=421B, gl_receipt_type=PA, gl_bank_acct_nbr=, gl_acct_nbr=279000000000, gl_act_code=FR, gl_act_amt=-00000000769, gl_act_date=2026-02-11, gl_report_mo=02, gl_report_yr=26, gl_patient_ln=LANGE, gl_patient_fn=CAROL, gl_mbr_id_nbr=IBIW01031350, gl_xref_type=, gl_xref_claim_nbr=, gl_xref_date=2026-02-10, gl_cash_rec_bal=-00000000000, gl_corp=01, gl_filler=)
2026-02-24 12:02:02 DEBUG com.abcbs.crrs.jobs.P09360.P09360FileWriter - Suppressing refundType in detail line for record on page 4: prevRefundType matches
2026-02-24 12:02:02 DEBUG com.abcbs.crrs.jobs.P09360.P09360FileWriter - Suppressing detail fields: controlDate, controlNbr, actCode, actDate, patient names for record
2026-02-24 12:02:02 DEBUG com.abcbs.crrs.jobs.P09360.P09360FileWriter - Detail line written for member IBIW01031350 (refundType=PER): $7.69-      02/10/26
2026-02-24 12:02:02 INFO  com.abcbs.crrs.jobs.P09360.P09360FileWriter - act amount:-7.69
2026-02-24 12:02:02 DEBUG com.abcbs.crrs.jobs.P09360.P09360FileWriter - Processing record: RefundType=PER, ControlDate=2025-04-24, ControlNbr=407, ActAmt=00000001706
2026-02-24 12:02:02 INFO  com.abcbs.crrs.jobs.P09360.P09360FileWriter - Full Record: P09GlDedsRecord(p09deds_julian=26042, p09deds_hhmmsss=0847249, filler=, gl_p09deds_id=04, gl_refund_type=PER, gl_control_date=2025-04-24, gl_control_nbr=407, gl_receipt_type=PA, gl_bank_acct_nbr=, gl_acct_nbr=280000000000, gl_act_code=FR, gl_act_amt=00000001706, gl_act_date=2026-02-11, gl_report_mo=02, gl_report_yr=26, gl_patient_ln=ABNER, gl_patient_fn=NELL, gl_mbr_id_nbr=XAA857149478, gl_xref_type=, gl_xref_claim_nbr=, gl_xref_date=2026-02-10, gl_cash_rec_bal=-00000000000, gl_corp=01, gl_filler=)
2026-02-24 12:02:02 DEBUG com.abcbs.crrs.jobs.P09360.P09360FileWriter - Suppressing refundType in detail line for record on page 4: prevRefundType matches
2026-02-24 12:02:02 DEBUG com.abcbs.crrs.jobs.P09360.P09360FileWriter - Detail line written for member XAA857149478 (refundType=PER): 04/24/25  407    ABNER          NELL         XAA857149478  FR   02/11/26           $17.06      02/10/26
2026-02-24 12:02:02 INFO  com.abcbs.crrs.jobs.P09360.P09360FileWriter - act amount:17.06
2026-02-24 12:02:02 DEBUG com.abcbs.crrs.jobs.P09360.P09360FileWriter - Processing record: RefundType=PER, ControlDate=2025-04-24, ControlNbr=407, ActAmt=-00000001706
2026-02-24 12:02:02 INFO  com.abcbs.crrs.jobs.P09360.P09360FileWriter - Full Record: P09GlDedsRecord(p09deds_julian=26042, p09deds_hhmmsss=0847249, filler=, gl_p09deds_id=04, gl_refund_type=PER, gl_control_date=2025-04-24, gl_control_nbr=407, gl_receipt_type=PA, gl_bank_acct_nbr=, gl_acct_nbr=279000000000, gl_act_code=FR, gl_act_amt=-00000001706, gl_act_date=2026-02-11, gl_report_mo=02, gl_report_yr=26, gl_patient_ln=ABNER, gl_patient_fn=NELL, gl_mbr_id_nbr=XAA857149478, gl_xref_type=, gl_xref_claim_nbr=, gl_xref_date=2026-02-10, gl_cash_rec_bal=-00000000000, gl_corp=01, gl_filler=)
2026-02-24 12:02:02 DEBUG com.abcbs.crrs.jobs.P09360.P09360FileWriter - Suppressing refundType in detail line for record on page 4: prevRefundType matches
2026-02-24 12:02:02 DEBUG com.abcbs.crrs.jobs.P09360.P09360FileWriter - Suppressing detail fields: controlDate, controlNbr, actCode, actDate, patient names for record
2026-02-24 12:02:02 DEBUG com.abcbs.crrs.jobs.P09360.P09360FileWriter - Detail line written for member XAA857149478 (refundType=PER): $17.06-      02/10/26
2026-02-24 12:02:02 INFO  com.abcbs.crrs.jobs.P09360.P09360FileWriter - act amount:-17.06
2026-02-24 12:02:02 DEBUG com.abcbs.crrs.jobs.P09360.P09360FileWriter - Processing record: RefundType=PER, ControlDate=2025-04-24, ControlNbr=408, ActAmt=00000057149
2026-02-24 12:02:02 INFO  com.abcbs.crrs.jobs.P09360.P09360FileWriter - Full Record: P09GlDedsRecord(p09deds_julian=26042, p09deds_hhmmsss=0847249, filler=, gl_p09deds_id=04, gl_refund_type=PER, gl_control_date=2025-04-24, gl_control_nbr=408, gl_receipt_type=PA, gl_bank_acct_nbr=, gl_acct_nbr=280000000000, gl_act_code=FR, gl_act_amt=00000057149, gl_act_date=2026-02-11, gl_report_mo=02, gl_report_yr=26, gl_patient_ln=CLOWER, gl_patient_fn=KATHRYN, gl_mbr_id_nbr=QUP848M92745, gl_xref_type=, gl_xref_claim_nbr=, gl_xref_date=2026-02-10, gl_cash_rec_bal=-00000000000, gl_corp=01, gl_filler=)
2026-02-24 12:02:02 DEBUG com.abcbs.crrs.jobs.P09360.P09360FileWriter - Suppressing refundType in detail line for record on page 4: prevRefundType matches
2026-02-24 12:02:02 DEBUG com.abcbs.crrs.jobs.P09360.P09360FileWriter - Detail line written for member QUP848M92745 (refundType=PER): 04/24/25  408    CLOWER         KATHRYN      QUP848M92745  FR   02/11/26          $571.49      02/10/26
2026-02-24 12:02:02 INFO  com.abcbs.crrs.jobs.P09360.P09360FileWriter - act amount:571.49
2026-02-24 12:02:02 DEBUG com.abcbs.crrs.jobs.P09360.P09360FileWriter - Processing record: RefundType=PER, ControlDate=2025-04-24, ControlNbr=408, ActAmt=-00000057149
2026-02-24 12:02:02 INFO  com.abcbs.crrs.jobs.P09360.P09360FileWriter - Full Record: P09GlDedsRecord(p09deds_julian=26042, p09deds_hhmmsss=0847249, filler=, gl_p09deds_id=04, gl_refund_type=PER, gl_control_date=2025-04-24, gl_control_nbr=408, gl_receipt_type=PA, gl_bank_acct_nbr=, gl_acct_nbr=279000000000, gl_act_code=FR, gl_act_amt=-00000057149, gl_act_date=2026-02-11, gl_report_mo=02, gl_report_yr=26, gl_patient_ln=CLOWER, gl_patient_fn=KATHRYN, gl_mbr_id_nbr=QUP848M92745, gl_xref_type=, gl_xref_claim_nbr=, gl_xref_date=2026-02-10, gl_cash_rec_bal=-00000000000, gl_corp=01, gl_filler=)
2026-02-24 12:02:02 DEBUG com.abcbs.crrs.jobs.P09360.P09360FileWriter - Suppressing refundType in detail line for record on page 4: prevRefundType matches
2026-02-24 12:02:02 DEBUG com.abcbs.crrs.jobs.P09360.P09360FileWriter - Suppressing detail fields: controlDate, controlNbr, actCode, actDate, patient names for record
2026-02-24 12:02:02 DEBUG com.abcbs.crrs.jobs.P09360.P09360FileWriter - Detail line written for member QUP848M92745 (refundType=PER): $571.49-      02/10/26
2026-02-24 12:02:02 INFO  com.abcbs.crrs.jobs.P09360.P09360FileWriter - act amount:-571.49
2026-02-24 12:02:02 DEBUG com.abcbs.crrs.jobs.P09360.P09360FileWriter - Processing record: RefundType=PER, ControlDate=2025-04-24, ControlNbr=412, ActAmt=00000017792
2026-02-24 12:02:02 INFO  com.abcbs.crrs.jobs.P09360.P09360FileWriter - Full Record: P09GlDedsRecord(p09deds_julian=26042, p09deds_hhmmsss=0847249, filler=, gl_p09deds_id=04, gl_refund_type=PER, gl_control_date=2025-04-24, gl_control_nbr=412, gl_receipt_type=PA, gl_bank_acct_nbr=, gl_acct_nbr=280000000000, gl_act_code=FR, gl_act_amt=00000017792, gl_act_date=2026-02-11, gl_report_mo=02, gl_report_yr=26, gl_patient_ln=ALEXANDER, gl_patient_fn=TRENT, gl_mbr_id_nbr=BXE847873544, gl_xref_type=, gl_xref_claim_nbr=, gl_xref_date=2026-02-10, gl_cash_rec_bal=-00000000000, gl_corp=01, gl_filler=)
2026-02-24 12:02:02 DEBUG com.abcbs.crrs.jobs.P09360.P09360FileWriter - Suppressing refundType in detail line for record on page 4: prevRefundType matches
2026-02-24 12:02:02 DEBUG com.abcbs.crrs.jobs.P09360.P09360FileWriter - Detail line written for member BXE847873544 (refundType=PER): 04/24/25  412    ALEXANDER      TRENT        BXE847873544  FR   02/11/26          $177.92      02/10/26
2026-02-24 12:02:02 INFO  com.abcbs.crrs.jobs.P09360.P09360FileWriter - act amount:177.92
2026-02-24 12:02:02 DEBUG com.abcbs.crrs.jobs.P09360.P09360FileWriter - Processing record: RefundType=PER, ControlDate=2025-04-24, ControlNbr=412, ActAmt=-00000017792
2026-02-24 12:02:02 INFO  com.abcbs.crrs.jobs.P09360.P09360FileWriter - Full Record: P09GlDedsRecord(p09deds_julian=26042, p09deds_hhmmsss=0847249, filler=, gl_p09deds_id=04, gl_refund_type=PER, gl_control_date=2025-04-24, gl_control_nbr=412, gl_receipt_type=PA, gl_bank_acct_nbr=, gl_acct_nbr=279000000000, gl_act_code=FR, gl_act_amt=-00000017792, gl_act_date=2026-02-11, gl_report_mo=02, gl_report_yr=26, gl_patient_ln=ALEXANDER, gl_patient_fn=TRENT, gl_mbr_id_nbr=BXE847873544, gl_xref_type=, gl_xref_claim_nbr=, gl_xref_date=2026-02-10, gl_cash_rec_bal=-00000000000, gl_corp=01, gl_filler=)
2026-02-24 12:02:02 DEBUG com.abcbs.crrs.jobs.P09360.P09360FileWriter - Suppressing refundType in detail line for record on page 4: prevRefundType matches
2026-02-24 12:02:02 DEBUG com.abcbs.crrs.jobs.P09360.P09360FileWriter - Suppressing detail fields: controlDate, controlNbr, actCode, actDate, patient names for record
2026-02-24 12:02:02 DEBUG com.abcbs.crrs.jobs.P09360.P09360FileWriter - Detail line written for member BXE847873544 (refundType=PER): $177.92-      02/10/26
2026-02-24 12:02:02 INFO  com.abcbs.crrs.jobs.P09360.P09360FileWriter - act amount:-177.92
2026-02-24 12:02:02 DEBUG com.abcbs.crrs.jobs.P09360.P09360FileWriter - Starting new page: 4
2026-02-24 12:02:02 DEBUG com.abcbs.crrs.jobs.P09360.P09360FileWriter - Processing record: RefundType=PER, ControlDate=2025-04-24, ControlNbr=444, ActAmt=00000002110
2026-02-24 12:02:02 INFO  com.abcbs.crrs.jobs.P09360.P09360FileWriter - Full Record: P09GlDedsRecord(p09deds_julian=26042, p09deds_hhmmsss=0847249, filler=, gl_p09deds_id=04, gl_refund_type=PER, gl_control_date=2025-04-24, gl_control_nbr=444, gl_receipt_type=PA, gl_bank_acct_nbr=, gl_acct_nbr=280000000000, gl_act_code=FR, gl_act_amt=00000002110, gl_act_date=2026-02-11, gl_report_mo=02, gl_report_yr=26, gl_patient_ln=SCHNEIDER, gl_patient_fn=SHEILA, gl_mbr_id_nbr=YUQ927964343, gl_xref_type=, gl_xref_claim_nbr=, gl_xref_date=2026-02-10, gl_cash_rec_bal=-00000000000, gl_corp=01, gl_filler=)
2026-02-24 12:02:02 DEBUG com.abcbs.crrs.jobs.P09360.P09360FileWriter - Detail line written for member YUQ927964343 (refundType=PER): PER    04/24/25  444    SCHNEIDER      SHEILA       YUQ927964343  FR   02/11/26           $21.10      02/10/26
2026-02-24 12:02:02 INFO  com.abcbs.crrs.jobs.P09360.P09360FileWriter - act amount:21.10
2026-02-24 12:02:02 DEBUG com.abcbs.crrs.jobs.P09360.P09360FileWriter - Processing record: RefundType=PER, ControlDate=2025-04-24, ControlNbr=444, ActAmt=-00000002110
2026-02-24 12:02:02 INFO  com.abcbs.crrs.jobs.P09360.P09360FileWriter - Full Record: P09GlDedsRecord(p09deds_julian=26042, p09deds_hhmmsss=0847249, filler=, gl_p09deds_id=04, gl_refund_type=PER, gl_control_date=2025-04-24, gl_control_nbr=444, gl_receipt_type=PA, gl_bank_acct_nbr=, gl_acct_nbr=279000000000, gl_act_code=FR, gl_act_amt=-00000002110, gl_act_date=2026-02-11, gl_report_mo=02, gl_report_yr=26, gl_patient_ln=SCHNEIDER, gl_patient_fn=SHEILA, gl_mbr_id_nbr=YUQ927964343, gl_xref_type=, gl_xref_claim_nbr=, gl_xref_date=2026-02-10, gl_cash_rec_bal=-00000000000, gl_corp=01, gl_filler=)
2026-02-24 12:02:02 DEBUG com.abcbs.crrs.jobs.P09360.P09360FileWriter - Suppressing refundType in detail line for record on page 5: prevRefundType matches
2026-02-24 12:02:02 DEBUG com.abcbs.crrs.jobs.P09360.P09360FileWriter - Suppressing detail fields: controlDate, controlNbr, actCode, actDate, patient names for record
2026-02-24 12:02:02 DEBUG com.abcbs.crrs.jobs.P09360.P09360FileWriter - Detail line written for member YUQ927964343 (refundType=PER): $21.10-      02/10/26
2026-02-24 12:02:02 INFO  com.abcbs.crrs.jobs.P09360.P09360FileWriter - act amount:-21.10
2026-02-24 12:02:02 DEBUG com.abcbs.crrs.jobs.P09360.P09360FileWriter - Processing record: RefundType=PER, ControlDate=2025-04-25, ControlNbr=406, ActAmt=00000001764
2026-02-24 12:02:02 INFO  com.abcbs.crrs.jobs.P09360.P09360FileWriter - Full Record: P09GlDedsRecord(p09deds_julian=26042, p09deds_hhmmsss=0847249, filler=, gl_p09deds_id=04, gl_refund_type=PER, gl_control_date=2025-04-25, gl_control_nbr=406, gl_receipt_type=PA, gl_bank_acct_nbr=, gl_acct_nbr=280000000000, gl_act_code=FR, gl_act_amt=00000001764, gl_act_date=2026-02-11, gl_report_mo=02, gl_report_yr=26, gl_patient_ln=NASH, gl_patient_fn=RONALD, gl_mbr_id_nbr=RGH839039658, gl_xref_type=, gl_xref_claim_nbr=, gl_xref_date=2026-02-10, gl_cash_rec_bal=-00000000000, gl_corp=01, gl_filler=)
2026-02-24 12:02:02 DEBUG com.abcbs.crrs.jobs.P09360.P09360FileWriter - Suppressing refundType in detail line for record on page 5: prevRefundType matches
2026-02-24 12:02:02 DEBUG com.abcbs.crrs.jobs.P09360.P09360FileWriter - Detail line written for member RGH839039658 (refundType=PER): 04/25/25  406    NASH           RONALD       RGH839039658  FR   02/11/26           $17.64      02/10/26
2026-02-24 12:02:02 INFO  com.abcbs.crrs.jobs.P09360.P09360FileWriter - act amount:17.64
2026-02-24 12:02:02 DEBUG com.abcbs.crrs.jobs.P09360.P09360FileWriter - Processing record: RefundType=PER, ControlDate=2025-04-25, ControlNbr=406, ActAmt=-00000001764
2026-02-24 12:02:02 INFO  com.abcbs.crrs.jobs.P09360.P09360FileWriter - Full Record: P09GlDedsRecord(p09deds_julian=26042, p09deds_hhmmsss=0847249, filler=, gl_p09deds_id=04, gl_refund_type=PER, gl_control_date=2025-04-25, gl_control_nbr=406, gl_receipt_type=PA, gl_bank_acct_nbr=, gl_acct_nbr=279000000000, gl_act_code=FR, gl_act_amt=-00000001764, gl_act_date=2026-02-11, gl_report_mo=02, gl_report_yr=26, gl_patient_ln=NASH, gl_patient_fn=RONALD, gl_mbr_id_nbr=RGH839039658, gl_xref_type=, gl_xref_claim_nbr=, gl_xref_date=2026-02-10, gl_cash_rec_bal=-00000000000, gl_corp=01, gl_filler=)
2026-02-24 12:02:02 DEBUG com.abcbs.crrs.jobs.P09360.P09360FileWriter - Suppressing refundType in detail line for record on page 5: prevRefundType matches
2026-02-24 12:02:02 DEBUG com.abcbs.crrs.jobs.P09360.P09360FileWriter - Suppressing detail fields: controlDate, controlNbr, actCode, actDate, patient names for record
2026-02-24 12:02:02 DEBUG com.abcbs.crrs.jobs.P09360.P09360FileWriter - Detail line written for member RGH839039658 (refundType=PER): $17.64-      02/10/26
2026-02-24 12:02:02 INFO  com.abcbs.crrs.jobs.P09360.P09360FileWriter - act amount:-17.64
2026-02-24 12:02:02 DEBUG com.abcbs.crrs.jobs.P09360.P09360FileWriter - Processing record: RefundType=PER, ControlDate=2025-04-25, ControlNbr=413, ActAmt=00000003039
2026-02-24 12:02:02 INFO  com.abcbs.crrs.jobs.P09360.P09360FileWriter - Full Record: P09GlDedsRecord(p09deds_julian=26042, p09deds_hhmmsss=0847249, filler=, gl_p09deds_id=04, gl_refund_type=PER, gl_control_date=2025-04-25, gl_control_nbr=413, gl_receipt_type=PA, gl_bank_acct_nbr=, gl_acct_nbr=280000000000, gl_act_code=FR, gl_act_amt=00000003039, gl_act_date=2026-02-11, gl_report_mo=02, gl_report_yr=26, gl_patient_ln=NANCE, gl_patient_fn=SABRINA, gl_mbr_id_nbr=GXM118803884, gl_xref_type=, gl_xref_claim_nbr=, gl_xref_date=2026-02-10, gl_cash_rec_bal=-00000000000, gl_corp=01, gl_filler=)
2026-02-24 12:02:02 DEBUG com.abcbs.crrs.jobs.P09360.P09360FileWriter - Suppressing refundType in detail line for record on page 5: prevRefundType matches
2026-02-24 12:02:02 DEBUG com.abcbs.crrs.jobs.P09360.P09360FileWriter - Detail line written for member GXM118803884 (refundType=PER): 04/25/25  413    NANCE          SABRINA      GXM118803884  FR   02/11/26           $30.39      02/10/26
2026-02-24 12:02:02 INFO  com.abcbs.crrs.jobs.P09360.P09360FileWriter - act amount:30.39
2026-02-24 12:02:02 DEBUG com.abcbs.crrs.jobs.P09360.P09360FileWriter - Processing record: RefundType=PER, ControlDate=2025-04-25, ControlNbr=413, ActAmt=-00000003039
2026-02-24 12:02:02 INFO  com.abcbs.crrs.jobs.P09360.P09360FileWriter - Full Record: P09GlDedsRecord(p09deds_julian=26042, p09deds_hhmmsss=0847249, filler=, gl_p09deds_id=04, gl_refund_type=PER, gl_control_date=2025-04-25, gl_control_nbr=413, gl_receipt_type=PA, gl_bank_acct_nbr=, gl_acct_nbr=279000000000, gl_act_code=FR, gl_act_amt=-00000003039, gl_act_date=2026-02-11, gl_report_mo=02, gl_report_yr=26, gl_patient_ln=NANCE, gl_patient_fn=SABRINA, gl_mbr_id_nbr=GXM118803884, gl_xref_type=, gl_xref_claim_nbr=, gl_xref_date=2026-02-10, gl_cash_rec_bal=-00000000000, gl_corp=01, gl_filler=)
2026-02-24 12:02:02 DEBUG com.abcbs.crrs.jobs.P09360.P09360FileWriter - Suppressing refundType in detail line for record on page 5: prevRefundType matches
2026-02-24 12:02:02 DEBUG com.abcbs.crrs.jobs.P09360.P09360FileWriter - Suppressing detail fields: controlDate, controlNbr, actCode, actDate, patient names for record
2026-02-24 12:02:02 DEBUG com.abcbs.crrs.jobs.P09360.P09360FileWriter - Detail line written for member GXM118803884 (refundType=PER): $30.39-      02/10/26
2026-02-24 12:02:02 INFO  com.abcbs.crrs.jobs.P09360.P09360FileWriter - act amount:-30.39
2026-02-24 12:02:02 DEBUG com.abcbs.crrs.jobs.P09360.P09360FileWriter - Processing record: RefundType=PER, ControlDate=2025-04-25, ControlNbr=414, ActAmt=00000003476
2026-02-24 12:02:02 INFO  com.abcbs.crrs.jobs.P09360.P09360FileWriter - Full Record: P09GlDedsRecord(p09deds_julian=26042, p09deds_hhmmsss=0847249, filler=, gl_p09deds_id=04, gl_refund_type=PER, gl_control_date=2025-04-25, gl_control_nbr=414, gl_receipt_type=PA, gl_bank_acct_nbr=, gl_acct_nbr=280000000000, gl_act_code=FR, gl_act_amt=00000003476, gl_act_date=2026-02-11, gl_report_mo=02, gl_report_yr=26, gl_patient_ln=SIMS, gl_patient_fn=CARDELL, gl_mbr_id_nbr=L4J828773346, gl_xref_type=, gl_xref_claim_nbr=, gl_xref_date=2026-02-10, gl_cash_rec_bal=-00000000000, gl_corp=01, gl_filler=)
2026-02-24 12:02:02 DEBUG com.abcbs.crrs.jobs.P09360.P09360FileWriter - Suppressing refundType in detail line for record on page 5: prevRefundType matches
2026-02-24 12:02:02 DEBUG com.abcbs.crrs.jobs.P09360.P09360FileWriter - Detail line written for member L4J828773346 (refundType=PER): 04/25/25  414    SIMS           CARDELL      L4J828773346  FR   02/11/26           $34.76      02/10/26
2026-02-24 12:02:02 INFO  com.abcbs.crrs.jobs.P09360.P09360FileWriter - act amount:34.76
2026-02-24 12:02:02 DEBUG com.abcbs.crrs.jobs.P09360.P09360FileWriter - Processing record: RefundType=PER, ControlDate=2025-04-25, ControlNbr=414, ActAmt=-00000003476
2026-02-24 12:02:02 INFO  com.abcbs.crrs.jobs.P09360.P09360FileWriter - Full Record: P09GlDedsRecord(p09deds_julian=26042, p09deds_hhmmsss=0847249, filler=, gl_p09deds_id=04, gl_refund_type=PER, gl_control_date=2025-04-25, gl_control_nbr=414, gl_receipt_type=PA, gl_bank_acct_nbr=, gl_acct_nbr=279000000000, gl_act_code=FR, gl_act_amt=-00000003476, gl_act_date=2026-02-11, gl_report_mo=02, gl_report_yr=26, gl_patient_ln=SIMS, gl_patient_fn=CARDELL, gl_mbr_id_nbr=L4J828773346, gl_xref_type=, gl_xref_claim_nbr=, gl_xref_date=2026-02-10, gl_cash_rec_bal=-00000000000, gl_corp=01, gl_filler=)
2026-02-24 12:02:02 DEBUG com.abcbs.crrs.jobs.P09360.P09360FileWriter - Suppressing refundType in detail line for record on page 5: prevRefundType matches
2026-02-24 12:02:02 DEBUG com.abcbs.crrs.jobs.P09360.P09360FileWriter - Suppressing detail fields: controlDate, controlNbr, actCode, actDate, patient names for record
2026-02-24 12:02:02 DEBUG com.abcbs.crrs.jobs.P09360.P09360FileWriter - Detail line written for member L4J828773346 (refundType=PER): $34.76-      02/10/26
2026-02-24 12:02:02 INFO  com.abcbs.crrs.jobs.P09360.P09360FileWriter - act amount:-34.76
2026-02-24 12:02:02 DEBUG com.abcbs.crrs.jobs.P09360.P09360FileWriter - Processing record: RefundType=PER, ControlDate=2025-06-24, ControlNbr=406, ActAmt=00000005141
2026-02-24 12:02:02 INFO  com.abcbs.crrs.jobs.P09360.P09360FileWriter - Full Record: P09GlDedsRecord(p09deds_julian=26042, p09deds_hhmmsss=0847249, filler=, gl_p09deds_id=04, gl_refund_type=PER, gl_control_date=2025-06-24, gl_control_nbr=406, gl_receipt_type=PA, gl_bank_acct_nbr=, gl_acct_nbr=280000000000, gl_act_code=PR, gl_act_amt=00000005141, gl_act_date=2026-02-11, gl_report_mo=02, gl_report_yr=26, gl_patient_ln=HODGES, gl_patient_fn=AUSTIN, gl_mbr_id_nbr=PPA889071894, gl_xref_type=, gl_xref_claim_nbr=, gl_xref_date=2026-02-10, gl_cash_rec_bal=-00000000000, gl_corp=01, gl_filler=)
2026-02-24 12:02:02 DEBUG com.abcbs.crrs.jobs.P09360.P09360FileWriter - Suppressing refundType in detail line for record on page 5: prevRefundType matches
2026-02-24 12:02:02 DEBUG com.abcbs.crrs.jobs.P09360.P09360FileWriter - Detail line written for member PPA889071894 (refundType=PER): 06/24/25  406    HODGES         AUSTIN       PPA889071894  PR   02/11/26           $51.41      02/10/26
2026-02-24 12:02:02 INFO  com.abcbs.crrs.jobs.P09360.P09360FileWriter - act amount:51.41
2026-02-24 12:02:02 DEBUG com.abcbs.crrs.jobs.P09360.P09360FileWriter - Processing record: RefundType=PER, ControlDate=2025-06-24, ControlNbr=406, ActAmt=-00000005141
2026-02-24 12:02:02 INFO  com.abcbs.crrs.jobs.P09360.P09360FileWriter - Full Record: P09GlDedsRecord(p09deds_julian=26042, p09deds_hhmmsss=0847249, filler=, gl_p09deds_id=04, gl_refund_type=PER, gl_control_date=2025-06-24, gl_control_nbr=406, gl_receipt_type=PA, gl_bank_acct_nbr=, gl_acct_nbr=279000000000, gl_act_code=PR, gl_act_amt=-00000005141, gl_act_date=2026-02-11, gl_report_mo=02, gl_report_yr=26, gl_patient_ln=HODGES, gl_patient_fn=AUSTIN, gl_mbr_id_nbr=PPA889071894, gl_xref_type=, gl_xref_claim_nbr=, gl_xref_date=2026-02-10, gl_cash_rec_bal=-00000000000, gl_corp=01, gl_filler=)
2026-02-24 12:02:02 DEBUG com.abcbs.crrs.jobs.P09360.P09360FileWriter - Suppressing refundType in detail line for record on page 5: prevRefundType matches
2026-02-24 12:02:02 DEBUG com.abcbs.crrs.jobs.P09360.P09360FileWriter - Suppressing detail fields: controlDate, controlNbr, actCode, actDate, patient names for record
2026-02-24 12:02:02 DEBUG com.abcbs.crrs.jobs.P09360.P09360FileWriter - Detail line written for member PPA889071894 (refundType=PER): $51.41-      02/10/26
2026-02-24 12:02:02 INFO  com.abcbs.crrs.jobs.P09360.P09360FileWriter - act amount:-51.41
2026-02-24 12:02:02 DEBUG com.abcbs.crrs.jobs.P09360.P09360FileWriter - Processing record: RefundType=PER, ControlDate=2025-10-20, ControlNbr=004D, ActAmt=00000017096
2026-02-24 12:02:02 INFO  com.abcbs.crrs.jobs.P09360.P09360FileWriter - Full Record: P09GlDedsRecord(p09deds_julian=26042, p09deds_hhmmsss=0847249, filler=, gl_p09deds_id=04, gl_refund_type=PER, gl_control_date=2025-10-20, gl_control_nbr=004D, gl_receipt_type=PU, gl_bank_acct_nbr=, gl_acct_nbr=280000000000, gl_act_code=FR, gl_act_amt=00000017096, gl_act_date=2026-02-11, gl_report_mo=02, gl_report_yr=26, gl_patient_ln=PATIENTS, gl_patient_fn=SEVERAL, gl_mbr_id_nbr=999999999999, gl_xref_type=, gl_xref_claim_nbr=, gl_xref_date=2026-02-10, gl_cash_rec_bal=-00000000000, gl_corp=01, gl_filler=)
2026-02-24 12:02:02 DEBUG com.abcbs.crrs.jobs.P09360.P09360FileWriter - Suppressing refundType in detail line for record on page 5: prevRefundType matches
2026-02-24 12:02:02 DEBUG com.abcbs.crrs.jobs.P09360.P09360FileWriter - Detail line written for member 999999999999 (refundType=PER): 10/20/25  004D   PATIENTS       SEVERAL      999999999999  FR   02/11/26          $170.96      02/10/26
2026-02-24 12:02:02 INFO  com.abcbs.crrs.jobs.P09360.P09360FileWriter - act amount:170.96
2026-02-24 12:02:02 DEBUG com.abcbs.crrs.jobs.P09360.P09360FileWriter - Processing record: RefundType=PER, ControlDate=2025-10-20, ControlNbr=004D, ActAmt=-00000017096
2026-02-24 12:02:02 INFO  com.abcbs.crrs.jobs.P09360.P09360FileWriter - Full Record: P09GlDedsRecord(p09deds_julian=26042, p09deds_hhmmsss=0847249, filler=, gl_p09deds_id=04, gl_refund_type=PER, gl_control_date=2025-10-20, gl_control_nbr=004D, gl_receipt_type=PU, gl_bank_acct_nbr=, gl_acct_nbr=279000000000, gl_act_code=FR, gl_act_amt=-00000017096, gl_act_date=2026-02-11, gl_report_mo=02, gl_report_yr=26, gl_patient_ln=PATIENTS, gl_patient_fn=SEVERAL, gl_mbr_id_nbr=999999999999, gl_xref_type=, gl_xref_claim_nbr=, gl_xref_date=2026-02-10, gl_cash_rec_bal=-00000000000, gl_corp=01, gl_filler=)
2026-02-24 12:02:02 DEBUG com.abcbs.crrs.jobs.P09360.P09360FileWriter - Suppressing refundType in detail line for record on page 5: prevRefundType matches
2026-02-24 12:02:02 DEBUG com.abcbs.crrs.jobs.P09360.P09360FileWriter - Suppressing detail fields: controlDate, controlNbr, actCode, actDate, patient names for record
2026-02-24 12:02:02 DEBUG com.abcbs.crrs.jobs.P09360.P09360FileWriter - Detail line written for member 999999999999 (refundType=PER): $170.96-      02/10/26
2026-02-24 12:02:02 INFO  com.abcbs.crrs.jobs.P09360.P09360FileWriter - act amount:-170.96
2026-02-24 12:02:02 DEBUG com.abcbs.crrs.jobs.P09360.P09360FileWriter - Processing record: RefundType=SPO, ControlDate=2026-02-09, ControlNbr=200, ActAmt=00000017598
2026-02-24 12:02:02 INFO  com.abcbs.crrs.jobs.P09360.P09360FileWriter - Full Record: P09GlDedsRecord(p09deds_julian=26042, p09deds_hhmmsss=0847249, filler=, gl_p09deds_id=04, gl_refund_type=SPO, gl_control_date=2026-02-09, gl_control_nbr=200, gl_receipt_type=HO, gl_bank_acct_nbr=000000199532, gl_acct_nbr=125100000000, gl_act_code=FR, gl_act_amt=00000017598, gl_act_date=2026-02-11, gl_report_mo=02, gl_report_yr=26, gl_patient_ln=REMIT, gl_patient_fn=COMP, gl_mbr_id_nbr=, gl_xref_type=, gl_xref_claim_nbr=, gl_xref_date=2026-02-10, gl_cash_rec_bal=-00000000000, gl_corp=01, gl_filler=)
2026-02-24 12:02:02 INFO  com.abcbs.crrs.jobs.P09360.P09360FileWriter - Refund type changed from PER to SPO, writing type totals
2026-02-24 12:02:02 INFO  com.abcbs.crrs.jobs.P09360.P09360FileWriter - Writing type+date total: RefundType=PER, ReportDate=02/26, Count=208, Total=0.00, Debits=45768.03, Credits=45768.03
2026-02-24 12:02:02 INFO  com.abcbs.crrs.jobs.P09360.P09360FileWriter - Writing type total: RefundType=PER, Count=208, Total=0.00, Debits=45768.03, Credits=45768.03
2026-02-24 12:02:02 DEBUG com.abcbs.crrs.jobs.P09360.P09360FileWriter - No matching activity found for control number: 200
2026-02-24 12:02:02 DEBUG com.abcbs.crrs.jobs.P09360.P09360FileWriter - Processing record: RefundType=SPO, ControlDate=2026-02-09, ControlNbr=200, ActAmt=-00000017598
2026-02-24 12:02:02 INFO  com.abcbs.crrs.jobs.P09360.P09360FileWriter - Full Record: P09GlDedsRecord(p09deds_julian=26042, p09deds_hhmmsss=0847249, filler=, gl_p09deds_id=04, gl_refund_type=SPO, gl_control_date=2026-02-09, gl_control_nbr=200, gl_receipt_type=HO, gl_bank_acct_nbr=000000199532, gl_acct_nbr=279000000000, gl_act_code=FR, gl_act_amt=-00000017598, gl_act_date=2026-02-11, gl_report_mo=02, gl_report_yr=26, gl_patient_ln=REMIT, gl_patient_fn=COMP, gl_mbr_id_nbr=, gl_xref_type=, gl_xref_claim_nbr=, gl_xref_date=2026-02-10, gl_cash_rec_bal=-00000000000, gl_corp=01, gl_filler=)
2026-02-24 12:02:02 INFO  com.abcbs.crrs.jobs.P09360.P09360FileWriter - Refund type changed from PER to SPO, writing type totals
2026-02-24 12:02:02 INFO  com.abcbs.crrs.jobs.P09360.P09360FileWriter - Writing type+date total: RefundType=PER, ReportDate=02/26, Count=0, Total=0, Debits=0, Credits=0
2026-02-24 12:02:02 INFO  com.abcbs.crrs.jobs.P09360.P09360FileWriter - Writing type total: RefundType=PER, Count=0, Total=0, Debits=0, Credits=0
2026-02-24 12:02:02 DEBUG com.abcbs.crrs.jobs.P09360.P09360FileWriter - No matching activity found for control number: 200
2026-02-24 12:02:02 DEBUG com.abcbs.crrs.jobs.P09360.P09360FileWriter - Processing record: RefundType=SPO, ControlDate=2026-02-09, ControlNbr=200, ActAmt=00000017598
2026-02-24 12:02:02 INFO  com.abcbs.crrs.jobs.P09360.P09360FileWriter - Full Record: P09GlDedsRecord(p09deds_julian=26042, p09deds_hhmmsss=0847249, filler=, gl_p09deds_id=04, gl_refund_type=SPO, gl_control_date=2026-02-09, gl_control_nbr=200, gl_receipt_type=HO, gl_bank_acct_nbr=000000199532, gl_acct_nbr=104500000000, gl_act_code=CAN, gl_act_amt=00000017598, gl_act_date=2026-02-11, gl_report_mo=02, gl_report_yr=26, gl_patient_ln=REMIT, gl_patient_fn=COMP, gl_mbr_id_nbr=, gl_xref_type=, gl_xref_claim_nbr=, gl_xref_date=2026-02-10, gl_cash_rec_bal=-00000000000, gl_corp=01, gl_filler=)
2026-02-24 12:02:02 INFO  com.abcbs.crrs.jobs.P09360.P09360FileWriter - Refund type changed from PER to SPO, writing type totals
2026-02-24 12:02:02 INFO  com.abcbs.crrs.jobs.P09360.P09360FileWriter - Writing type+date total: RefundType=PER, ReportDate=02/26, Count=0, Total=0, Debits=0, Credits=0
2026-02-24 12:02:02 INFO  com.abcbs.crrs.jobs.P09360.P09360FileWriter - Writing type total: RefundType=PER, Count=0, Total=0, Debits=0, Credits=0
2026-02-24 12:02:02 DEBUG com.abcbs.crrs.jobs.P09360.P09360FileWriter - No matching activity found for control number: 200
2026-02-24 12:02:02 DEBUG com.abcbs.crrs.jobs.P09360.P09360FileWriter - Starting new page: 8
2026-02-24 12:02:02 DEBUG com.abcbs.crrs.jobs.P09360.P09360FileWriter - Processing record: RefundType=SPO, ControlDate=2026-02-09, ControlNbr=200, ActAmt=-00000017598
2026-02-24 12:02:02 INFO  com.abcbs.crrs.jobs.P09360.P09360FileWriter - Full Record: P09GlDedsRecord(p09deds_julian=26042, p09deds_hhmmsss=0847249, filler=, gl_p09deds_id=04, gl_refund_type=SPO, gl_control_date=2026-02-09, gl_control_nbr=200, gl_receipt_type=HO, gl_bank_acct_nbr=000000199532, gl_acct_nbr=125100000000, gl_act_code=CAN, gl_act_amt=-00000017598, gl_act_date=2026-02-11, gl_report_mo=02, gl_report_yr=26, gl_patient_ln=REMIT, gl_patient_fn=COMP, gl_mbr_id_nbr=, gl_xref_type=, gl_xref_claim_nbr=, gl_xref_date=2026-02-10, gl_cash_rec_bal=-00000000000, gl_corp=01, gl_filler=)
2026-02-24 12:02:02 INFO  com.abcbs.crrs.jobs.P09360.P09360FileWriter - Refund type changed from PER to SPO, writing type totals
2026-02-24 12:02:02 INFO  com.abcbs.crrs.jobs.P09360.P09360FileWriter - Writing type+date total: RefundType=PER, ReportDate=02/26, Count=0, Total=0, Debits=0, Credits=0
2026-02-24 12:02:02 INFO  com.abcbs.crrs.jobs.P09360.P09360FileWriter - Writing type total: RefundType=PER, Count=0, Total=0, Debits=0, Credits=0
2026-02-24 12:02:02 DEBUG com.abcbs.crrs.jobs.P09360.P09360FileWriter - No matching activity found for control number: 200
2026-02-24 12:02:02 DEBUG com.abcbs.crrs.jobs.P09360.P09360FileWriter - Processing record: RefundType=SPO, ControlDate=2026-02-09, ControlNbr=201, ActAmt=00000010767
2026-02-24 12:02:02 INFO  com.abcbs.crrs.jobs.P09360.P09360FileWriter - Full Record: P09GlDedsRecord(p09deds_julian=26042, p09deds_hhmmsss=0847249, filler=, gl_p09deds_id=04, gl_refund_type=SPO, gl_control_date=2026-02-09, gl_control_nbr=201, gl_receipt_type=HO, gl_bank_acct_nbr=000000199532, gl_acct_nbr=125100000000, gl_act_code=FR, gl_act_amt=00000010767, gl_act_date=2026-02-11, gl_report_mo=02, gl_report_yr=26, gl_patient_ln=REMIT, gl_patient_fn=COMP, gl_mbr_id_nbr=, gl_xref_type=, gl_xref_claim_nbr=, gl_xref_date=2026-02-10, gl_cash_rec_bal=-00000000000, gl_corp=01, gl_filler=)
2026-02-24 12:02:02 INFO  com.abcbs.crrs.jobs.P09360.P09360FileWriter - Refund type changed from PER to SPO, writing type totals
2026-02-24 12:02:02 INFO  com.abcbs.crrs.jobs.P09360.P09360FileWriter - Writing type+date total: RefundType=PER, ReportDate=02/26, Count=0, Total=0, Debits=0, Credits=0
2026-02-24 12:02:02 INFO  com.abcbs.crrs.jobs.P09360.P09360FileWriter - Writing type total: RefundType=PER, Count=0, Total=0, Debits=0, Credits=0
2026-02-24 12:02:02 DEBUG com.abcbs.crrs.jobs.P09360.P09360FileWriter - No matching activity found for control number: 201
2026-02-24 12:02:02 DEBUG com.abcbs.crrs.jobs.P09360.P09360FileWriter - Processing record: RefundType=SPO, ControlDate=2026-02-09, ControlNbr=201, ActAmt=-00000010767
2026-02-24 12:02:02 INFO  com.abcbs.crrs.jobs.P09360.P09360FileWriter - Full Record: P09GlDedsRecord(p09deds_julian=26042, p09deds_hhmmsss=0847249, filler=, gl_p09deds_id=04, gl_refund_type=SPO, gl_control_date=2026-02-09, gl_control_nbr=201, gl_receipt_type=HO, gl_bank_acct_nbr=000000199532, gl_acct_nbr=279000000000, gl_act_code=FR, gl_act_amt=-00000010767, gl_act_date=2026-02-11, gl_report_mo=02, gl_report_yr=26, gl_patient_ln=REMIT, gl_patient_fn=COMP, gl_mbr_id_nbr=, gl_xref_type=, gl_xref_claim_nbr=, gl_xref_date=2026-02-10, gl_cash_rec_bal=-00000000000, gl_corp=01, gl_filler=)
2026-02-24 12:02:02 INFO  com.abcbs.crrs.jobs.P09360.P09360FileWriter - Refund type changed from PER to SPO, writing type totals
2026-02-24 12:02:02 INFO  com.abcbs.crrs.jobs.P09360.P09360FileWriter - Writing type+date total: RefundType=PER, ReportDate=02/26, Count=0, Total=0, Debits=0, Credits=0
2026-02-24 12:02:02 INFO  com.abcbs.crrs.jobs.P09360.P09360FileWriter - Writing type total: RefundType=PER, Count=0, Total=0, Debits=0, Credits=0
2026-02-24 12:02:02 DEBUG com.abcbs.crrs.jobs.P09360.P09360FileWriter - No matching activity found for control number: 201
2026-02-24 12:02:02 DEBUG com.abcbs.crrs.jobs.P09360.P09360FileWriter - Processing record: RefundType=SPO, ControlDate=2026-02-09, ControlNbr=201, ActAmt=00000010767
2026-02-24 12:02:02 INFO  com.abcbs.crrs.jobs.P09360.P09360FileWriter - Full Record: P09GlDedsRecord(p09deds_julian=26042, p09deds_hhmmsss=0847249, filler=, gl_p09deds_id=04, gl_refund_type=SPO, gl_control_date=2026-02-09, gl_control_nbr=201, gl_receipt_type=HO, gl_bank_acct_nbr=000000199532, gl_acct_nbr=104500000000, gl_act_code=CAN, gl_act_amt=00000010767, gl_act_date=2026-02-11, gl_report_mo=02, gl_report_yr=26, gl_patient_ln=REMIT, gl_patient_fn=COMP, gl_mbr_id_nbr=, gl_xref_type=, gl_xref_claim_nbr=, gl_xref_date=2026-02-10, gl_cash_rec_bal=-00000000000, gl_corp=01, gl_filler=)
2026-02-24 12:02:02 INFO  com.abcbs.crrs.jobs.P09360.P09360FileWriter - Refund type changed from PER to SPO, writing type totals
2026-02-24 12:02:02 INFO  com.abcbs.crrs.jobs.P09360.P09360FileWriter - Writing type+date total: RefundType=PER, ReportDate=02/26, Count=0, Total=0, Debits=0, Credits=0
2026-02-24 12:02:02 INFO  com.abcbs.crrs.jobs.P09360.P09360FileWriter - Writing type total: RefundType=PER, Count=0, Total=0, Debits=0, Credits=0
2026-02-24 12:02:02 DEBUG com.abcbs.crrs.jobs.P09360.P09360FileWriter - No matching activity found for control number: 201
2026-02-24 12:02:02 DEBUG com.abcbs.crrs.jobs.P09360.P09360FileWriter - Starting new page: 13
2026-02-24 12:02:02 DEBUG com.abcbs.crrs.jobs.P09360.P09360FileWriter - Processing record: RefundType=SPO, ControlDate=2026-02-09, ControlNbr=201, ActAmt=-00000010767
2026-02-24 12:02:02 INFO  com.abcbs.crrs.jobs.P09360.P09360FileWriter - Full Record: P09GlDedsRecord(p09deds_julian=26042, p09deds_hhmmsss=0847249, filler=, gl_p09deds_id=04, gl_refund_type=SPO, gl_control_date=2026-02-09, gl_control_nbr=201, gl_receipt_type=HO, gl_bank_acct_nbr=000000199532, gl_acct_nbr=125100000000, gl_act_code=CAN, gl_act_amt=-00000010767, gl_act_date=2026-02-11, gl_report_mo=02, gl_report_yr=26, gl_patient_ln=REMIT, gl_patient_fn=COMP, gl_mbr_id_nbr=, gl_xref_type=, gl_xref_claim_nbr=, gl_xref_date=2026-02-10, gl_cash_rec_bal=-00000000000, gl_corp=01, gl_filler=)
2026-02-24 12:02:02 INFO  com.abcbs.crrs.jobs.P09360.P09360FileWriter - Refund type changed from PER to SPO, writing type totals
2026-02-24 12:02:02 INFO  com.abcbs.crrs.jobs.P09360.P09360FileWriter - Writing type+date total: RefundType=PER, ReportDate=02/26, Count=0, Total=0, Debits=0, Credits=0
2026-02-24 12:02:02 INFO  com.abcbs.crrs.jobs.P09360.P09360FileWriter - Writing type total: RefundType=PER, Count=0, Total=0, Debits=0, Credits=0
2026-02-24 12:02:02 DEBUG com.abcbs.crrs.jobs.P09360.P09360FileWriter - No matching activity found for control number: 201
2026-02-24 12:02:02 DEBUG com.abcbs.crrs.jobs.P09360.P09360FileWriter - Processing record: RefundType=SPO, ControlDate=2026-02-09, ControlNbr=202, ActAmt=00000018386
2026-02-24 12:02:02 INFO  com.abcbs.crrs.jobs.P09360.P09360FileWriter - Full Record: P09GlDedsRecord(p09deds_julian=26042, p09deds_hhmmsss=0847249, filler=, gl_p09deds_id=04, gl_refund_type=SPO, gl_control_date=2026-02-09, gl_control_nbr=202, gl_receipt_type=HO, gl_bank_acct_nbr=000000199532, gl_acct_nbr=125100000000, gl_act_code=FR, gl_act_amt=00000018386, gl_act_date=2026-02-11, gl_report_mo=02, gl_report_yr=26, gl_patient_ln=REMIT, gl_patient_fn=COMP, gl_mbr_id_nbr=, gl_xref_type=, gl_xref_claim_nbr=, gl_xref_date=2026-02-10, gl_cash_rec_bal=-00000000000, gl_corp=01, gl_filler=)
2026-02-24 12:02:02 INFO  com.abcbs.crrs.jobs.P09360.P09360FileWriter - Refund type changed from PER to SPO, writing type totals
2026-02-24 12:02:02 INFO  com.abcbs.crrs.jobs.P09360.P09360FileWriter - Writing type+date total: RefundType=PER, ReportDate=02/26, Count=0, Total=0, Debits=0, Credits=0
2026-02-24 12:02:02 INFO  com.abcbs.crrs.jobs.P09360.P09360FileWriter - Writing type total: RefundType=PER, Count=0, Total=0, Debits=0, Credits=0
2026-02-24 12:02:02 DEBUG com.abcbs.crrs.jobs.P09360.P09360FileWriter - No matching activity found for control number: 202
2026-02-24 12:02:02 DEBUG com.abcbs.crrs.jobs.P09360.P09360FileWriter - Processing record: RefundType=SPO, ControlDate=2026-02-09, ControlNbr=202, ActAmt=-00000018386
2026-02-24 12:02:02 INFO  com.abcbs.crrs.jobs.P09360.P09360FileWriter - Full Record: P09GlDedsRecord(p09deds_julian=26042, p09deds_hhmmsss=0847249, filler=, gl_p09deds_id=04, gl_refund_type=SPO, gl_control_date=2026-02-09, gl_control_nbr=202, gl_receipt_type=HO, gl_bank_acct_nbr=000000199532, gl_acct_nbr=279000000000, gl_act_code=FR, gl_act_amt=-00000018386, gl_act_date=2026-02-11, gl_report_mo=02, gl_report_yr=26, gl_patient_ln=REMIT, gl_patient_fn=COMP, gl_mbr_id_nbr=, gl_xref_type=, gl_xref_claim_nbr=, gl_xref_date=2026-02-10, gl_cash_rec_bal=-00000000000, gl_corp=01, gl_filler=)
2026-02-24 12:02:02 INFO  com.abcbs.crrs.jobs.P09360.P09360FileWriter - Refund type changed from PER to SPO, writing type totals
2026-02-24 12:02:02 INFO  com.abcbs.crrs.jobs.P09360.P09360FileWriter - Writing type+date total: RefundType=PER, ReportDate=02/26, Count=0, Total=0, Debits=0, Credits=0
2026-02-24 12:02:02 INFO  com.abcbs.crrs.jobs.P09360.P09360FileWriter - Writing type total: RefundType=PER, Count=0, Total=0, Debits=0, Credits=0
2026-02-24 12:02:02 DEBUG com.abcbs.crrs.jobs.P09360.P09360FileWriter - No matching activity found for control number: 202
2026-02-24 12:02:02 DEBUG com.abcbs.crrs.jobs.P09360.P09360FileWriter - Processing record: RefundType=SPO, ControlDate=2026-02-09, ControlNbr=202, ActAmt=00000018386
2026-02-24 12:02:02 INFO  com.abcbs.crrs.jobs.P09360.P09360FileWriter - Full Record: P09GlDedsRecord(p09deds_julian=26042, p09deds_hhmmsss=0847249, filler=, gl_p09deds_id=04, gl_refund_type=SPO, gl_control_date=2026-02-09, gl_control_nbr=202, gl_receipt_type=HO, gl_bank_acct_nbr=000000199532, gl_acct_nbr=275000000000, gl_act_code=CAN, gl_act_amt=00000018386, gl_act_date=2026-02-11, gl_report_mo=02, gl_report_yr=26, gl_patient_ln=REMIT, gl_patient_fn=COMP, gl_mbr_id_nbr=, gl_xref_type=, gl_xref_claim_nbr=, gl_xref_date=2026-02-10, gl_cash_rec_bal=-00000000000, gl_corp=01, gl_filler=)
2026-02-24 12:02:02 INFO  com.abcbs.crrs.jobs.P09360.P09360FileWriter - Refund type changed from PER to SPO, writing type totals
2026-02-24 12:02:02 INFO  com.abcbs.crrs.jobs.P09360.P09360FileWriter - Writing type+date total: RefundType=PER, ReportDate=02/26, Count=0, Total=0, Debits=0, Credits=0
2026-02-24 12:02:02 INFO  com.abcbs.crrs.jobs.P09360.P09360FileWriter - Writing type total: RefundType=PER, Count=0, Total=0, Debits=0, Credits=0
2026-02-24 12:02:02 DEBUG com.abcbs.crrs.jobs.P09360.P09360FileWriter - No matching activity found for control number: 202
2026-02-24 12:02:02 DEBUG com.abcbs.crrs.jobs.P09360.P09360FileWriter - Starting new page: 18
2026-02-24 12:02:02 DEBUG com.abcbs.crrs.jobs.P09360.P09360FileWriter - Processing record: RefundType=SPO, ControlDate=2026-02-09, ControlNbr=202, ActAmt=-00000018386
2026-02-24 12:02:02 INFO  com.abcbs.crrs.jobs.P09360.P09360FileWriter - Full Record: P09GlDedsRecord(p09deds_julian=26042, p09deds_hhmmsss=0847249, filler=, gl_p09deds_id=04, gl_refund_type=SPO, gl_control_date=2026-02-09, gl_control_nbr=202, gl_receipt_type=HO, gl_bank_acct_nbr=000000199532, gl_acct_nbr=125100000000, gl_act_code=CAN, gl_act_amt=-00000018386, gl_act_date=2026-02-11, gl_report_mo=02, gl_report_yr=26, gl_patient_ln=REMIT, gl_patient_fn=COMP, gl_mbr_id_nbr=, gl_xref_type=, gl_xref_claim_nbr=, gl_xref_date=2026-02-10, gl_cash_rec_bal=-00000000000, gl_corp=01, gl_filler=)
2026-02-24 12:02:02 INFO  com.abcbs.crrs.jobs.P09360.P09360FileWriter - Refund type changed from PER to SPO, writing type totals
2026-02-24 12:02:02 INFO  com.abcbs.crrs.jobs.P09360.P09360FileWriter - Writing type+date total: RefundType=PER, ReportDate=02/26, Count=0, Total=0, Debits=0, Credits=0
2026-02-24 12:02:02 INFO  com.abcbs.crrs.jobs.P09360.P09360FileWriter - Writing type total: RefundType=PER, Count=0, Total=0, Debits=0, Credits=0
2026-02-24 12:02:02 DEBUG com.abcbs.crrs.jobs.P09360.P09360FileWriter - No matching activity found for control number: 202
2026-02-24 12:02:02 DEBUG com.abcbs.crrs.jobs.P09360.P09360FileWriter - Processing record: RefundType=PER, ControlDate=2026-02-11, ControlNbr=700, ActAmt=00000032384
2026-02-24 12:02:02 INFO  com.abcbs.crrs.jobs.P09360.P09360FileWriter - Full Record: P09GlDedsRecord(p09deds_julian=26042, p09deds_hhmmsss=1436068, filler=2900, gl_p09deds_id=01, gl_refund_type=PER, gl_control_date=2026-02-11, gl_control_nbr=700, gl_receipt_type=PA, gl_bank_acct_nbr=, gl_acct_nbr=108200000000, gl_act_code=EST, gl_act_amt=00000032384, gl_act_date=2026-02-11, gl_report_mo=02, gl_report_yr=26, gl_patient_ln=BOGGS, gl_patient_fn=SYDNEY, gl_mbr_id_nbr=YUP805666057, gl_xref_type=, gl_xref_claim_nbr=, gl_xref_date=, gl_cash_rec_bal=00000032384, gl_corp=01, gl_filler=)
2026-02-24 12:02:02 DEBUG com.abcbs.crrs.jobs.P09360.P09360FileWriter - Detail line written for member YUP805666057 (refundType=PER): PER    02/11/26  700    BOGGS          SYDNEY       YUP805666057  EST  02/11/26          $323.84
2026-02-24 12:02:02 INFO  com.abcbs.crrs.jobs.P09360.P09360FileWriter - act amount:323.84
2026-02-24 12:02:02 DEBUG com.abcbs.crrs.jobs.P09360.P09360FileWriter - Processing record: RefundType=PER, ControlDate=2026-02-11, ControlNbr=700, ActAmt=-00000032384
2026-02-24 12:02:02 INFO  com.abcbs.crrs.jobs.P09360.P09360FileWriter - Full Record: P09GlDedsRecord(p09deds_julian=26042, p09deds_hhmmsss=1436068, filler=2900, gl_p09deds_id=01, gl_refund_type=PER, gl_control_date=2026-02-11, gl_control_nbr=700, gl_receipt_type=PA, gl_bank_acct_nbr=, gl_acct_nbr=280000000000, gl_act_code=EST, gl_act_amt=-00000032384, gl_act_date=2026-02-11, gl_report_mo=02, gl_report_yr=26, gl_patient_ln=BOGGS, gl_patient_fn=SYDNEY, gl_mbr_id_nbr=YUP805666057, gl_xref_type=, gl_xref_claim_nbr=, gl_xref_date=, gl_cash_rec_bal=00000032384, gl_corp=01, gl_filler=)
2026-02-24 12:02:02 DEBUG com.abcbs.crrs.jobs.P09360.P09360FileWriter - Suppressing refundType in detail line for record on page 20: prevRefundType matches
2026-02-24 12:02:02 DEBUG com.abcbs.crrs.jobs.P09360.P09360FileWriter - Suppressing detail fields: controlDate, controlNbr, actCode, actDate, patient names for record
2026-02-24 12:02:02 DEBUG com.abcbs.crrs.jobs.P09360.P09360FileWriter - Detail line written for member YUP805666057 (refundType=PER): $323.84-
2026-02-24 12:02:02 INFO  com.abcbs.crrs.jobs.P09360.P09360FileWriter - act amount:-323.84
2026-02-24 12:02:02 DEBUG com.abcbs.crrs.jobs.P09360.P09360FileWriter - Processing record: RefundType=PER, ControlDate=2026-02-11, ControlNbr=701, ActAmt=00000060000
2026-02-24 12:02:02 INFO  com.abcbs.crrs.jobs.P09360.P09360FileWriter - Full Record: P09GlDedsRecord(p09deds_julian=26042, p09deds_hhmmsss=1436068, filler=2900, gl_p09deds_id=01, gl_refund_type=PER, gl_control_date=2026-02-11, gl_control_nbr=701, gl_receipt_type=PA, gl_bank_acct_nbr=, gl_acct_nbr=108200000000, gl_act_code=EST, gl_act_amt=00000060000, gl_act_date=2026-02-11, gl_report_mo=02, gl_report_yr=26, gl_patient_ln=WOODSON, gl_patient_fn=STACY, gl_mbr_id_nbr=TTF826195569, gl_xref_type=, gl_xref_claim_nbr=, gl_xref_date=, gl_cash_rec_bal=00000060000, gl_corp=01, gl_filler=)
2026-02-24 12:02:02 DEBUG com.abcbs.crrs.jobs.P09360.P09360FileWriter - Suppressing refundType in detail line for record on page 20: prevRefundType matches
2026-02-24 12:02:02 DEBUG com.abcbs.crrs.jobs.P09360.P09360FileWriter - Detail line written for member TTF826195569 (refundType=PER): 02/11/26  701    WOODSON        STACY        TTF826195569  EST  02/11/26          $600.00
2026-02-24 12:02:02 INFO  com.abcbs.crrs.jobs.P09360.P09360FileWriter - act amount:600.00
2026-02-24 12:02:02 DEBUG com.abcbs.crrs.jobs.P09360.P09360FileWriter - Processing record: RefundType=PER, ControlDate=2026-02-11, ControlNbr=701, ActAmt=-00000060000
2026-02-24 12:02:02 INFO  com.abcbs.crrs.jobs.P09360.P09360FileWriter - Full Record: P09GlDedsRecord(p09deds_julian=26042, p09deds_hhmmsss=1436068, filler=2900, gl_p09deds_id=01, gl_refund_type=PER, gl_control_date=2026-02-11, gl_control_nbr=701, gl_receipt_type=PA, gl_bank_acct_nbr=, gl_acct_nbr=280000000000, gl_act_code=EST, gl_act_amt=-00000060000, gl_act_date=2026-02-11, gl_report_mo=02, gl_report_yr=26, gl_patient_ln=WOODSON, gl_patient_fn=STACY, gl_mbr_id_nbr=TTF826195569, gl_xref_type=, gl_xref_claim_nbr=, gl_xref_date=, gl_cash_rec_bal=00000060000, gl_corp=01, gl_filler=)
2026-02-24 12:02:02 DEBUG com.abcbs.crrs.jobs.P09360.P09360FileWriter - Suppressing refundType in detail line for record on page 20: prevRefundType matches
2026-02-24 12:02:02 DEBUG com.abcbs.crrs.jobs.P09360.P09360FileWriter - Suppressing detail fields: controlDate, controlNbr, actCode, actDate, patient names for record
2026-02-24 12:02:02 DEBUG com.abcbs.crrs.jobs.P09360.P09360FileWriter - Detail line written for member TTF826195569 (refundType=PER): $600.00-
2026-02-24 12:02:02 INFO  com.abcbs.crrs.jobs.P09360.P09360FileWriter - act amount:-600.00
2026-02-24 12:02:02 DEBUG com.abcbs.crrs.jobs.P09360.P09360FileWriter - Processing record: RefundType=PER, ControlDate=2026-02-11, ControlNbr=702, ActAmt=00000126000
2026-02-24 12:02:02 INFO  com.abcbs.crrs.jobs.P09360.P09360FileWriter - Full Record: P09GlDedsRecord(p09deds_julian=26042, p09deds_hhmmsss=1436068, filler=2900, gl_p09deds_id=01, gl_refund_type=PER, gl_control_date=2026-02-11, gl_control_nbr=702, gl_receipt_type=PA, gl_bank_acct_nbr=, gl_acct_nbr=108200000000, gl_act_code=EST, gl_act_amt=00000126000, gl_act_date=2026-02-11, gl_report_mo=02, gl_report_yr=26, gl_patient_ln=CRAIN, gl_patient_fn=JAMES, gl_mbr_id_nbr=VKK201541311, gl_xref_type=, gl_xref_claim_nbr=, gl_xref_date=, gl_cash_rec_bal=00000126000, gl_corp=01, gl_filler=)
2026-02-24 12:02:02 DEBUG com.abcbs.crrs.jobs.P09360.P09360FileWriter - Suppressing refundType in detail line for record on page 20: prevRefundType matches
2026-02-24 12:02:02 DEBUG com.abcbs.crrs.jobs.P09360.P09360FileWriter - Detail line written for member VKK201541311 (refundType=PER): 02/11/26  702    CRAIN          JAMES        VKK201541311  EST  02/11/26        $1,260.00
2026-02-24 12:02:02 INFO  com.abcbs.crrs.jobs.P09360.P09360FileWriter - act amount:1260.00
2026-02-24 12:02:02 DEBUG com.abcbs.crrs.jobs.P09360.P09360FileWriter - Processing record: RefundType=PER, ControlDate=2026-02-11, ControlNbr=702, ActAmt=-00000126000
2026-02-24 12:02:02 INFO  com.abcbs.crrs.jobs.P09360.P09360FileWriter - Full Record: P09GlDedsRecord(p09deds_julian=26042, p09deds_hhmmsss=1436068, filler=2900, gl_p09deds_id=01, gl_refund_type=PER, gl_control_date=2026-02-11, gl_control_nbr=702, gl_receipt_type=PA, gl_bank_acct_nbr=, gl_acct_nbr=280000000000, gl_act_code=EST, gl_act_amt=-00000126000, gl_act_date=2026-02-11, gl_report_mo=02, gl_report_yr=26, gl_patient_ln=CRAIN, gl_patient_fn=JAMES, gl_mbr_id_nbr=VKK201541311, gl_xref_type=, gl_xref_claim_nbr=, gl_xref_date=, gl_cash_rec_bal=00000126000, gl_corp=01, gl_filler=)
2026-02-24 12:02:02 DEBUG com.abcbs.crrs.jobs.P09360.P09360FileWriter - Suppressing refundType in detail line for record on page 20: prevRefundType matches
2026-02-24 12:02:02 DEBUG com.abcbs.crrs.jobs.P09360.P09360FileWriter - Suppressing detail fields: controlDate, controlNbr, actCode, actDate, patient names for record
2026-02-24 12:02:02 DEBUG com.abcbs.crrs.jobs.P09360.P09360FileWriter - Detail line written for member VKK201541311 (refundType=PER): $1,260.00-
2026-02-24 12:02:02 INFO  com.abcbs.crrs.jobs.P09360.P09360FileWriter - act amount:-1260.00
2026-02-24 12:02:02 DEBUG com.abcbs.crrs.jobs.P09360.P09360FileWriter - Processing record: RefundType=PER, ControlDate=2026-02-11, ControlNbr=703, ActAmt=00000117000
2026-02-24 12:02:02 INFO  com.abcbs.crrs.jobs.P09360.P09360FileWriter - Full Record: P09GlDedsRecord(p09deds_julian=26042, p09deds_hhmmsss=1436068, filler=2900, gl_p09deds_id=01, gl_refund_type=PER, gl_control_date=2026-02-11, gl_control_nbr=703, gl_receipt_type=PA, gl_bank_acct_nbr=, gl_acct_nbr=108200000000, gl_act_code=EST, gl_act_amt=00000117000, gl_act_date=2026-02-11, gl_report_mo=02, gl_report_yr=26, gl_patient_ln=FOWLER, gl_patient_fn=LASHAY, gl_mbr_id_nbr=AQT603910820, gl_xref_type=, gl_xref_claim_nbr=, gl_xref_date=, gl_cash_rec_bal=00000117000, gl_corp=01, gl_filler=)
2026-02-24 12:02:02 DEBUG com.abcbs.crrs.jobs.P09360.P09360FileWriter - Suppressing refundType in detail line for record on page 20: prevRefundType matches
2026-02-24 12:02:02 DEBUG com.abcbs.crrs.jobs.P09360.P09360FileWriter - Detail line written for member AQT603910820 (refundType=PER): 02/11/26  703    FOWLER         LASHAY       AQT603910820  EST  02/11/26        $1,170.00
2026-02-24 12:02:02 INFO  com.abcbs.crrs.jobs.P09360.P09360FileWriter - act amount:1170.00
2026-02-24 12:02:02 DEBUG com.abcbs.crrs.jobs.P09360.P09360FileWriter - Processing record: RefundType=PER, ControlDate=2026-02-11, ControlNbr=703, ActAmt=-00000117000
2026-02-24 12:02:02 INFO  com.abcbs.crrs.jobs.P09360.P09360FileWriter - Full Record: P09GlDedsRecord(p09deds_julian=26042, p09deds_hhmmsss=1436068, filler=2900, gl_p09deds_id=01, gl_refund_type=PER, gl_control_date=2026-02-11, gl_control_nbr=703, gl_receipt_type=PA, gl_bank_acct_nbr=, gl_acct_nbr=280000000000, gl_act_code=EST, gl_act_amt=-00000117000, gl_act_date=2026-02-11, gl_report_mo=02, gl_report_yr=26, gl_patient_ln=FOWLER, gl_patient_fn=LASHAY, gl_mbr_id_nbr=AQT603910820, gl_xref_type=, gl_xref_claim_nbr=, gl_xref_date=, gl_cash_rec_bal=00000117000, gl_corp=01, gl_filler=)
2026-02-24 12:02:02 DEBUG com.abcbs.crrs.jobs.P09360.P09360FileWriter - Suppressing refundType in detail line for record on page 20: prevRefundType matches
2026-02-24 12:02:02 DEBUG com.abcbs.crrs.jobs.P09360.P09360FileWriter - Suppressing detail fields: controlDate, controlNbr, actCode, actDate, patient names for record
2026-02-24 12:02:02 DEBUG com.abcbs.crrs.jobs.P09360.P09360FileWriter - Detail line written for member AQT603910820 (refundType=PER): $1,170.00-
2026-02-24 12:02:02 INFO  com.abcbs.crrs.jobs.P09360.P09360FileWriter - act amount:-1170.00
2026-02-24 12:02:02 DEBUG com.abcbs.crrs.jobs.P09360.P09360FileWriter - Processing record: RefundType=PER, ControlDate=2026-02-11, ControlNbr=704, ActAmt=00000102000
2026-02-24 12:02:02 INFO  com.abcbs.crrs.jobs.P09360.P09360FileWriter - Full Record: P09GlDedsRecord(p09deds_julian=26042, p09deds_hhmmsss=1436068, filler=2900, gl_p09deds_id=01, gl_refund_type=PER, gl_control_date=2026-02-11, gl_control_nbr=704, gl_receipt_type=PA, gl_bank_acct_nbr=, gl_acct_nbr=108200000000, gl_act_code=EST, gl_act_amt=00000102000, gl_act_date=2026-02-11, gl_report_mo=02, gl_report_yr=26, gl_patient_ln=MORRIS, gl_patient_fn=DANIEL, gl_mbr_id_nbr=LAS388283757, gl_xref_type=, gl_xref_claim_nbr=, gl_xref_date=, gl_cash_rec_bal=00000102000, gl_corp=01, gl_filler=)
2026-02-24 12:02:02 DEBUG com.abcbs.crrs.jobs.P09360.P09360FileWriter - Suppressing refundType in detail line for record on page 20: prevRefundType matches
2026-02-24 12:02:02 DEBUG com.abcbs.crrs.jobs.P09360.P09360FileWriter - Detail line written for member LAS388283757 (refundType=PER): 02/11/26  704    MORRIS         DANIEL       LAS388283757  EST  02/11/26        $1,020.00
2026-02-24 12:02:02 INFO  com.abcbs.crrs.jobs.P09360.P09360FileWriter - act amount:1020.00
2026-02-24 12:02:02 DEBUG com.abcbs.crrs.jobs.P09360.P09360FileWriter - Processing record: RefundType=PER, ControlDate=2026-02-11, ControlNbr=704, ActAmt=-00000102000
2026-02-24 12:02:02 INFO  com.abcbs.crrs.jobs.P09360.P09360FileWriter - Full Record: P09GlDedsRecord(p09deds_julian=26042, p09deds_hhmmsss=1436068, filler=2900, gl_p09deds_id=01, gl_refund_type=PER, gl_control_date=2026-02-11, gl_control_nbr=704, gl_receipt_type=PA, gl_bank_acct_nbr=, gl_acct_nbr=280000000000, gl_act_code=EST, gl_act_amt=-00000102000, gl_act_date=2026-02-11, gl_report_mo=02, gl_report_yr=26, gl_patient_ln=MORRIS, gl_patient_fn=DANIEL, gl_mbr_id_nbr=LAS388283757, gl_xref_type=, gl_xref_claim_nbr=, gl_xref_date=, gl_cash_rec_bal=00000102000, gl_corp=01, gl_filler=)
2026-02-24 12:02:02 DEBUG com.abcbs.crrs.jobs.P09360.P09360FileWriter - Suppressing refundType in detail line for record on page 20: prevRefundType matches
2026-02-24 12:02:02 DEBUG com.abcbs.crrs.jobs.P09360.P09360FileWriter - Suppressing detail fields: controlDate, controlNbr, actCode, actDate, patient names for record
2026-02-24 12:02:02 DEBUG com.abcbs.crrs.jobs.P09360.P09360FileWriter - Detail line written for member LAS388283757 (refundType=PER): $1,020.00-
2026-02-24 12:02:02 INFO  com.abcbs.crrs.jobs.P09360.P09360FileWriter - act amount:-1020.00
2026-02-24 12:02:02 DEBUG com.abcbs.crrs.jobs.P09360.P09360FileWriter - Processing record: RefundType=PER, ControlDate=2026-02-11, ControlNbr=705, ActAmt=00000021000
2026-02-24 12:02:02 INFO  com.abcbs.crrs.jobs.P09360.P09360FileWriter - Full Record: P09GlDedsRecord(p09deds_julian=26042, p09deds_hhmmsss=1436068, filler=2900, gl_p09deds_id=01, gl_refund_type=PER, gl_control_date=2026-02-11, gl_control_nbr=705, gl_receipt_type=PA, gl_bank_acct_nbr=, gl_acct_nbr=108200000000, gl_act_code=EST, gl_act_amt=00000021000, gl_act_date=2026-02-11, gl_report_mo=02, gl_report_yr=26, gl_patient_ln=DANIEL, gl_patient_fn=ANGELA, gl_mbr_id_nbr=LAS388283757, gl_xref_type=, gl_xref_claim_nbr=, gl_xref_date=, gl_cash_rec_bal=00000021000, gl_corp=01, gl_filler=)
2026-02-24 12:02:02 DEBUG com.abcbs.crrs.jobs.P09360.P09360FileWriter - Suppressing refundType in detail line for record on page 20: prevRefundType matches
2026-02-24 12:02:02 DEBUG com.abcbs.crrs.jobs.P09360.P09360FileWriter - Detail line written for member LAS388283757 (refundType=PER): 02/11/26  705    DANIEL         ANGELA       LAS388283757  EST  02/11/26          $210.00
2026-02-24 12:02:02 INFO  com.abcbs.crrs.jobs.P09360.P09360FileWriter - act amount:210.00
2026-02-24 12:02:02 DEBUG com.abcbs.crrs.jobs.P09360.P09360FileWriter - Processing record: RefundType=PER, ControlDate=2026-02-11, ControlNbr=705, ActAmt=-00000021000
2026-02-24 12:02:02 INFO  com.abcbs.crrs.jobs.P09360.P09360FileWriter - Full Record: P09GlDedsRecord(p09deds_julian=26042, p09deds_hhmmsss=1436068, filler=2900, gl_p09deds_id=01, gl_refund_type=PER, gl_control_date=2026-02-11, gl_control_nbr=705, gl_receipt_type=PA, gl_bank_acct_nbr=, gl_acct_nbr=280000000000, gl_act_code=EST, gl_act_amt=-00000021000, gl_act_date=2026-02-11, gl_report_mo=02, gl_report_yr=26, gl_patient_ln=DANIEL, gl_patient_fn=ANGELA, gl_mbr_id_nbr=LAS388283757, gl_xref_type=, gl_xref_claim_nbr=, gl_xref_date=, gl_cash_rec_bal=00000021000, gl_corp=01, gl_filler=)
2026-02-24 12:02:02 DEBUG com.abcbs.crrs.jobs.P09360.P09360FileWriter - Suppressing refundType in detail line for record on page 20: prevRefundType matches
2026-02-24 12:02:02 DEBUG com.abcbs.crrs.jobs.P09360.P09360FileWriter - Suppressing detail fields: controlDate, controlNbr, actCode, actDate, patient names for record
2026-02-24 12:02:02 DEBUG com.abcbs.crrs.jobs.P09360.P09360FileWriter - Detail line written for member LAS388283757 (refundType=PER): $210.00-
2026-02-24 12:02:02 INFO  com.abcbs.crrs.jobs.P09360.P09360FileWriter - act amount:-210.00
2026-02-24 12:02:02 DEBUG com.abcbs.crrs.jobs.P09360.P09360FileWriter - Processing record: RefundType=PER, ControlDate=2026-02-11, ControlNbr=706, ActAmt=00000009100
2026-02-24 12:02:02 INFO  com.abcbs.crrs.jobs.P09360.P09360FileWriter - Full Record: P09GlDedsRecord(p09deds_julian=26042, p09deds_hhmmsss=1436068, filler=2900, gl_p09deds_id=01, gl_refund_type=PER, gl_control_date=2026-02-11, gl_control_nbr=706, gl_receipt_type=PA, gl_bank_acct_nbr=, gl_acct_nbr=108200000000, gl_act_code=EST, gl_act_amt=00000009100, gl_act_date=2026-02-11, gl_report_mo=02, gl_report_yr=26, gl_patient_ln=FORD, gl_patient_fn=PAMELA, gl_mbr_id_nbr=R58972167, gl_xref_type=, gl_xref_claim_nbr=, gl_xref_date=, gl_cash_rec_bal=00000009100, gl_corp=01, gl_filler=)
2026-02-24 12:02:02 DEBUG com.abcbs.crrs.jobs.P09360.P09360FileWriter - Suppressing refundType in detail line for record on page 20: prevRefundType matches
2026-02-24 12:02:02 DEBUG com.abcbs.crrs.jobs.P09360.P09360FileWriter - Detail line written for member R58972167 (refundType=PER): 02/11/26  706    FORD           PAMELA       R58972167     EST  02/11/26           $91.00
2026-02-24 12:02:02 INFO  com.abcbs.crrs.jobs.P09360.P09360FileWriter - act amount:91.00
2026-02-24 12:02:02 DEBUG com.abcbs.crrs.jobs.P09360.P09360FileWriter - Processing record: RefundType=PER, ControlDate=2026-02-11, ControlNbr=706, ActAmt=-00000009100
2026-02-24 12:02:02 INFO  com.abcbs.crrs.jobs.P09360.P09360FileWriter - Full Record: P09GlDedsRecord(p09deds_julian=26042, p09deds_hhmmsss=1436068, filler=2900, gl_p09deds_id=01, gl_refund_type=PER, gl_control_date=2026-02-11, gl_control_nbr=706, gl_receipt_type=PA, gl_bank_acct_nbr=, gl_acct_nbr=280000000000, gl_act_code=EST, gl_act_amt=-00000009100, gl_act_date=2026-02-11, gl_report_mo=02, gl_report_yr=26, gl_patient_ln=FORD, gl_patient_fn=PAMELA, gl_mbr_id_nbr=R58972167, gl_xref_type=, gl_xref_claim_nbr=, gl_xref_date=, gl_cash_rec_bal=00000009100, gl_corp=01, gl_filler=)
2026-02-24 12:02:02 DEBUG com.abcbs.crrs.jobs.P09360.P09360FileWriter - Suppressing refundType in detail line for record on page 20: prevRefundType matches
2026-02-24 12:02:02 DEBUG com.abcbs.crrs.jobs.P09360.P09360FileWriter - Suppressing detail fields: controlDate, controlNbr, actCode, actDate, patient names for record
2026-02-24 12:02:02 DEBUG com.abcbs.crrs.jobs.P09360.P09360FileWriter - Detail line written for member R58972167 (refundType=PER): $91.00-
2026-02-24 12:02:02 INFO  com.abcbs.crrs.jobs.P09360.P09360FileWriter - act amount:-91.00
2026-02-24 12:02:02 DEBUG com.abcbs.crrs.jobs.P09360.P09360FileWriter - Processing record: RefundType=PER, ControlDate=2026-02-11, ControlNbr=707, ActAmt=00000218087
2026-02-24 12:02:02 INFO  com.abcbs.crrs.jobs.P09360.P09360FileWriter - Full Record: P09GlDedsRecord(p09deds_julian=26042, p09deds_hhmmsss=1436068, filler=2900, gl_p09deds_id=01, gl_refund_type=PER, gl_control_date=2026-02-11, gl_control_nbr=707, gl_receipt_type=PA, gl_bank_acct_nbr=, gl_acct_nbr=108200000000, gl_act_code=EST, gl_act_amt=00000218087, gl_act_date=2026-02-11, gl_report_mo=02, gl_report_yr=26, gl_patient_ln=PRUETT, gl_patient_fn=HARRISON, gl_mbr_id_nbr=XJBH43698747, gl_xref_type=, gl_xref_claim_nbr=, gl_xref_date=, gl_cash_rec_bal=00000218087, gl_corp=01, gl_filler=)
2026-02-24 12:02:02 DEBUG com.abcbs.crrs.jobs.P09360.P09360FileWriter - Suppressing refundType in detail line for record on page 20: prevRefundType matches
2026-02-24 12:02:02 DEBUG com.abcbs.crrs.jobs.P09360.P09360FileWriter - Detail line written for member XJBH43698747 (refundType=PER): 02/11/26  707    PRUETT         HARRISON     XJBH43698747  EST  02/11/26        $2,180.87
2026-02-24 12:02:02 INFO  com.abcbs.crrs.jobs.P09360.P09360FileWriter - act amount:2180.87
2026-02-24 12:02:02 DEBUG com.abcbs.crrs.jobs.P09360.P09360FileWriter - Processing record: RefundType=PER, ControlDate=2026-02-11, ControlNbr=707, ActAmt=-00000218087
2026-02-24 12:02:02 INFO  com.abcbs.crrs.jobs.P09360.P09360FileWriter - Full Record: P09GlDedsRecord(p09deds_julian=26042, p09deds_hhmmsss=1436068, filler=2900, gl_p09deds_id=01, gl_refund_type=PER, gl_control_date=2026-02-11, gl_control_nbr=707, gl_receipt_type=PA, gl_bank_acct_nbr=, gl_acct_nbr=280000000000, gl_act_code=EST, gl_act_amt=-00000218087, gl_act_date=2026-02-11, gl_report_mo=02, gl_report_yr=26, gl_patient_ln=PRUETT, gl_patient_fn=HARRISON, gl_mbr_id_nbr=XJBH43698747, gl_xref_type=, gl_xref_claim_nbr=, gl_xref_date=, gl_cash_rec_bal=00000218087, gl_corp=01, gl_filler=)
2026-02-24 12:02:02 DEBUG com.abcbs.crrs.jobs.P09360.P09360FileWriter - Suppressing refundType in detail line for record on page 20: prevRefundType matches
2026-02-24 12:02:02 DEBUG com.abcbs.crrs.jobs.P09360.P09360FileWriter - Suppressing detail fields: controlDate, controlNbr, actCode, actDate, patient names for record
2026-02-24 12:02:02 DEBUG com.abcbs.crrs.jobs.P09360.P09360FileWriter - Detail line written for member XJBH43698747 (refundType=PER): $2,180.87-
2026-02-24 12:02:02 INFO  com.abcbs.crrs.jobs.P09360.P09360FileWriter - act amount:-2180.87
2026-02-24 12:02:02 DEBUG com.abcbs.crrs.jobs.P09360.P09360FileWriter - Processing record: RefundType=PER, ControlDate=2026-02-11, ControlNbr=708, ActAmt=00000021431
2026-02-24 12:02:02 INFO  com.abcbs.crrs.jobs.P09360.P09360FileWriter - Full Record: P09GlDedsRecord(p09deds_julian=26042, p09deds_hhmmsss=1436068, filler=2900, gl_p09deds_id=01, gl_refund_type=PER, gl_control_date=2026-02-11, gl_control_nbr=708, gl_receipt_type=PA, gl_bank_acct_nbr=, gl_acct_nbr=108200000000, gl_act_code=EST, gl_act_amt=00000021431, gl_act_date=2026-02-11, gl_report_mo=02, gl_report_yr=26, gl_patient_ln=HILL, gl_patient_fn=TAYLOR, gl_mbr_id_nbr=GFM267M98208, gl_xref_type=, gl_xref_claim_nbr=, gl_xref_date=, gl_cash_rec_bal=00000021431, gl_corp=01, gl_filler=)
2026-02-24 12:02:02 DEBUG com.abcbs.crrs.jobs.P09360.P09360FileWriter - Suppressing refundType in detail line for record on page 20: prevRefundType matches
2026-02-24 12:02:02 DEBUG com.abcbs.crrs.jobs.P09360.P09360FileWriter - Detail line written for member GFM267M98208 (refundType=PER): 02/11/26  708    HILL           TAYLOR       GFM267M98208  EST  02/11/26          $214.31
2026-02-24 12:02:02 INFO  com.abcbs.crrs.jobs.P09360.P09360FileWriter - act amount:214.31
2026-02-24 12:02:02 DEBUG com.abcbs.crrs.jobs.P09360.P09360FileWriter - Processing record: RefundType=PER, ControlDate=2026-02-11, ControlNbr=708, ActAmt=-00000021431
2026-02-24 12:02:02 INFO  com.abcbs.crrs.jobs.P09360.P09360FileWriter - Full Record: P09GlDedsRecord(p09deds_julian=26042, p09deds_hhmmsss=1436068, filler=2900, gl_p09deds_id=01, gl_refund_type=PER, gl_control_date=2026-02-11, gl_control_nbr=708, gl_receipt_type=PA, gl_bank_acct_nbr=, gl_acct_nbr=280000000000, gl_act_code=EST, gl_act_amt=-00000021431, gl_act_date=2026-02-11, gl_report_mo=02, gl_report_yr=26, gl_patient_ln=HILL, gl_patient_fn=TAYLOR, gl_mbr_id_nbr=GFM267M98208, gl_xref_type=, gl_xref_claim_nbr=, gl_xref_date=, gl_cash_rec_bal=00000021431, gl_corp=01, gl_filler=)
2026-02-24 12:02:02 DEBUG com.abcbs.crrs.jobs.P09360.P09360FileWriter - Suppressing refundType in detail line for record on page 20: prevRefundType matches
2026-02-24 12:02:02 DEBUG com.abcbs.crrs.jobs.P09360.P09360FileWriter - Suppressing detail fields: controlDate, controlNbr, actCode, actDate, patient names for record
2026-02-24 12:02:02 DEBUG com.abcbs.crrs.jobs.P09360.P09360FileWriter - Detail line written for member GFM267M98208 (refundType=PER): $214.31-
2026-02-24 12:02:02 INFO  com.abcbs.crrs.jobs.P09360.P09360FileWriter - act amount:-214.31
2026-02-24 12:02:02 DEBUG com.abcbs.crrs.jobs.P09360.P09360FileWriter - Processing record: RefundType=PER, ControlDate=2026-02-11, ControlNbr=709, ActAmt=00000023134
2026-02-24 12:02:02 INFO  com.abcbs.crrs.jobs.P09360.P09360FileWriter - Full Record: P09GlDedsRecord(p09deds_julian=26042, p09deds_hhmmsss=1436068, filler=2900, gl_p09deds_id=01, gl_refund_type=PER, gl_control_date=2026-02-11, gl_control_nbr=709, gl_receipt_type=PA, gl_bank_acct_nbr=, gl_acct_nbr=108200000000, gl_act_code=EST, gl_act_amt=00000023134, gl_act_date=2026-02-11, gl_report_mo=02, gl_report_yr=26, gl_patient_ln=BARNES, gl_patient_fn=EMILY, gl_mbr_id_nbr=CMB732158540, gl_xref_type=, gl_xref_claim_nbr=, gl_xref_date=, gl_cash_rec_bal=00000023134, gl_corp=01, gl_filler=)
2026-02-24 12:02:02 DEBUG com.abcbs.crrs.jobs.P09360.P09360FileWriter - Suppressing refundType in detail line for record on page 20: prevRefundType matches
2026-02-24 12:02:02 DEBUG com.abcbs.crrs.jobs.P09360.P09360FileWriter - Detail line written for member CMB732158540 (refundType=PER): 02/11/26  709    BARNES         EMILY        CMB732158540  EST  02/11/26          $231.34
2026-02-24 12:02:02 INFO  com.abcbs.crrs.jobs.P09360.P09360FileWriter - act amount:231.34
2026-02-24 12:02:02 DEBUG com.abcbs.crrs.jobs.P09360.P09360FileWriter - Processing record: RefundType=PER, ControlDate=2026-02-11, ControlNbr=709, ActAmt=-00000023134
2026-02-24 12:02:02 INFO  com.abcbs.crrs.jobs.P09360.P09360FileWriter - Full Record: P09GlDedsRecord(p09deds_julian=26042, p09deds_hhmmsss=1436068, filler=2900, gl_p09deds_id=01, gl_refund_type=PER, gl_control_date=2026-02-11, gl_control_nbr=709, gl_receipt_type=PA, gl_bank_acct_nbr=, gl_acct_nbr=280000000000, gl_act_code=EST, gl_act_amt=-00000023134, gl_act_date=2026-02-11, gl_report_mo=02, gl_report_yr=26, gl_patient_ln=BARNES, gl_patient_fn=EMILY, gl_mbr_id_nbr=CMB732158540, gl_xref_type=, gl_xref_claim_nbr=, gl_xref_date=, gl_cash_rec_bal=00000023134, gl_corp=01, gl_filler=)
2026-02-24 12:02:02 DEBUG com.abcbs.crrs.jobs.P09360.P09360FileWriter - Suppressing refundType in detail line for record on page 20: prevRefundType matches
2026-02-24 12:02:02 DEBUG com.abcbs.crrs.jobs.P09360.P09360FileWriter - Suppressing detail fields: controlDate, controlNbr, actCode, actDate, patient names for record
2026-02-24 12:02:02 DEBUG com.abcbs.crrs.jobs.P09360.P09360FileWriter - Detail line written for member CMB732158540 (refundType=PER): $231.34-
2026-02-24 12:02:02 INFO  com.abcbs.crrs.jobs.P09360.P09360FileWriter - act amount:-231.34
2026-02-24 12:02:02 DEBUG com.abcbs.crrs.jobs.P09360.P09360FileWriter - Processing record: RefundType=PER, ControlDate=2026-02-11, ControlNbr=710, ActAmt=00000002250
2026-02-24 12:02:02 INFO  com.abcbs.crrs.jobs.P09360.P09360FileWriter - Full Record: P09GlDedsRecord(p09deds_julian=26042, p09deds_hhmmsss=1436068, filler=2900, gl_p09deds_id=01, gl_refund_type=PER, gl_control_date=2026-02-11, gl_control_nbr=710, gl_receipt_type=PA, gl_bank_acct_nbr=, gl_acct_nbr=108200000000, gl_act_code=EST, gl_act_amt=00000002250, gl_act_date=2026-02-11, gl_report_mo=02, gl_report_yr=26, gl_patient_ln=REMMEL, gl_patient_fn=MARGARET, gl_mbr_id_nbr=DIV904889712, gl_xref_type=, gl_xref_claim_nbr=, gl_xref_date=, gl_cash_rec_bal=00000002250, gl_corp=01, gl_filler=)
2026-02-24 12:02:02 DEBUG com.abcbs.crrs.jobs.P09360.P09360FileWriter - Suppressing refundType in detail line for record on page 20: prevRefundType matches
2026-02-24 12:02:02 DEBUG com.abcbs.crrs.jobs.P09360.P09360FileWriter - Detail line written for member DIV904889712 (refundType=PER): 02/11/26  710    REMMEL         MARGARET     DIV904889712  EST  02/11/26           $22.50
2026-02-24 12:02:02 INFO  com.abcbs.crrs.jobs.P09360.P09360FileWriter - act amount:22.50
2026-02-24 12:02:02 DEBUG com.abcbs.crrs.jobs.P09360.P09360FileWriter - Processing record: RefundType=PER, ControlDate=2026-02-11, ControlNbr=710, ActAmt=-00000002250
2026-02-24 12:02:02 INFO  com.abcbs.crrs.jobs.P09360.P09360FileWriter - Full Record: P09GlDedsRecord(p09deds_julian=26042, p09deds_hhmmsss=1436068, filler=2900, gl_p09deds_id=01, gl_refund_type=PER, gl_control_date=2026-02-11, gl_control_nbr=710, gl_receipt_type=PA, gl_bank_acct_nbr=, gl_acct_nbr=280000000000, gl_act_code=EST, gl_act_amt=-00000002250, gl_act_date=2026-02-11, gl_report_mo=02, gl_report_yr=26, gl_patient_ln=REMMEL, gl_patient_fn=MARGARET, gl_mbr_id_nbr=DIV904889712, gl_xref_type=, gl_xref_claim_nbr=, gl_xref_date=, gl_cash_rec_bal=00000002250, gl_corp=01, gl_filler=)
2026-02-24 12:02:02 DEBUG com.abcbs.crrs.jobs.P09360.P09360FileWriter - Suppressing refundType in detail line for record on page 20: prevRefundType matches
2026-02-24 12:02:02 DEBUG com.abcbs.crrs.jobs.P09360.P09360FileWriter - Suppressing detail fields: controlDate, controlNbr, actCode, actDate, patient names for record
2026-02-24 12:02:02 DEBUG com.abcbs.crrs.jobs.P09360.P09360FileWriter - Detail line written for member DIV904889712 (refundType=PER): $22.50-
2026-02-24 12:02:02 INFO  com.abcbs.crrs.jobs.P09360.P09360FileWriter - act amount:-22.50
2026-02-24 12:02:02 DEBUG com.abcbs.crrs.jobs.P09360.P09360FileWriter - Processing record: RefundType=PER, ControlDate=2026-02-11, ControlNbr=711, ActAmt=00000006858
2026-02-24 12:02:02 INFO  com.abcbs.crrs.jobs.P09360.P09360FileWriter - Full Record: P09GlDedsRecord(p09deds_julian=26042, p09deds_hhmmsss=1436068, filler=2900, gl_p09deds_id=01, gl_refund_type=PER, gl_control_date=2026-02-11, gl_control_nbr=711, gl_receipt_type=PA, gl_bank_acct_nbr=, gl_acct_nbr=108200000000, gl_act_code=EST, gl_act_amt=00000006858, gl_act_date=2026-02-11, gl_report_mo=02, gl_report_yr=26, gl_patient_ln=LEBOEUF, gl_patient_fn=RICHARD, gl_mbr_id_nbr=KNA7526374AB, gl_xref_type=, gl_xref_claim_nbr=, gl_xref_date=, gl_cash_rec_bal=00000006858, gl_corp=01, gl_filler=)
2026-02-24 12:02:02 DEBUG com.abcbs.crrs.jobs.P09360.P09360FileWriter - Suppressing refundType in detail line for record on page 20: prevRefundType matches
2026-02-24 12:02:02 DEBUG com.abcbs.crrs.jobs.P09360.P09360FileWriter - Detail line written for member KNA7526374AB (refundType=PER): 02/11/26  711    LEBOEUF        RICHARD      KNA7526374AB  EST  02/11/26           $68.58
2026-02-24 12:02:02 INFO  com.abcbs.crrs.jobs.P09360.P09360FileWriter - act amount:68.58
2026-02-24 12:02:02 DEBUG com.abcbs.crrs.jobs.P09360.P09360FileWriter - Processing record: RefundType=PER, ControlDate=2026-02-11, ControlNbr=711, ActAmt=-00000006858
2026-02-24 12:02:02 INFO  com.abcbs.crrs.jobs.P09360.P09360FileWriter - Full Record: P09GlDedsRecord(p09deds_julian=26042, p09deds_hhmmsss=1436068, filler=2900, gl_p09deds_id=01, gl_refund_type=PER, gl_control_date=2026-02-11, gl_control_nbr=711, gl_receipt_type=PA, gl_bank_acct_nbr=, gl_acct_nbr=280000000000, gl_act_code=EST, gl_act_amt=-00000006858, gl_act_date=2026-02-11, gl_report_mo=02, gl_report_yr=26, gl_patient_ln=LEBOEUF, gl_patient_fn=RICHARD, gl_mbr_id_nbr=KNA7526374AB, gl_xref_type=, gl_xref_claim_nbr=, gl_xref_date=, gl_cash_rec_bal=00000006858, gl_corp=01, gl_filler=)
2026-02-24 12:02:02 DEBUG com.abcbs.crrs.jobs.P09360.P09360FileWriter - Suppressing refundType in detail line for record on page 20: prevRefundType matches
2026-02-24 12:02:02 DEBUG com.abcbs.crrs.jobs.P09360.P09360FileWriter - Suppressing detail fields: controlDate, controlNbr, actCode, actDate, patient names for record
2026-02-24 12:02:02 DEBUG com.abcbs.crrs.jobs.P09360.P09360FileWriter - Detail line written for member KNA7526374AB (refundType=PER): $68.58-
2026-02-24 12:02:02 INFO  com.abcbs.crrs.jobs.P09360.P09360FileWriter - act amount:-68.58
2026-02-24 12:02:02 DEBUG com.abcbs.crrs.jobs.P09360.P09360FileWriter - Processing record: RefundType=PER, ControlDate=2026-02-11, ControlNbr=712, ActAmt=00000003171
2026-02-24 12:02:02 INFO  com.abcbs.crrs.jobs.P09360.P09360FileWriter - Full Record: P09GlDedsRecord(p09deds_julian=26042, p09deds_hhmmsss=1436068, filler=2900, gl_p09deds_id=01, gl_refund_type=PER, gl_control_date=2026-02-11, gl_control_nbr=712, gl_receipt_type=PA, gl_bank_acct_nbr=, gl_acct_nbr=108200000000, gl_act_code=EST, gl_act_amt=00000003171, gl_act_date=2026-02-11, gl_report_mo=02, gl_report_yr=26, gl_patient_ln=MOORE JR, gl_patient_fn=GOLDMAN, gl_mbr_id_nbr=R59259828, gl_xref_type=, gl_xref_claim_nbr=, gl_xref_date=, gl_cash_rec_bal=00000003171, gl_corp=01, gl_filler=)
2026-02-24 12:02:02 DEBUG com.abcbs.crrs.jobs.P09360.P09360FileWriter - Suppressing refundType in detail line for record on page 20: prevRefundType matches
2026-02-24 12:02:02 DEBUG com.abcbs.crrs.jobs.P09360.P09360FileWriter - Detail line written for member R59259828 (refundType=PER): 02/11/26  712    MOORE JR       GOLDMAN      R59259828     EST  02/11/26           $31.71
2026-02-24 12:02:02 INFO  com.abcbs.crrs.jobs.P09360.P09360FileWriter - act amount:31.71
2026-02-24 12:02:02 DEBUG com.abcbs.crrs.jobs.P09360.P09360FileWriter - Processing record: RefundType=PER, ControlDate=2026-02-11, ControlNbr=712, ActAmt=-00000003171
2026-02-24 12:02:02 INFO  com.abcbs.crrs.jobs.P09360.P09360FileWriter - Full Record: P09GlDedsRecord(p09deds_julian=26042, p09deds_hhmmsss=1436068, filler=2900, gl_p09deds_id=01, gl_refund_type=PER, gl_control_date=2026-02-11, gl_control_nbr=712, gl_receipt_type=PA, gl_bank_acct_nbr=, gl_acct_nbr=280000000000, gl_act_code=EST, gl_act_amt=-00000003171, gl_act_date=2026-02-11, gl_report_mo=02, gl_report_yr=26, gl_patient_ln=MOORE JR, gl_patient_fn=GOLDMAN, gl_mbr_id_nbr=R59259828, gl_xref_type=, gl_xref_claim_nbr=, gl_xref_date=, gl_cash_rec_bal=00000003171, gl_corp=01, gl_filler=)
2026-02-24 12:02:02 DEBUG com.abcbs.crrs.jobs.P09360.P09360FileWriter - Suppressing refundType in detail line for record on page 20: prevRefundType matches
2026-02-24 12:02:02 DEBUG com.abcbs.crrs.jobs.P09360.P09360FileWriter - Suppressing detail fields: controlDate, controlNbr, actCode, actDate, patient names for record
2026-02-24 12:02:02 DEBUG com.abcbs.crrs.jobs.P09360.P09360FileWriter - Detail line written for member R59259828 (refundType=PER): $31.71-
2026-02-24 12:02:02 INFO  com.abcbs.crrs.jobs.P09360.P09360FileWriter - act amount:-31.71
2026-02-24 12:02:02 DEBUG com.abcbs.crrs.jobs.P09360.P09360FileWriter - Processing record: RefundType=PER, ControlDate=2026-02-11, ControlNbr=713, ActAmt=00000001859
2026-02-24 12:02:02 INFO  com.abcbs.crrs.jobs.P09360.P09360FileWriter - Full Record: P09GlDedsRecord(p09deds_julian=26042, p09deds_hhmmsss=1436068, filler=2900, gl_p09deds_id=01, gl_refund_type=PER, gl_control_date=2026-02-11, gl_control_nbr=713, gl_receipt_type=PA, gl_bank_acct_nbr=, gl_acct_nbr=108200000000, gl_act_code=EST, gl_act_amt=00000001859, gl_act_date=2026-02-11, gl_report_mo=02, gl_report_yr=26, gl_patient_ln=MOORE JR, gl_patient_fn=GOLDMAN, gl_mbr_id_nbr=R59259828, gl_xref_type=, gl_xref_claim_nbr=, gl_xref_date=, gl_cash_rec_bal=00000001859, gl_corp=01, gl_filler=)
2026-02-24 12:02:02 DEBUG com.abcbs.crrs.jobs.P09360.P09360FileWriter - Suppressing refundType in detail line for record on page 20: prevRefundType matches
2026-02-24 12:02:02 DEBUG com.abcbs.crrs.jobs.P09360.P09360FileWriter - Detail line written for member R59259828 (refundType=PER): 02/11/26  713    MOORE JR       GOLDMAN      R59259828     EST  02/11/26           $18.59
2026-02-24 12:02:02 INFO  com.abcbs.crrs.jobs.P09360.P09360FileWriter - act amount:18.59
2026-02-24 12:02:02 DEBUG com.abcbs.crrs.jobs.P09360.P09360FileWriter - Processing record: RefundType=PER, ControlDate=2026-02-11, ControlNbr=713, ActAmt=-00000001859
2026-02-24 12:02:02 INFO  com.abcbs.crrs.jobs.P09360.P09360FileWriter - Full Record: P09GlDedsRecord(p09deds_julian=26042, p09deds_hhmmsss=1436068, filler=2900, gl_p09deds_id=01, gl_refund_type=PER, gl_control_date=2026-02-11, gl_control_nbr=713, gl_receipt_type=PA, gl_bank_acct_nbr=, gl_acct_nbr=280000000000, gl_act_code=EST, gl_act_amt=-00000001859, gl_act_date=2026-02-11, gl_report_mo=02, gl_report_yr=26, gl_patient_ln=MOORE JR, gl_patient_fn=GOLDMAN, gl_mbr_id_nbr=R59259828, gl_xref_type=, gl_xref_claim_nbr=, gl_xref_date=, gl_cash_rec_bal=00000001859, gl_corp=01, gl_filler=)
2026-02-24 12:02:02 DEBUG com.abcbs.crrs.jobs.P09360.P09360FileWriter - Suppressing refundType in detail line for record on page 20: prevRefundType matches
2026-02-24 12:02:02 DEBUG com.abcbs.crrs.jobs.P09360.P09360FileWriter - Suppressing detail fields: controlDate, controlNbr, actCode, actDate, patient names for record
2026-02-24 12:02:02 DEBUG com.abcbs.crrs.jobs.P09360.P09360FileWriter - Detail line written for member R59259828 (refundType=PER): $18.59-
2026-02-24 12:02:02 INFO  com.abcbs.crrs.jobs.P09360.P09360FileWriter - act amount:-18.59
2026-02-24 12:02:02 DEBUG com.abcbs.crrs.jobs.P09360.P09360FileWriter - Processing record: RefundType=PER, ControlDate=2026-02-11, ControlNbr=714, ActAmt=00000000022
2026-02-24 12:02:02 INFO  com.abcbs.crrs.jobs.P09360.P09360FileWriter - Full Record: P09GlDedsRecord(p09deds_julian=26042, p09deds_hhmmsss=1436068, filler=2900, gl_p09deds_id=01, gl_refund_type=PER, gl_control_date=2026-02-11, gl_control_nbr=714, gl_receipt_type=PA, gl_bank_acct_nbr=, gl_acct_nbr=108200000000, gl_act_code=EST, gl_act_amt=00000000022, gl_act_date=2026-02-11, gl_report_mo=02, gl_report_yr=26, gl_patient_ln=MILLER, gl_patient_fn=KATINA, gl_mbr_id_nbr=R61423254, gl_xref_type=, gl_xref_claim_nbr=, gl_xref_date=, gl_cash_rec_bal=00000000022, gl_corp=01, gl_filler=)
2026-02-24 12:02:02 DEBUG com.abcbs.crrs.jobs.P09360.P09360FileWriter - Suppressing refundType in detail line for record on page 20: prevRefundType matches
2026-02-24 12:02:02 DEBUG com.abcbs.crrs.jobs.P09360.P09360FileWriter - Detail line written for member R61423254 (refundType=PER): 02/11/26  714    MILLER         KATINA       R61423254     EST  02/11/26            $0.22
2026-02-24 12:02:02 INFO  com.abcbs.crrs.jobs.P09360.P09360FileWriter - act amount:0.22
2026-02-24 12:02:02 DEBUG com.abcbs.crrs.jobs.P09360.P09360FileWriter - Processing record: RefundType=PER, ControlDate=2026-02-11, ControlNbr=714, ActAmt=-00000000022
2026-02-24 12:02:02 INFO  com.abcbs.crrs.jobs.P09360.P09360FileWriter - Full Record: P09GlDedsRecord(p09deds_julian=26042, p09deds_hhmmsss=1436068, filler=2900, gl_p09deds_id=01, gl_refund_type=PER, gl_control_date=2026-02-11, gl_control_nbr=714, gl_receipt_type=PA, gl_bank_acct_nbr=, gl_acct_nbr=280000000000, gl_act_code=EST, gl_act_amt=-00000000022, gl_act_date=2026-02-11, gl_report_mo=02, gl_report_yr=26, gl_patient_ln=MILLER, gl_patient_fn=KATINA, gl_mbr_id_nbr=R61423254, gl_xref_type=, gl_xref_claim_nbr=, gl_xref_date=, gl_cash_rec_bal=00000000022, gl_corp=01, gl_filler=)
2026-02-24 12:02:02 DEBUG com.abcbs.crrs.jobs.P09360.P09360FileWriter - Suppressing refundType in detail line for record on page 20: prevRefundType matches
2026-02-24 12:02:02 DEBUG com.abcbs.crrs.jobs.P09360.P09360FileWriter - Suppressing detail fields: controlDate, controlNbr, actCode, actDate, patient names for record
2026-02-24 12:02:02 DEBUG com.abcbs.crrs.jobs.P09360.P09360FileWriter - Detail line written for member R61423254 (refundType=PER): $0.22-
2026-02-24 12:02:02 INFO  com.abcbs.crrs.jobs.P09360.P09360FileWriter - act amount:-0.22
2026-02-24 12:02:02 DEBUG com.abcbs.crrs.jobs.P09360.P09360FileWriter - Processing record: RefundType=PER, ControlDate=2026-02-11, ControlNbr=715, ActAmt=00000004980
2026-02-24 12:02:02 INFO  com.abcbs.crrs.jobs.P09360.P09360FileWriter - Full Record: P09GlDedsRecord(p09deds_julian=26042, p09deds_hhmmsss=1436068, filler=2900, gl_p09deds_id=01, gl_refund_type=PER, gl_control_date=2026-02-11, gl_control_nbr=715, gl_receipt_type=PA, gl_bank_acct_nbr=, gl_acct_nbr=108200000000, gl_act_code=EST, gl_act_amt=00000004980, gl_act_date=2026-02-11, gl_report_mo=02, gl_report_yr=26, gl_patient_ln=SHIPMAN, gl_patient_fn=CAROLYN, gl_mbr_id_nbr=R59258533, gl_xref_type=, gl_xref_claim_nbr=, gl_xref_date=, gl_cash_rec_bal=00000004980, gl_corp=01, gl_filler=)
2026-02-24 12:02:02 DEBUG com.abcbs.crrs.jobs.P09360.P09360FileWriter - Suppressing refundType in detail line for record on page 20: prevRefundType matches
2026-02-24 12:02:02 DEBUG com.abcbs.crrs.jobs.P09360.P09360FileWriter - Detail line written for member R59258533 (refundType=PER): 02/11/26  715    SHIPMAN        CAROLYN      R59258533     EST  02/11/26           $49.80
2026-02-24 12:02:02 INFO  com.abcbs.crrs.jobs.P09360.P09360FileWriter - act amount:49.80
2026-02-24 12:02:02 DEBUG com.abcbs.crrs.jobs.P09360.P09360FileWriter - Processing record: RefundType=PER, ControlDate=2026-02-11, ControlNbr=715, ActAmt=-00000004980
2026-02-24 12:02:02 INFO  com.abcbs.crrs.jobs.P09360.P09360FileWriter - Full Record: P09GlDedsRecord(p09deds_julian=26042, p09deds_hhmmsss=1436068, filler=2900, gl_p09deds_id=01, gl_refund_type=PER, gl_control_date=2026-02-11, gl_control_nbr=715, gl_receipt_type=PA, gl_bank_acct_nbr=, gl_acct_nbr=280000000000, gl_act_code=EST, gl_act_amt=-00000004980, gl_act_date=2026-02-11, gl_report_mo=02, gl_report_yr=26, gl_patient_ln=SHIPMAN, gl_patient_fn=CAROLYN, gl_mbr_id_nbr=R59258533, gl_xref_type=, gl_xref_claim_nbr=, gl_xref_date=, gl_cash_rec_bal=00000004980, gl_corp=01, gl_filler=)
2026-02-24 12:02:02 DEBUG com.abcbs.crrs.jobs.P09360.P09360FileWriter - Suppressing refundType in detail line for record on page 20: prevRefundType matches
2026-02-24 12:02:02 DEBUG com.abcbs.crrs.jobs.P09360.P09360FileWriter - Suppressing detail fields: controlDate, controlNbr, actCode, actDate, patient names for record
2026-02-24 12:02:02 DEBUG com.abcbs.crrs.jobs.P09360.P09360FileWriter - Detail line written for member R59258533 (refundType=PER): $49.80-
2026-02-24 12:02:02 INFO  com.abcbs.crrs.jobs.P09360.P09360FileWriter - act amount:-49.80
2026-02-24 12:02:02 INFO  com.abcbs.crrs.jobs.P09360.P09360FileWriter - Closing report writer.
2026-02-24 12:02:02 INFO  com.abcbs.crrs.jobs.P09360.P09360FileWriter - Writing final type+date totals: refundType=PER, reportDate=02/26
2026-02-24 12:02:02 INFO  com.abcbs.crrs.jobs.P09360.P09360FileWriter - Writing type+date total: RefundType=PER, ReportDate=02/26, Count=32, Total=0.00, Debits=7492.76, Credits=7492.76
2026-02-24 12:02:02 INFO  com.abcbs.crrs.jobs.P09360.P09360FileWriter - Writing final type totals for refundType=PER
2026-02-24 12:02:02 INFO  com.abcbs.crrs.jobs.P09360.P09360FileWriter - Writing type total: RefundType=PER, Count=32, Total=0.00, Debits=7492.76, Credits=7492.76
2026-02-24 12:02:02 INFO  com.abcbs.crrs.jobs.P09360.P09360FileWriter - Writing grand totals
2026-02-24 12:02:02 INFO  com.abcbs.crrs.jobs.P09360.P09360FileWriter - Writing grand totals: Count=240, Total=0.00, Debits=53260.79, Credits=53260.79
2026-02-24 12:02:02 INFO  com.abcbs.crrs.jobs.P09360.P09360FileWriter - Report file closed successfully.
2026-02-24 12:02:02 INFO  com.abcbs.crrs.jobs.P09360.P09360FileWriter - Closing report writer.
2026-02-24 12:02:02 WARN  com.abcbs.crrs.jobs.P09360.P09360FileWriter - Writer already closed. Skipping close operations.
2026-02-24 12:02:02 INFO  com.abcbs.crrs.config.JobLauncherRunner - Job P09360 finished with status COMPLETED
